,state,city,station,last_update,latitude,longitude,pollutant_id,pollutant_min,pollutant_max,pollutant_avg
India,Andhra_Pradesh,Vijayawada,"Rajiv Nagar, Vijayawada - APPCB",7/12/2025 11:00,16.554731,80.64911,CO,29,60,41
India,Andhra_Pradesh,Visakhapatnam,"GVM Corporation, Visakhapatnam - APPCB",7/12/2025 11:00,17.72,83.3,PM2.5,143,237,194
India,Andhra_Pradesh,Visakhapatnam,"GVM Corporation, Visakhapatnam - APPCB",7/12/2025 11:00,17.72,83.3,OZONE,30,76,48
India,Arunachal_Pradesh,Naharlagun,"Naharlagun, Naharlagun - APSPCB",7/12/2025 11:00,27.103358,93.679645,PM2.5,18,358,132
India,Assam,Byrnihat,"Central Academy for SFS, Byrnihat - PCBA",7/12/2025 11:00,26.071318,91.87488,SO2,5,8,6
India,Assam,Byrnihat,"Central Academy for SFS, Byrnihat - PCBA",7/12/2025 11:00,26.071318,91.87488,CO,38,62,50
India,Assam,Byrnihat,"Central Academy for SFS, Byrnihat - PCBA",7/12/2025 11:00,26.071318,91.87488,OZONE,15,23,17
India,Assam,Guwahati,"IITG, Guwahati - PCBA",7/12/2025 11:00,26.2028636,91.70046436,CO,8,32,19
India,Assam,Guwahati,"LGBI Airport, Guwahati - PCBA",7/12/2025 11:00,26.10887,91.589544,PM2.5,55,344,239
India,Assam,Guwahati,"Pan Bazaar, Guwahati - PCBA",7/12/2025 11:00,26.1875,91.744194,SO2,21,41,29
India,Assam,Guwahati,"Railway Colony, Guwahati - PCBA",7/12/2025 11:00,26.181742,91.78063,PM2.5,44,341,206
India,Assam,Guwahati,"Railway Colony, Guwahati - PCBA",7/12/2025 11:00,26.181742,91.78063,NO2,3,4,3
India,Assam,Nagaon,"Christianpatty, Nagaon - PCBA",7/12/2025 11:00,26.349082,92.68449,NO2,1,1,1
India,Assam,Nagaon,"Christianpatty, Nagaon - PCBA",7/12/2025 11:00,26.349082,92.68449,CO,21,24,23
India,Assam,Nagaon,"Christianpatty, Nagaon - PCBA",7/12/2025 11:00,26.349082,92.68449,OZONE,9,9,9
India,Assam,Nalbari,"Bata Chowk, Nalbari - PCBA",7/12/2025 11:00,26.446912,91.439057,PM2.5,28,392,254
India,Assam,Nalbari,"Bata Chowk, Nalbari - PCBA",7/12/2025 11:00,26.446912,91.439057,NH3,5,6,6
India,Assam,Nalbari,"Bata Chowk, Nalbari - PCBA",7/12/2025 11:00,26.446912,91.439057,CO,10,22,20
India,Assam,Silchar,"Tarapur, Silchar - PCBA",7/12/2025 11:00,24.82827,92.79525,PM10,50,65,57
India,Assam,Silchar,"Tarapur, Silchar - PCBA",7/12/2025 11:00,24.82827,92.79525,SO2,5,7,6
India,Assam,Sivasagar,"Girls College, Sivasagar - PCBA",7/12/2025 11:00,26.987634,94.636574,NO2,24,40,30
India,Bihar,Araria,"Kharahiya Basti, Araria - BSPCB",7/12/2025 11:00,26.146529,87.454184,SO2,NA,NA,NA
India,Bihar,Araria,"Kharahiya Basti, Araria - BSPCB",7/12/2025 11:00,26.146529,87.454184,CO,15,88,58
India,Bihar,Arrah,"New DM Office, Arrah - BSPCB",7/12/2025 11:00,25.5626095,84.663264,NO2,4,8,7
India,Bihar,Arrah,"New DM Office, Arrah - BSPCB",7/12/2025 11:00,25.5626095,84.663264,CO,27,62,51
India,Andhra_Pradesh,Chittoor,"Gangineni Cheruvu, Chittoor - APPCB",7/12/2025 11:00,13.20488,79.097889,OZONE,52,60,56
India,Andhra_Pradesh,Kadapa,"Yerramukkapalli, Kadapa - APPCB",7/12/2025 11:00,14.465052,78.824187,PM10,35,118,73
India,Andhra_Pradesh,Kadapa,"Yerramukkapalli, Kadapa - APPCB",7/12/2025 11:00,14.465052,78.824187,SO2,11,18,12
India,Andhra_Pradesh,Kadapa,"Yerramukkapalli, Kadapa - APPCB",7/12/2025 11:00,14.465052,78.824187,OZONE,20,32,21
India,Andhra_Pradesh,Tirumala,"Toll Gate, Tirumala - APPCB",7/12/2025 11:00,13.67,79.35,PM2.5,144,310,221
India,Andhra_Pradesh,Tirumala,"Toll Gate, Tirumala - APPCB",7/12/2025 11:00,13.67,79.35,PM10,85,127,106
India,Andhra_Pradesh,Tirumala,"Toll Gate, Tirumala - APPCB",7/12/2025 11:00,13.67,79.35,NO2,15,31,20
India,Andhra_Pradesh,Tirumala,"Toll Gate, Tirumala - APPCB",7/12/2025 11:00,13.67,79.35,CO,2,58,26
India,Bihar,Gaya,"Collectorate, Gaya - BSPCB",7/12/2025 11:00,24.7955,84.9994,PM2.5,64,313,162
India,Bihar,Gaya,"Collectorate, Gaya - BSPCB",7/12/2025 11:00,24.7955,84.9994,NO2,9,9,9
India,Bihar,Gaya,"Kareemganj, Gaya - BSPCB",7/12/2025 11:00,24.792403,84.992416,NO2,2,8,5
India,Bihar,Gaya,"Kareemganj, Gaya - BSPCB",7/12/2025 11:00,24.792403,84.992416,SO2,15,18,16
India,Bihar,Gaya,"Kareemganj, Gaya - BSPCB",7/12/2025 11:00,24.792403,84.992416,OZONE,1,30,9
India,Bihar,Hajipur,"Industrial Area, Hajipur - BSPCB",7/12/2025 11:00,25.697189,85.2459,PM2.5,85,239,161
India,Bihar,Hajipur,"Industrial Area, Hajipur - BSPCB",7/12/2025 11:00,25.697189,85.2459,CO,43,144,81
India,Bihar,Hajipur,"Industrial Area, Hajipur - BSPCB",7/12/2025 11:00,25.697189,85.2459,OZONE,21,136,46
India,Bihar,Katihar,"Mirchaibari, Katihar - BSPCB",7/12/2025 11:00,25.560083,87.553265,NH3,1,1,1
India,Bihar,Kishanganj,"SDM Office_Khagra, Kishanganj - BSPCB",7/12/2025 11:00,26.0881305,87.93840336,OZONE,15,18,17
India,Bihar,Manguraha,"Forest Rest House, Manguraha - BSPCB",7/12/2025 11:00,27.308328,84.531742,NO2,4,13,7
India,Bihar,Manguraha,"Forest Rest House, Manguraha - BSPCB",7/12/2025 11:00,27.308328,84.531742,SO2,16,17,16
India,Bihar,Munger,"Town Hall, Munger - BSPCB",7/12/2025 11:00,25.376776,86.471523,PM2.5,80,220,148
India,Bihar,Bhagalpur,"Mayaganj, Bhagalpur - BSPCB",7/12/2025 11:00,25.265194,87.012947,NO2,7,9,7
India,Bihar,Bhagalpur,"Mayaganj, Bhagalpur - BSPCB",7/12/2025 11:00,25.265194,87.012947,NH3,10,17,13
India,Bihar,Bihar Sharif,"D M Colony, Bihar Sharif - BSPCB",7/12/2025 11:00,25.204762,85.51496,SO2,10,10,10
India,Bihar,Buxar,"Charitra Van, Buxar - BSPCB",7/12/2025 11:00,25.56752,83.966379,PM10,86,157,125
India,Bihar,Chhapra,"Darshan Nagar, Chhapra - BSPCB",7/12/2025 11:00,25.7808257,84.7446768,CO,8,17,9
India,Andhra_Pradesh,Vijayawada,"HB Colony, Vijayawada - APPCB",7/12/2025 11:00,16.536107,80.594233,NO2,19,19,19
India,Andhra_Pradesh,Vijayawada,"HB Colony, Vijayawada - APPCB",7/12/2025 11:00,16.536107,80.594233,NH3,4,5,5
India,Andhra_Pradesh,Vijayawada,"HB Colony, Vijayawada - APPCB",7/12/2025 11:00,16.536107,80.594233,OZONE,54,112,54
India,Andhra_Pradesh,Vijayawada,"Kanuru, Vijayawada - APPCB",7/12/2025 11:00,16.486692,80.699436,SO2,15,19,16
India,Andhra_Pradesh,Vijayawada,"Kanuru, Vijayawada - APPCB",7/12/2025 11:00,16.486692,80.699436,CO,30,52,44
India,Andhra_Pradesh,Vijayawada,"Rajiv Nagar, Vijayawada - APPCB",7/12/2025 11:00,16.554731,80.64911,NO2,6,6,6
India,Andaman and Nicobar,Sri Vijaya Puram,"Police Line, Sri Vijaya Puram - ANPCC",7/12/2025 11:00,11.654054,92.734055,OZONE,3,332,4
India,Andhra_Pradesh,Amaravati,"Secretariat, Amaravati - APPCB",7/12/2025 11:00,16.5150833,80.5181667,NH3,2,5,3
India,Andhra_Pradesh,Amaravati,"Secretariat, Amaravati - APPCB",7/12/2025 11:00,16.5150833,80.5181667,SO2,1,7,4
India,Andhra_Pradesh,Anantapur,"Gulzarpet, Anantapur - APPCB",7/12/2025 11:00,14.675886,77.593027,SO2,NA,NA,NA
India,Bihar,Bettiah,"Kamalnath Nagar, Bettiah - BSPCB",7/12/2025 11:00,26.80365,84.51954,PM2.5,33,230,99
India,Bihar,Bhagalpur,"DM Office_Kachari Chowk, Bhagalpur - BSPCB",7/12/2025 11:00,25.251013,86.989001,PM2.5,67,322,147
India,Bihar,Muzaffarpur,"Buddha Colony, Muzaffarpur - BSPCB",7/12/2025 11:00,26.11442,85.39813,PM10,59,115,92
India,Bihar,Muzaffarpur,"MIT-Daudpur Kothi, Muzaffarpur - BSPCB",7/12/2025 11:00,26.1403345,85.3650192,CO,31,64,50
India,Bihar,Muzaffarpur,"Muzaffarpur Collectorate, Muzaffarpur - BSPCB",7/12/2025 11:00,26.1209,85.3647,PM2.5,78,123,104
India,Bihar,Muzaffarpur,"Muzaffarpur Collectorate, Muzaffarpur - BSPCB",7/12/2025 11:00,26.1209,85.3647,NO2,7,17,11
India,Bihar,Muzaffarpur,"Muzaffarpur Collectorate, Muzaffarpur - BSPCB",7/12/2025 11:00,26.1209,85.3647,SO2,4,9,6
India,Bihar,Muzaffarpur,"Muzaffarpur Collectorate, Muzaffarpur - BSPCB",7/12/2025 11:00,26.1209,85.3647,OZONE,12,50,13
India,Bihar,Patna,"DRM Office Danapur, Patna - BSPCB",7/12/2025 11:00,25.586562,85.043586,PM2.5,81,207,134
India,Bihar,Patna,"DRM Office Danapur, Patna - BSPCB",7/12/2025 11:00,25.586562,85.043586,SO2,8,11,9
India,Chhattisgarh,Bhilai,"Hathkhoj, Bhilai - CECB",7/12/2025 11:00,21.224231,81.40835,PM10,46,199,114
India,Chhattisgarh,Bilaspur,"Mangala, Bilaspur - NTPC",7/12/2025 11:00,22.08815,82.13737,PM2.5,49,153,75
India,Chhattisgarh,Bilaspur,"Mangala, Bilaspur - NTPC",7/12/2025 11:00,22.08815,82.13737,PM10,62,133,85
India,Chhattisgarh,Bilaspur,"Mangala, Bilaspur - NTPC",7/12/2025 11:00,22.08815,82.13737,NO2,27,93,41
India,Chhattisgarh,Chhal,"Nawapara SECL Colony, Chhal - CECB",7/12/2025 11:00,22.118125,83.140608,PM10,41,93,63
India,Chhattisgarh,Korba,"Rampur, Korba - CECB",7/12/2025 11:00,22.368195,82.746431,PM10,72,86,85
India,Chhattisgarh,Korba,"Urja Nagar, Korba - CECB",7/12/2025 11:00,22.348441,82.549611,PM10,92,93,93
India,Chhattisgarh,Korba,"Urja Nagar, Korba - CECB",7/12/2025 11:00,22.348441,82.549611,NO2,43,61,49
India,Chhattisgarh,Korba,"Urja Nagar, Korba - CECB",7/12/2025 11:00,22.348441,82.549611,SO2,1,17,10
India,Chhattisgarh,Korba,"Urja Nagar, Korba - CECB",7/12/2025 11:00,22.348441,82.549611,OZONE,35,36,36
India,Chhattisgarh,Kunjemura,"OP Jindal School, Kunjemura - CECB",7/12/2025 11:00,22.12665,83.483212,PM2.5,22,41,34
India,Chhattisgarh,Kunjemura,"OP Jindal School, Kunjemura - CECB",7/12/2025 11:00,22.12665,83.483212,CO,10,36,30
India,Chhattisgarh,Kunjemura,"OP Jindal School, Kunjemura - CECB",7/12/2025 11:00,22.12665,83.483212,OZONE,1,47,8
India,Chhattisgarh,Milupara,"Govt. Higher Secondary School, Milupara - CECB",7/12/2025 11:00,22.1910172,83.5197009,PM2.5,42,105,69
India,Chhattisgarh,Raipur,"AIIMS, Raipur - CECB",7/12/2025 11:00,21.258815,81.578979,NH3,NA,NA,NA
India,Chhattisgarh,Raipur,"AIIMS, Raipur - CECB",7/12/2025 11:00,21.258815,81.578979,OZONE,NA,NA,NA
India,Bihar,Patna,"Rajbansi Nagar, Patna - BSPCB",7/12/2025 11:00,25.599486,85.113666,SO2,6,8,7
India,Bihar,Patna,"Samanpura, Patna - BSPCB",7/12/2025 11:00,25.596727,85.085624,NO2,20,22,21
India,Bihar,Purnia,"Mariam Nagar, Purnia - BSPCB",7/12/2025 11:00,25.366336,87.117468,PM2.5,28,127,74
India,Bihar,Purnia,"Mariam Nagar, Purnia - BSPCB",7/12/2025 11:00,25.366336,87.117468,NO2,5,7,6
India,Bihar,Rajgir,"Dangi Tola, Rajgir - BSPCB",7/12/2025 11:00,25.0328,85.41948,NO2,NA,NA,NA
India,Bihar,Rajgir,"Dangi Tola, Rajgir - BSPCB",7/12/2025 11:00,25.0328,85.41948,SO2,NA,NA,NA
India,Bihar,Saharsa,"Police Line, Saharsa - BSPCB",7/12/2025 11:00,25.892357,86.590325,PM2.5,39,226,102
India,Bihar,Saharsa,"Police Line, Saharsa - BSPCB",7/12/2025 11:00,25.892357,86.590325,NO2,6,8,7
India,Chhattisgarh,Raipur,"Bhatagaon New ISBT, Raipur - CECB",7/12/2025 11:00,21.219665,81.630094,OZONE,3,6,3
India,Chhattisgarh,Raipur,"Siltara Phase-II, Raipur - CECB",7/12/2025 11:00,21.371751,81.664929,PM2.5,24,82,48
India,Chhattisgarh,Raipur,"Siltara Phase-II, Raipur - CECB",7/12/2025 11:00,21.371751,81.664929,SO2,1,5,4
India,Chhattisgarh,Tumidih,"OP Jindal Industrial Park, Tumidih - CECB",7/12/2025 11:00,22.06631475,83.33820077,NO2,58,95,70
India,Delhi,Delhi,"Alipur, Delhi - DPCC",7/12/2025 11:00,28.815329,77.15301,PM2.5,110,354,284
India,Bihar,Patna,"Govt. High School Shikarpur, Patna - BSPCB",7/12/2025 11:00,25.592539,85.227158,NO2,18,48,30
India,Bihar,Patna,"Govt. High School Shikarpur, Patna - BSPCB",7/12/2025 11:00,25.592539,85.227158,CO,37,110,77
India,Bihar,Patna,"IGSC Planetarium Complex, Patna - BSPCB",7/12/2025 11:00,25.610369,85.132568,CO,34,64,49
India,Bihar,Patna,"Muradpur, Patna - BSPCB",7/12/2025 11:00,25.619651,85.147382,SO2,7,9,8
India,Bihar,Patna,"Rajbansi Nagar, Patna - BSPCB",7/12/2025 11:00,25.599486,85.113666,PM2.5,67,176,124
India,Bihar,Patna,"Rajbansi Nagar, Patna - BSPCB",7/12/2025 11:00,25.599486,85.113666,NO2,13,128,62
India,Bihar,Samastipur,"DM Office_Kasipur, Samastipur - BSPCB",7/12/2025 11:00,25.859655,85.77944,PM2.5,28,88,60
India,Bihar,Samastipur,"DM Office_Kasipur, Samastipur - BSPCB",7/12/2025 11:00,25.859655,85.77944,NO2,7,11,9
India,Bihar,Samastipur,"DM Office_Kasipur, Samastipur - BSPCB",7/12/2025 11:00,25.859655,85.77944,OZONE,7,8,8
India,Bihar,Sasaram,"Dada Peer, Sasaram - BSPCB",7/12/2025 11:00,24.952822,84.002396,SO2,3,6,4
India,Chandigarh,Chandigarh,"Sector 22, Chandigarh - CPCC",7/12/2025 11:00,30.735567,76.775714,PM2.5,83,319,227
India,Chandigarh,Chandigarh,"Sector 22, Chandigarh - CPCC",7/12/2025 11:00,30.735567,76.775714,OZONE,11,107,28
India,Chandigarh,Chandigarh,"Sector-25, Chandigarh - CPCC",7/12/2025 11:00,30.751462,76.762879,CO,36,64,47
India,Chandigarh,Chandigarh,"Sector-53, Chandigarh - CPCC",7/12/2025 11:00,30.719859,76.738637,NH3,6,10,8
India,Chandigarh,Chandigarh,"Sector-53, Chandigarh - CPCC",7/12/2025 11:00,30.719859,76.738637,SO2,6,13,10
India,Chhattisgarh,Bhilai,"32Bungalows, Bhilai - CECB",7/12/2025 11:00,21.194815,81.31477,NH3,1,3,2
India,Delhi,Delhi,"Bawana, Delhi - DPCC",7/12/2025 11:00,28.7762,77.051074,NH3,4,6,5
India,Delhi,Delhi,"Bawana, Delhi - DPCC",7/12/2025 11:00,28.7762,77.051074,CO,46,102,59
India,Delhi,Delhi,"Burari Crossing, Delhi - IMD",7/12/2025 11:00,28.7256504,77.2011573,OZONE,14,294,33
India,Delhi,Delhi,"CRRI Mathura Road, Delhi - IMD",7/12/2025 11:00,28.5512005,77.2735737,PM10,152,256,194
India,Delhi,Delhi,"CRRI Mathura Road, Delhi - IMD",7/12/2025 11:00,28.5512005,77.2735737,OZONE,10,70,17
India,Delhi,Delhi,"DTU, Delhi - CPCB",7/12/2025 11:00,28.7500499,77.1112615,PM2.5,133,408,321
India,Delhi,Delhi,"DTU, Delhi - CPCB",7/12/2025 11:00,28.7500499,77.1112615,PM10,123,261,193
India,Delhi,Delhi,"DTU, Delhi - CPCB",7/12/2025 11:00,28.7500499,77.1112615,SO2,31,36,33
India,Delhi,Delhi,"Dr. Karni Singh Shooting Range, Delhi - DPCC",7/12/2025 11:00,28.498571,77.26484,PM10,157,300,215
India,Delhi,Delhi,"Dr. Karni Singh Shooting Range, Delhi - DPCC",7/12/2025 11:00,28.498571,77.26484,NO2,82,128,102
India,Delhi,Delhi,"Dr. Karni Singh Shooting Range, Delhi - DPCC",7/12/2025 11:00,28.498571,77.26484,NH3,8,10,9
India,Delhi,Delhi,"Dwarka-Sector 8, Delhi - DPCC ",7/12/2025 11:00,28.5710274,77.0719006,PM10,149,305,206
India,Delhi,Delhi,"Dwarka-Sector 8, Delhi - DPCC ",7/12/2025 11:00,28.5710274,77.0719006,SO2,22,35,28
India,Delhi,Delhi,"IGI Airport (T3), Delhi - IMD",7/12/2025 11:00,28.5627763,77.1180053,NO2,44,120,82
India,Delhi,Delhi,"IHBAS, Dilshad Garden, Delhi - CPCB",7/12/2025 11:00,28.6811736,77.3025234,NO2,37,96,64
India,Delhi,Delhi,"IHBAS, Dilshad Garden, Delhi - CPCB",7/12/2025 11:00,28.6811736,77.3025234,NH3,9,11,10
India,Delhi,Delhi,"IHBAS, Dilshad Garden, Delhi - CPCB",7/12/2025 11:00,28.6811736,77.3025234,OZONE,25,30,27
India,Delhi,Delhi,"ITO, Delhi - CPCB",7/12/2025 11:00,28.628624,77.24106,NO2,56,111,77
India,Delhi,Delhi,"Najafgarh, Delhi - DPCC",7/12/2025 11:00,28.570173,76.933762,NO2,61,84,74
India,Delhi,Delhi,"Najafgarh, Delhi - DPCC",7/12/2025 11:00,28.570173,76.933762,NH3,15,18,16
India,Delhi,Delhi,"Najafgarh, Delhi - DPCC",7/12/2025 11:00,28.570173,76.933762,CO,34,54,43
India,Delhi,Delhi,"Narela, Delhi - DPCC",7/12/2025 11:00,28.822836,77.101981,PM10,130,241,189
India,Delhi,Delhi,"Nehru Nagar, Delhi - DPCC",7/12/2025 11:00,28.56789,77.250515,CO,105,116,106
India,Delhi,Delhi,"North Campus, DU, Delhi - IMD",7/12/2025 11:00,28.6573814,77.1585447,PM2.5,180,358,310
India,Delhi,Delhi,"Mandir Marg, Delhi - DPCC",7/12/2025 11:00,28.636429,77.201067,CO,51,124,64
India,Delhi,Delhi,"Mundka, Delhi - DPCC",7/12/2025 11:00,28.684678,77.076574,NH3,9,14,12
India,Delhi,Delhi,"Mundka, Delhi - DPCC",7/12/2025 11:00,28.684678,77.076574,CO,36,83,61
India,Delhi,Delhi,"Mundka, Delhi - DPCC",7/12/2025 11:00,28.684678,77.076574,OZONE,4,102,17
India,Delhi,Delhi,"NSIT Dwarka, Delhi - CPCB",7/12/2025 11:00,28.60909,77.0325413,NH3,9,21,15
India,Delhi,Delhi,"NSIT Dwarka, Delhi - CPCB",7/12/2025 11:00,28.60909,77.0325413,SO2,8,30,13
India,Delhi,Delhi,"Patparganj, Delhi - DPCC",7/12/2025 11:00,28.623763,77.287209,PM10,162,335,228
India,Delhi,Delhi,"Patparganj, Delhi - DPCC",7/12/2025 11:00,28.623763,77.287209,NH3,7,16,10
India,Delhi,Delhi,"Patparganj, Delhi - DPCC",7/12/2025 11:00,28.623763,77.287209,OZONE,2,220,18
India,Delhi,Delhi,"Punjabi Bagh, Delhi - DPCC",7/12/2025 11:00,28.674045,77.131023,PM2.5,200,397,319
India,Delhi,Delhi,"Punjabi Bagh, Delhi - DPCC",7/12/2025 11:00,28.674045,77.131023,SO2,10,26,19
India,Delhi,Delhi,"Rohini, Delhi - DPCC",7/12/2025 11:00,28.732528,77.11992,NH3,11,16,14
India,Delhi,Delhi,"Rohini, Delhi - DPCC",7/12/2025 11:00,28.732528,77.11992,CO,19,66,43
India,Delhi,Delhi,"Shadipur, Delhi - CPCB",7/12/2025 11:00,28.6514781,77.1473105,NO2,56,89,66
India,Delhi,Delhi,"Sirifort, Delhi - CPCB",7/12/2025 11:00,28.5504249,77.2159377,PM10,163,411,231
India,Delhi,Delhi,"Jahangirpuri, Delhi - DPCC",7/12/2025 11:00,28.73282,77.170633,PM2.5,163,378,332
India,Delhi,Delhi,"Jahangirpuri, Delhi - DPCC",7/12/2025 11:00,28.73282,77.170633,PM10,156,309,236
India,Delhi,Delhi,"Jahangirpuri, Delhi - DPCC",7/12/2025 11:00,28.73282,77.170633,NH3,8,10,9
India,Delhi,Delhi,"Jawaharlal Nehru Stadium, Delhi - DPCC",7/12/2025 11:00,28.58028,77.233829,CO,28,106,52
India,Delhi,Delhi,"Major Dhyan Chand National Stadium, Delhi - DPCC",7/12/2025 11:00,28.611281,77.237738,NH3,17,23,21
India,Delhi,Delhi,"Mandir Marg, Delhi - DPCC",7/12/2025 11:00,28.636429,77.201067,NH3,5,8,7
India,Delhi,Delhi,"R K Puram, Delhi - DPCC",7/12/2025 11:00,28.563262,77.186937,NO2,27,133,80
India,Delhi,Delhi,"R K Puram, Delhi - DPCC",7/12/2025 11:00,28.563262,77.186937,NH3,5,8,6
India,Haryana,Charkhi Dadri,"Mini Secretariat, Charkhi Dadri - HSPCB",7/12/2025 11:00,28.593883,76.270653,SO2,10,12,11
India,Haryana,Dharuhera,"Municipal Corporation Office, Dharuhera -  HSPCB",7/12/2025 11:00,28.2068,76.7997,PM2.5,6,348,271
India,Haryana,Dharuhera,"Municipal Corporation Office, Dharuhera -  HSPCB",7/12/2025 11:00,28.2068,76.7997,SO2,5,20,8
India,Haryana,Dharuhera,"Municipal Corporation Office, Dharuhera -  HSPCB",7/12/2025 11:00,28.2068,76.7997,OZONE,2,73,11
India,Haryana,Faridabad,"New Industrial Town, Faridabad - HSPCB",7/12/2025 11:00,28.39072,77.30059,CO,10,12,11
India,Haryana,Faridabad,"New Industrial Town, Faridabad - HSPCB",7/12/2025 11:00,28.39072,77.30059,OZONE,26,34,29
India,Haryana,Faridabad,"Sector 11, Faridabad - HSPCB",7/12/2025 11:00,28.376058,77.315741,PM2.5,76,310,166
India,Gujarat,Surat,"Science Center, Surat - SMC",7/12/2025 11:00,21.170046,72.795405,PM2.5,15,74,43
India,Gujarat,Surat,"Science Center, Surat - SMC",7/12/2025 11:00,21.170046,72.795405,SO2,33,37,35
India,Gujarat,Vapi,"Phase-1 GIDC, Vapi - GPCB",7/12/2025 11:00,20.362421,72.918013,NO2,2,16,9
India,Gujarat,Vatva,"Phase-4 GIDC, Vatva - GPCB",7/12/2025 11:00,22.969611,72.6435,CO,8,38,11
India,Gujarat,Vatva,"Phase-4 GIDC, Vatva - GPCB",7/12/2025 11:00,22.969611,72.6435,OZONE,19,47,19
India,Haryana,Ambala,"Patti Mehar, Ambala - HSPCB",7/12/2025 11:00,30.379589,76.778328,PM10,101,218,147
India,Delhi,Delhi,"Sirifort, Delhi - CPCB",7/12/2025 11:00,28.5504249,77.2159377,SO2,32,36,34
India,Delhi,Delhi,"Sirifort, Delhi - CPCB",7/12/2025 11:00,28.5504249,77.2159377,OZONE,17,28,17
India,Delhi,Delhi,"Sonia Vihar, Delhi - DPCC",7/12/2025 11:00,28.710508,77.249485,NO2,26,90,53
India,Delhi,Delhi,"Sonia Vihar, Delhi - DPCC",7/12/2025 11:00,28.710508,77.249485,CO,74,112,91
India,Delhi,Delhi,"Vivek Vihar, Delhi - DPCC",7/12/2025 11:00,28.672342,77.31526,SO2,11,23,16
India,Delhi,Delhi,"Vivek Vihar, Delhi - DPCC",7/12/2025 11:00,28.672342,77.31526,CO,28,91,64
India,Delhi,Delhi,"Wazirpur, Delhi - DPCC",7/12/2025 11:00,28.699793,77.165453,PM2.5,214,375,336
India,Haryana,Ballabgarh,"Nathu Colony, Ballabgarh - HSPCB",7/12/2025 11:00,28.3419248,77.319699,PM2.5,160,346,288
India,Haryana,Ballabgarh,"Nathu Colony, Ballabgarh - HSPCB",7/12/2025 11:00,28.3419248,77.319699,PM10,125,335,233
India,Haryana,Ballabgarh,"Nathu Colony, Ballabgarh - HSPCB",7/12/2025 11:00,28.3419248,77.319699,NO2,19,21,20
India,Haryana,Ballabgarh,"Nathu Colony, Ballabgarh - HSPCB",7/12/2025 11:00,28.3419248,77.319699,NH3,3,3,3
India,Haryana,Ballabgarh,"Nathu Colony, Ballabgarh - HSPCB",7/12/2025 11:00,28.3419248,77.319699,SO2,5,12,8
India,Haryana,Bhiwani,"H.B. Colony, Bhiwani - HSPCB",7/12/2025 11:00,28.806223,76.141105,PM10,116,236,134
India,Haryana,Bhiwani,"H.B. Colony, Bhiwani - HSPCB",7/12/2025 11:00,28.806223,76.141105,NH3,1,9,8
India,Haryana,Bhiwani,"H.B. Colony, Bhiwani - HSPCB",7/12/2025 11:00,28.806223,76.141105,SO2,12,13,12
India,Haryana,Fatehabad,"Huda Sector, Fatehabad - HSPCB",7/12/2025 11:00,29.503664,75.467934,PM2.5,175,304,238
India,Haryana,Fatehabad,"Huda Sector, Fatehabad - HSPCB",7/12/2025 11:00,29.503664,75.467934,NO2,18,20,19
India,Haryana,Fatehabad,"Huda Sector, Fatehabad - HSPCB",7/12/2025 11:00,29.503664,75.467934,CO,25,34,27
India,Haryana,Gurugram,"NISE Gwal Pahari, Gurugram - IMD",7/12/2025 11:00,28.422681,77.148944,CO,12,54,38
India,Haryana,Gurugram,"NISE Gwal Pahari, Gurugram - IMD",7/12/2025 11:00,28.422681,77.148944,OZONE,7,78,19
India,Gujarat,Ahmedabad,"Raikhad, Ahmedabad - IITM",7/12/2025 11:00,23.020509,72.579261,NH3,5,8,6
India,Gujarat,Ahmedabad,"Rakhial, Ahmedabad - IITM",7/12/2025 11:00,23.016834,72.625775,PM2.5,2,91,23
India,Gujarat,Ahmedabad,"Rakhial, Ahmedabad - IITM",7/12/2025 11:00,23.016834,72.625775,NH3,3,7,5
India,Gujarat,Ahmedabad,"SAC ISRO Bopal, Ahmedabad - IITM",7/12/2025 11:00,23.041137,72.456691,OZONE,5,64,14
India,Gujarat,Gandhinagar,"IIPHG Lekawada, Gandhinagar - IITM",7/12/2025 11:00,23.243639,72.68994,PM10,6,18,11
India,Gujarat,Gandhinagar,"IIPHG Lekawada, Gandhinagar - IITM",7/12/2025 11:00,23.243639,72.68994,NH3,2,3,2
India,Gujarat,Nandesari,"GIDC, Nandesari - Nandesari Ind. Association",7/12/2025 11:00,22.410802,73.097923,PM2.5,98,303,207
India,Gujarat,Ahmedabad,"Chandkheda, Ahmedabad - IITM",7/12/2025 11:00,23.107969,72.574648,CO,14,60,22
India,Gujarat,Ahmedabad,"Gyaspur, Ahmedabad - IITM",7/12/2025 11:00,22.977134,72.553024,NO2,42,77,48
India,Haryana,Bahadurgarh,"Arya Nagar, Bahadurgarh - HSPCB",7/12/2025 11:00,28.6701,76.9254,PM10,NA,NA,NA
India,Karnataka,Bengaluru,"City Railway Station, Bengaluru - KSPCB",7/12/2025 11:00,12.9756843,77.5660749,PM10,87,88,88
India,Karnataka,Bengaluru,"City Railway Station, Bengaluru - KSPCB",7/12/2025 11:00,12.9756843,77.5660749,SO2,11,18,15
India,Karnataka,Bengaluru,"Hebbal, Bengaluru - KSPCB",7/12/2025 11:00,13.029152,77.585901,NO2,NA,NA,NA
India,Karnataka,Bengaluru,"Hombegowda Nagar, Bengaluru - KSPCB",7/12/2025 11:00,12.938539,77.5901,CO,18,37,23
India,Karnataka,Bengaluru,"Hombegowda Nagar, Bengaluru - KSPCB",7/12/2025 11:00,12.938539,77.5901,OZONE,12,52,29
India,Karnataka,Bengaluru,"Jayanagar 5th Block, Bengaluru - KSPCB",7/12/2025 11:00,12.920984,77.584908,PM2.5,65,102,84
India,Karnataka,Bengaluru,"Jayanagar 5th Block, Bengaluru - KSPCB",7/12/2025 11:00,12.920984,77.584908,NO2,16,65,39
India,Karnataka,Bengaluru,"Jayanagar 5th Block, Bengaluru - KSPCB",7/12/2025 11:00,12.920984,77.584908,NH3,1,2,1
India,Jharkhand,Jorapokhar,"Tata Stadium, Jorapokhar - JSPCB",7/12/2025 11:00,23.707909,86.41467,PM2.5,NA,NA,NA
India,Karnataka,Bagalkot,"Vidayagiri, Bagalkot - KSPCB",7/12/2025 11:00,16.172806,75.659694,SO2,7,7,7
India,Karnataka,Bengaluru,"BTM Layout, Bengaluru - CPCB",7/12/2025 11:00,12.9135218,77.5950804,NO2,45,67,59
India,Karnataka,Bengaluru,"BTM Layout, Bengaluru - CPCB",7/12/2025 11:00,12.9135218,77.5950804,SO2,15,18,16
India,Karnataka,Bengaluru,"BWSSB Kadabesanahalli, Bengaluru - CPCB",7/12/2025 11:00,12.9352049,77.6814488,NH3,1,1,1
India,Haryana,Karnal,"Sector-12, Karnal - HSPCB",7/12/2025 11:00,29.6953,77.0027,PM2.5,150,301,234
India,Haryana,Karnal,"Sector-12, Karnal - HSPCB",7/12/2025 11:00,29.6953,77.0027,NH3,6,7,6
India,Haryana,Karnal,"Sector-12, Karnal - HSPCB",7/12/2025 11:00,29.6953,77.0027,SO2,20,54,33
India,Haryana,Kurukshetra,"Sector-7, Kurukshetra - HSPCB",7/12/2025 11:00,29.966942,76.875879,NH3,5,5,5
India,Haryana,Kurukshetra,"Sector-7, Kurukshetra - HSPCB",7/12/2025 11:00,29.966942,76.875879,CO,24,46,40
India,Haryana,Mandikhera,"General Hospital, Mandikhera(Nuh) - HSPCB",7/12/2025 11:00,27.9002,76.9938,SO2,32,36,34
India,Haryana,Sonipat,"Murthal, Sonipat - HSPCB",7/12/2025 11:00,29.0272,77.0621,NO2,27,56,42
India,Haryana,Yamuna Nagar,"Gobind Pura, Yamuna Nagar - HSPCB",7/12/2025 11:00,30.1480566,77.2893471,CO,24,108,63
India,Haryana,Yamuna Nagar,"Gobind Pura, Yamuna Nagar - HSPCB",7/12/2025 11:00,30.1480566,77.2893471,OZONE,8,33,19
India,Himachal Pradesh,Baddi,"HIMUDA Complex Phase-1, Baddi - HPPCB",7/12/2025 11:00,30.943887,76.801991,CO,50,109,76
India,Haryana,Manesar,"Sector-2 IMT, Manesar - HSPCB",7/12/2025 11:00,28.360699,76.93609,SO2,6,38,12
India,Haryana,Narnaul,"Shastri Nagar, Narnaul - HSPCB",7/12/2025 11:00,28.060249,76.113115,SO2,6,7,6
India,Haryana,Narnaul,"Shastri Nagar, Narnaul - HSPCB",7/12/2025 11:00,28.060249,76.113115,CO,17,40,29
India,Haryana,Narnaul,"Shastri Nagar, Narnaul - HSPCB",7/12/2025 11:00,28.060249,76.113115,OZONE,13,64,23
India,Haryana,Palwal,"Shyam Nagar, Palwal - HSPCB",7/12/2025 11:00,28.1485564,77.3320667,SO2,12,13,12
India,Haryana,Gurugram,"Teri Gram, Gurugram - HSPCB",7/12/2025 11:00,28.4275,77.1465,NH3,11,21,16
India,Haryana,Jind,"Police Lines, Jind - HSPCB",7/12/2025 11:00,29.307814,76.337619,NO2,36,51,43
India,Haryana,Jind,"Police Lines, Jind - HSPCB",7/12/2025 11:00,29.307814,76.337619,SO2,NA,NA,NA
India,Haryana,Jind,"Police Lines, Jind - HSPCB",7/12/2025 11:00,29.307814,76.337619,CO,16,129,99
India,Haryana,Kaithal,"Rishi Nagar, Kaithal - HSPCB",7/12/2025 11:00,29.8006,76.4155,PM2.5,NA,NA,NA
India,Karnataka,Bengaluru,"Kasturi Nagar, Bengaluru - KSPCB",7/12/2025 11:00,13.003872,77.664217,NO2,29,30,30
India,Karnataka,Bengaluru,"Peenya, Bengaluru - CPCB",7/12/2025 11:00,13.0270199,77.494094,PM10,50,64,55
India,Karnataka,Bengaluru,"Peenya, Bengaluru - CPCB",7/12/2025 11:00,13.0270199,77.494094,OZONE,25,26,25
India,Haryana,Panipat,"Sector-18, Panipat - HSPCB",7/12/2025 11:00,29.432304,76.972765,NH3,2,3,2
India,Haryana,Rohtak,"MD University, Rohtak - HSPCB",7/12/2025 11:00,28.52123,76.37138,CO,26,60,56
India,Karnataka,Bengaluru,"Jigani, Bengaluru - KSPCB",7/12/2025 11:00,12.7816279,77.6299145,SO2,17,19,17
India,Karnataka,Kalaburagi,"Lal Bahadur Shastri Nagar, Kalaburagi - KSPCB",7/12/2025 11:00,17.321993,76.822628,NO2,12,12,12
India,Karnataka,Kalaburagi,"Lal Bahadur Shastri Nagar, Kalaburagi - KSPCB",7/12/2025 11:00,17.321993,76.822628,SO2,53,55,54
India,Karnataka,Kalaburagi,"Mahatma Basaveswar Colony, Kalaburgi - KSPCB",7/12/2025 11:00,17.336318,76.847397,PM2.5,27,61,41
India,Karnataka,Koppal,"Diwator Nagar, Koppal - KSPCB",7/12/2025 11:00,15.34763,76.181767,PM10,64,91,74
India,Karnataka,Koppal,"Diwator Nagar, Koppal - KSPCB",7/12/2025 11:00,15.34763,76.181767,NO2,32,36,34
India,Karnataka,Madikeri,"Stuart Hill, Madikeri - KSPCB",7/12/2025 11:00,12.415911,75.73505,PM10,26,44,37
India,Karnataka,Mangalore,"Kadri, Mangalore - KSPCB",7/12/2025 11:00,12.88925,74.853,OZONE,4,43,25
India,Karnataka,Mysuru,"Hebbal 1st Stage, Mysuru - KSPCB",7/12/2025 11:00,12.21041,76.37376,PM10,68,99,84
India,Madhya Pradesh,Dewas,"Bhopal Chauraha, Dewas - MPPCB",7/12/2025 11:00,22.9682591,76.064118,PM10,82,215,121
India,Madhya Pradesh,Dewas,"Bhopal Chauraha, Dewas - MPPCB",7/12/2025 11:00,22.9682591,76.064118,NH3,2,3,2
India,Madhya Pradesh,Dewas,"Bhopal Chauraha, Dewas - MPPCB",7/12/2025 11:00,22.9682591,76.064118,SO2,50,55,52
India,Madhya Pradesh,Gwalior,"City Center, Gwalior - MPPCB",7/12/2025 11:00,26.203442,78.193251,NH3,2,5,4
India,Madhya Pradesh,Gwalior,"Deen Dayal Nagar, Gwalior - MPPCB",7/12/2025 11:00,26.259242,78.216432,PM2.5,67,371,190
India,Madhya Pradesh,Gwalior,"Deen Dayal Nagar, Gwalior - MPPCB",7/12/2025 11:00,26.259242,78.216432,OZONE,4,201,74
India,Madhya Pradesh,Indore,"Airport Area, Indore - IMC",7/12/2025 11:00,22.7289,75.8076,NO2,2,2,2
India,Karnataka,Mysuru,"Hebbal 1st Stage, Mysuru - KSPCB",7/12/2025 11:00,12.21041,76.37376,NO2,10,28,20
India,Karnataka,Mysuru,"Hebbal 1st Stage, Mysuru - KSPCB",7/12/2025 11:00,12.21041,76.37376,CO,14,36,23
India,Karnataka,Yadgir,"Collector Office, Yadgir - KSPCB",7/12/2025 11:00,16.7602,77.1428,NH3,1,2,1
India,Karnataka,Yadgir,"Collector Office, Yadgir - KSPCB",7/12/2025 11:00,16.7602,77.1428,SO2,8,17,12
India,Karnataka,Yadgir,"Collector Office, Yadgir - KSPCB",7/12/2025 11:00,16.7602,77.1428,OZONE,12,29,19
India,Kerala,Eloor,"Udyogamandal, Eloor - Kerala PCB",7/12/2025 11:00,10.073232,76.302765,PM10,56,105,72
India,Kerala,Eloor,"Udyogamandal, Eloor - Kerala PCB",7/12/2025 11:00,10.073232,76.302765,NO2,6,7,6
India,Kerala,Kannur,"Thavakkara, Kannur - Kerala PCB",7/12/2025 11:00,11.875,75.3732,SO2,4,9,5
India,Kerala,Thiruvananthapuram,"Kariavattom, Thiruvananthapuram - Kerala PCB",7/12/2025 11:00,8.5637,76.8865,NO2,6,13,9
India,Kerala,Thiruvananthapuram,"Kariavattom, Thiruvananthapuram - Kerala PCB",7/12/2025 11:00,8.5637,76.8865,CO,27,72,29
India,Kerala,Thiruvananthapuram,"Plammoodu, Thiruvananthapuram - Kerala PCB",7/12/2025 11:00,8.5149093,76.9435879,NH3,3,5,4
India,Karnataka,Chamarajanagar,"Urban, Chamarajanagar - KSPCB",7/12/2025 11:00,11.55358,76.55521,OZONE,21,37,26
India,Karnataka,Davanagere,"Devaraj Urs Badavane, Davanagere - KSPCB",7/12/2025 11:00,14.4758,75.9052,OZONE,19,21,20
India,Karnataka,Hubballi,"Lingaraj Nagar, Hubballi - KSPCB",7/12/2025 11:00,15.3714823,75.1160168,PM2.5,37,60,43
India,Karnataka,Hubballi,"Lingaraj Nagar, Hubballi - KSPCB",7/12/2025 11:00,15.3714823,75.1160168,NO2,7,11,10
India,Kerala,Thrissur,"Corporation Ground, Thrissur - Kerala PCB",7/12/2025 11:00,10.5324,76.2159,NO2,7,8,7
India,Madhya Pradesh,Bhopal,"Paryavaran Parisar, Bhopal - MPPCB",7/12/2025 11:00,23.210494,77.425409,PM2.5,47,423,235
India,Madhya Pradesh,Bhopal,"T T Nagar, Bhopal - MPPCB",7/12/2025 11:00,23.233584,77.400574,PM10,106,277,168
India,Madhya Pradesh,Indore,"Airport Area, Indore - IMC",7/12/2025 11:00,22.7289,75.8076,CO,6,10,8
India,Madhya Pradesh,Indore,"Airport Area, Indore - IMC",7/12/2025 11:00,22.7289,75.8076,OZONE,6,12,8
India,Madhya Pradesh,Indore,"Chhoti Gwaltoli, Indore - MPPCB",7/12/2025 11:00,22.431,75.5213,SO2,2,15,8
India,Madhya Pradesh,Indore,"Maguda Nagar, Indore - IMC",7/12/2025 11:00,22.7524,75.8872,OZONE,10,15,12
India,Karnataka,Bengaluru,"Silk Board, Bengaluru - KSPCB",7/12/2025 11:00,12.917348,77.622813,CO,44,102,56
India,Karnataka,Chamarajanagar,"Urban, Chamarajanagar - KSPCB",7/12/2025 11:00,11.55358,76.55521,PM10,44,64,47
India,Madhya Pradesh,Indore,"Residency Area, Indore - IMC",7/12/2025 11:00,22.7084,75.8815,PM10,35,91,58
India,Maharashtra,Chandrapur,"Chauhan Colony, Chandrapur - MPCB",7/12/2025 11:00,19.9629,79.298714,PM2.5,15,69,43
India,Maharashtra,Chandrapur,"Chauhan Colony, Chandrapur - MPCB",7/12/2025 11:00,19.9629,79.298714,PM10,115,207,150
India,Maharashtra,Chandrapur,"Chauhan Colony, Chandrapur - MPCB",7/12/2025 11:00,19.9629,79.298714,OZONE,22,22,22
India,Maharashtra,Chandrapur,"MIDC Khutala, Chandrapur - MPCB",7/12/2025 11:00,19.9775302,79.2337086,SO2,8,9,9
India,Maharashtra,Dhule,"Deopur, Dhule - MPCB",7/12/2025 11:00,20.918946,74.776388,CO,23,78,31
India,Maharashtra,Jalgaon,"Prabhat Colony, Jalgaon - MPCB",7/12/2025 11:00,21.001264,75.565602,PM10,83,219,131
India,Maharashtra,Jalna,"Old MIDC, Jalna - MPCB",7/12/2025 11:00,19.854616,75.905894,PM2.5,34,150,66
India,Madhya Pradesh,Jabalpur,"Govindh Bhavan Colony, Jabalpur - JMC",7/12/2025 11:00,23.163174,79.973061,PM2.5,43,103,74
India,Madhya Pradesh,Jabalpur,"Govindh Bhavan Colony, Jabalpur - JMC",7/12/2025 11:00,23.163174,79.973061,SO2,12,16,15
India,Madhya Pradesh,Jabalpur,"Govindh Bhavan Colony, Jabalpur - JMC",7/12/2025 11:00,23.163174,79.973061,CO,17,58,44
India,Madhya Pradesh,Jabalpur,"Gupteshwar, Jabalpur - JMC",7/12/2025 11:00,23.142888,79.916147,SO2,6,8,7
India,Madhya Pradesh,Jabalpur,"Marhatal, Jabalpur - MPPCB",7/12/2025 11:00,23.168606,79.932247,PM10,90,450,172
India,Madhya Pradesh,Jabalpur,"Marhatal, Jabalpur - MPPCB",7/12/2025 11:00,23.168606,79.932247,NO2,6,83,28
India,Madhya Pradesh,Jabalpur,"Marhatal, Jabalpur - MPPCB",7/12/2025 11:00,23.168606,79.932247,NH3,1,2,2
India,Madhya Pradesh,Jabalpur,"Marhatal, Jabalpur - MPPCB",7/12/2025 11:00,23.168606,79.932247,CO,24,109,35
India,Madhya Pradesh,Singrauli,"Suryakiran Bhawan NCL, Singrauli - MPPCB",7/12/2025 11:00,24.10897,82.64558,SO2,20,27,24
India,Maharashtra,Ahmednagar,"Tarakpur, Ahmednagar - MPCB",7/12/2025 11:00,19.10122,74.73339,PM10,64,109,85
India,Maharashtra,Amravati,"Shivneri Colony, Amravati - MPCB",7/12/2025 11:00,20.9402359,77.7895248,NO2,10,45,24
India,Maharashtra,Amravati,"Shivneri Colony, Amravati - MPCB",7/12/2025 11:00,20.9402359,77.7895248,OZONE,1,71,22
India,Maharashtra,Amravati,"Shri Shivaji Science College, Amravati - MPCB",7/12/2025 11:00,20.939198,77.765701,PM10,59,154,98
India,Maharashtra,Jalna,"Old MIDC, Jalna - MPCB",7/12/2025 11:00,19.854616,75.905894,NO2,8,24,14
India,Maharashtra,Jalna,"Old MIDC, Jalna - MPCB",7/12/2025 11:00,19.854616,75.905894,SO2,10,21,13
India,Maharashtra,Kalyan,"Khadakpada, Kalyan - MPCB",7/12/2025 11:00,19.25292,73.142019,PM2.5,29,265,92
India,Maharashtra,Kalyan,"Pimpleshwar Mandir, Kalyan - MPCB",7/12/2025 11:00,19.192056,72.9585188,OZONE,7,74,24
India,Maharashtra,Kolhapur,"Shivaji University, Kolhapur - MPCB",7/12/2025 11:00,16.6870449,74.2505872,PM10,88,151,117
India,Maharashtra,Kolhapur,"Shivaji University, Kolhapur - MPCB",7/12/2025 11:00,16.6870449,74.2505872,SO2,1,6,4
India,Maharashtra,Kolhapur,"Sinchan Bhavan, Kolhapur - MPCB",7/12/2025 11:00,16.7143745,74.2426398,NO2,13,51,30
India,Maharashtra,Latur,"Sawe Wadi, Latur - MPCB",7/12/2025 11:00,18.39963,76.57452,OZONE,28,103,51
India,Maharashtra,Mahad,"Kamble Tarf Birwadi, Mahad - MPCB",7/12/2025 11:00,18.1023399,73.4783687,PM10,60,160,103
India,Maharashtra,Badlapur,"Katrap, Badlapur - MPCB",7/12/2025 11:00,19.16485,73.23409,NH3,4,8,6
India,Maharashtra,Badlapur,"Katrap, Badlapur - MPCB",7/12/2025 11:00,19.16485,73.23409,CO,20,84,32
India,Maharashtra,Boisar,"Khaira, Boisar - MPCB",7/12/2025 11:00,19.786089,72.757971,PM2.5,26,67,46
India,Maharashtra,Boisar,"Khaira, Boisar - MPCB",7/12/2025 11:00,19.786089,72.757971,NO2,6,53,22
India,Maharashtra,Boisar,"Khaira, Boisar - MPCB",7/12/2025 11:00,19.786089,72.757971,SO2,23,49,32
India,Maharashtra,Boisar,"Khaira, Boisar - MPCB",7/12/2025 11:00,19.786089,72.757971,CO,17,52,27
India,Madhya Pradesh,Sagar,"Deen Dayal Nagar, Sagar - MPPCB",7/12/2025 11:00,23.8640158,78.80289321,PM10,31,158,105
India,Madhya Pradesh,Sagar,"Deen Dayal Nagar, Sagar - MPPCB",7/12/2025 11:00,23.8640158,78.80289321,SO2,5,14,8
India,Madhya Pradesh,Satna,"Bandhavgar Colony, Satna - Birla Cement",7/12/2025 11:00,24.58434363,80.8549414,PM2.5,44,48,45
India,Madhya Pradesh,Satna,"Bandhavgar Colony, Satna - Birla Cement",7/12/2025 11:00,24.58434363,80.8549414,CO,24,76,31
India,Madhya Pradesh,Satna,"Bandhavgar Colony, Satna - Birla Cement",7/12/2025 11:00,24.58434363,80.8549414,OZONE,2,48,10
India,Maharashtra,Amravati,"Shri Shivaji Science College, Amravati - MPCB",7/12/2025 11:00,20.939198,77.765701,SO2,NA,NA,NA
India,Maharashtra,Aurangabad,"More Chowk Waluj, Aurangabad - MPCB",7/12/2025 11:00,19.8389439,75.244448,CO,14,111,76
India,Maharashtra,Aurangabad,"More Chowk Waluj, Aurangabad - MPCB",7/12/2025 11:00,19.8389439,75.244448,OZONE,25,30,28
India,Maharashtra,Aurangabad,"Rachnakar Colony, Aurangabad - MPCB",7/12/2025 11:00,19.863756,75.321188,NH3,2,5,3
India,Madhya Pradesh,Jabalpur,"Suhagi, Jabalpur - JMC",7/12/2025 11:00,23.218135,79.95777,NO2,27,153,61
India,Madhya Pradesh,Jabalpur,"Suhagi, Jabalpur - JMC",7/12/2025 11:00,23.218135,79.95777,SO2,6,8,7
India,Madhya Pradesh,Katni,"Gole Bazar, Katni - MPPCB",7/12/2025 11:00,23.50016,80.23284,OZONE,11,151,29
India,Madhya Pradesh,Mandideep,"Sector-D Industrial Area, Mandideep - MPPCB",7/12/2025 11:00,23.10844,77.511428,NO2,33,155,86
India,Maharashtra,Mumbai,"Khindipada-Bhandup West, Mumbai - IITM",7/12/2025 11:00,19.1653323,72.922099,PM10,73,132,108
India,Maharashtra,Mumbai,"Kurla, Mumbai - MPCB",7/12/2025 11:00,19.0863,72.8888,PM10,88,124,102
India,Maharashtra,Mumbai,"Kurla, Mumbai - MPCB",7/12/2025 11:00,19.0863,72.8888,CO,14,24,20
India,Maharashtra,Mumbai,"Malad West, Mumbai - IITM",7/12/2025 11:00,19.19709,72.82204,PM2.5,63,151,90
India,Maharashtra,Mumbai,"Malad West, Mumbai - IITM",7/12/2025 11:00,19.19709,72.82204,SO2,2,10,6
India,Maharashtra,Mumbai,"Mazgaon, Mumbai - IITM",7/12/2025 11:00,18.96702,72.84214,NH3,15,27,20
India,Maharashtra,Mumbai,"Mazgaon, Mumbai - IITM",7/12/2025 11:00,18.96702,72.84214,CO,2,61,23
India,Maharashtra,Mumbai,"Sewri, Mumbai - BMC",7/12/2025 11:00,19.000084,72.85673,SO2,2,72,32
India,Maharashtra,Mumbai,"Siddharth Nagar-Worli, Mumbai - IITM",7/12/2025 11:00,19.000083,72.813993,NO2,51,106,80
India,Maharashtra,Mumbai,"Sion, Mumbai - MPCB",7/12/2025 11:00,19.047,72.8746,CO,8,16,13
India,Maharashtra,Mumbai,"Vile Parle West, Mumbai - MPCB",7/12/2025 11:00,19.10861,72.83622,PM10,104,147,119
India,Maharashtra,Mumbai,"Vile Parle West, Mumbai - MPCB",7/12/2025 11:00,19.10861,72.83622,SO2,22,59,45
India,Maharashtra,Mumbai,"Vile Parle West, Mumbai - MPCB",7/12/2025 11:00,19.10861,72.83622,CO,22,26,25
India,Maharashtra,Malegaon,"Mahesh Nagar, Malegaon - MPCB",7/12/2025 11:00,20.555712,74.529236,PM2.5,61,182,109
India,Maharashtra,Malegaon,"Mahesh Nagar, Malegaon - MPCB",7/12/2025 11:00,20.555712,74.529236,PM10,86,189,129
India,Maharashtra,Mumbai,"Bandra Kurla Complex, Mumbai - MPCB",7/12/2025 11:00,19.065931,72.862131,PM10,112,149,131
India,Maharashtra,Mumbai,"Borivali East, Mumbai - IITM",7/12/2025 11:00,19.23241,72.86895,PM10,88,138,109
India,Maharashtra,Mumbai,"Borivali East, Mumbai - IITM",7/12/2025 11:00,19.23241,72.86895,NH3,6,8,7
India,Maharashtra,Mumbai,"Worli, Mumbai - MPCB",7/12/2025 11:00,18.9936162,72.8128113,PM10,90,117,103
India,Maharashtra,Nagpur,"Ambazari, Nagpur - MPCB",7/12/2025 11:00,21.121801,79.04952,SO2,17,135,34
India,Maharashtra,Nagpur,"Ambazari, Nagpur - MPCB",7/12/2025 11:00,21.121801,79.04952,OZONE,1,100,39
India,Maharashtra,Nagpur,"Mahal, Nagpur - MPCB",7/12/2025 11:00,21.14472,79.107595,SO2,6,100,51
India,Maharashtra,Nagpur,"Mahal, Nagpur - MPCB",7/12/2025 11:00,21.14472,79.107595,OZONE,10,157,35
India,Maharashtra,Mumbai,"Deonar, Mumbai - IITM",7/12/2025 11:00,19.04946,72.923,PM10,96,168,128
India,Maharashtra,Mumbai,"Ghatkopar, Mumbai - BMC",7/12/2025 11:00,19.083694,72.920967,NO2,21,100,52
India,Maharashtra,Mumbai,"Ghatkopar, Mumbai - BMC",7/12/2025 11:00,19.083694,72.920967,CO,16,46,28
India,Maharashtra,Mumbai,"Kherwadi_Bandra East, Mumbai - MPCB",7/12/2025 11:00,19.0632143,72.8456324,CO,24,47,38
India,Maharashtra,Nanded,"Sneh Nagar, Nanded - MPCB",7/12/2025 11:00,19.173852,77.296291,PM10,75,127,100
India,Maharashtra,Nanded,"Sneh Nagar, Nanded - MPCB",7/12/2025 11:00,19.173852,77.296291,NO2,10,43,21
India,Maharashtra,Nashik,"Gangapur Road, Nashik - MPCB",7/12/2025 11:00,20.0073285,73.7762427,NH3,3,3,3
India,Maharashtra,Nashik,"Gangapur Road, Nashik - MPCB",7/12/2025 11:00,20.0073285,73.7762427,SO2,9,17,13
India,Maharashtra,Nashik,"MIDC Ambad, Nashik - MPCB",7/12/2025 11:00,19.95022,73.73148,PM10,92,137,110
India,Maharashtra,Nashik,"MIDC Ambad, Nashik - MPCB",7/12/2025 11:00,19.95022,73.73148,SO2,9,15,12
India,Maharashtra,Nashik,"MIDC Ambad, Nashik - MPCB",7/12/2025 11:00,19.95022,73.73148,CO,12,19,18
India,Maharashtra,Navi Mumbai,"Kopripada-Vashi, Navi Mumbai - MPCB",7/12/2025 11:00,19.090337,73.014232,SO2,19,28,23
India,Maharashtra,Mumbai,"Mulund West, Mumbai - MPCB",7/12/2025 11:00,19.175,72.9419,PM2.5,47,81,62
India,Maharashtra,Mumbai,"Powai, Mumbai - MPCB",7/12/2025 11:00,19.1375,72.915056,SO2,28,29,28
India,Maharashtra,Mumbai,"Powai, Mumbai - MPCB",7/12/2025 11:00,19.1375,72.915056,CO,15,15,15
India,Maharashtra,Mumbai,"Powai, Mumbai - MPCB",7/12/2025 11:00,19.1375,72.915056,OZONE,9,9,9
India,Maharashtra,Mumbai,"Byculla, Mumbai - BMC",7/12/2025 11:00,18.9767,72.838,PM2.5,83,140,108
India,Maharashtra,Mumbai,"Chembur, Mumbai - MPCB",7/12/2025 11:00,19.0364585,72.8954371,PM2.5,65,164,114
India,Maharashtra,Mumbai,"Chembur, Mumbai - MPCB",7/12/2025 11:00,19.0364585,72.8954371,OZONE,3,123,34
India,Nagaland,Kohima,"PWD Junction, Kohima - NPCB",7/12/2025 11:00,25.6635413,94.0989878,NO2,3,4,3
India,Nagaland,Kohima,"PWD Junction, Kohima - NPCB",7/12/2025 11:00,25.6635413,94.0989878,OZONE,5,13,7
India,Odisha,Angul,"Hakimapada, Angul - OSPCB",7/12/2025 11:00,20.832874,85.104082,PM10,91,163,121
India,Odisha,Angul,"Hakimapada, Angul - OSPCB",7/12/2025 11:00,20.832874,85.104082,NH3,4,9,7
India,Odisha,Angul,"Hakimapada, Angul - OSPCB",7/12/2025 11:00,20.832874,85.104082,OZONE,14,158,37
India,Odisha,Balasore,"Kalidaspur, Balasore - OSPCB",7/12/2025 11:00,21.51161,86.89088,NO2,10,110,38
India,Odisha,Barbil,"Forest Office, Barbil - OSPCB",7/12/2025 11:00,22.1166054,85.3945546,PM2.5,57,323,161
India,Odisha,Barbil,"Forest Office, Barbil - OSPCB",7/12/2025 11:00,22.1166054,85.3945546,PM10,67,184,116
India,Odisha,Barbil,"Forest Office, Barbil - OSPCB",7/12/2025 11:00,22.1166054,85.3945546,NH3,2,2,2
India,Maharashtra,Pune,"Savitribai Phule Pune University, Pune - MPCB",7/12/2025 11:00,18.547056,73.826908,CO,20,130,70
India,Maharashtra,Pune,"Transport Nagar-Nigdi, Pune - IITM",7/12/2025 11:00,18.664282,73.763966,PM2.5,52,243,132
India,Maharashtra,Sangli,"Vijay Nagar, Sangli - MPCB",7/12/2025 11:00,16.5038,74.3623,NO2,27,105,49
India,Maharashtra,Solapur,"Ratandeep Housing Society, Solapur - MPCB",7/12/2025 11:00,17.65439,75.90649,PM2.5,3,170,125
India,Maharashtra,Solapur,"Ratandeep Housing Society, Solapur - MPCB",7/12/2025 11:00,17.65439,75.90649,PM10,4,136,98
India,Maharashtra,Pimpri-Chinchwad,"Park Street Wakad, Pimpri Chinchwad - MPCB",7/12/2025 11:00,18.59051,73.77946,OZONE,2,101,16
India,Maharashtra,Pimpri-Chinchwad,"Savta Mali Nagar, Pimpri-Chinchwad - IITM",7/12/2025 11:00,18.614767,73.799516,PM10,107,189,141
India,Maharashtra,Pimpri-Chinchwad,"Savta Mali Nagar, Pimpri-Chinchwad - IITM",7/12/2025 11:00,18.614767,73.799516,CO,46,107,71
India,Maharashtra,Pimpri-Chinchwad,"Thergaon, Pimpri Chinchwad - MPCB",7/12/2025 11:00,18.616318,73.765797,CO,36,125,52
India,Maharashtra,Pune,"Bhumkar Nagar, Pune - IITM",7/12/2025 11:00,18.60577,73.749976,PM2.5,80,361,207
India,Odisha,Byasanagar,"Ferro Chrome Colony, Byasanagar - OSPCB",7/12/2025 11:00,20.94185,86.1151,NO2,11,74,21
India,Odisha,Byasanagar,"Ferro Chrome Colony, Byasanagar - OSPCB",7/12/2025 11:00,20.94185,86.1151,CO,4,90,19
India,Odisha,Keonjhar,"Jagamohanpur, Keonjhar - OSPCB",7/12/2025 11:00,21.6439,85.599355,PM10,82,188,127
India,Odisha,Nayagarh,"Dabuna, Nayagarh - OSPCB",7/12/2025 11:00,21.847279,85.416905,PM10,64,133,95
India,Odisha,Nayagarh,"Dabuna, Nayagarh - OSPCB",7/12/2025 11:00,21.847279,85.416905,NH3,6,7,6
India,Maharashtra,Parbhani,"Masoom Colony, Parbhani - MPCB",7/12/2025 11:00,19.265594,76.761463,OZONE,10,10,10
India,Maharashtra,Pimpri-Chinchwad,"Park Street Wakad, Pimpri Chinchwad - MPCB",7/12/2025 11:00,18.59051,73.77946,PM2.5,47,271,160
India,Maharashtra,Pimpri-Chinchwad,"Park Street Wakad, Pimpri Chinchwad - MPCB",7/12/2025 11:00,18.59051,73.77946,PM10,91,189,141
India,Maharashtra,Pimpri-Chinchwad,"Park Street Wakad, Pimpri Chinchwad - MPCB",7/12/2025 11:00,18.59051,73.77946,SO2,3,15,7
India,Maharashtra,Pimpri-Chinchwad,"Park Street Wakad, Pimpri Chinchwad - MPCB",7/12/2025 11:00,18.59051,73.77946,CO,24,123,63
India,Maharashtra,Pune,"Hadapsar, Pune - IITM",7/12/2025 11:00,18.501793,73.927532,CO,56,74,73
India,Maharashtra,Pune,"Katraj Dairy, Pune - MPCB",7/12/2025 11:00,18.45445,73.854155,PM2.5,29,105,56
India,Maharashtra,Pune,"Katraj Dairy, Pune - MPCB",7/12/2025 11:00,18.45445,73.854155,OZONE,NA,NA,NA
India,Maharashtra,Pune,"Mhada Colony, Pune - IITM",7/12/2025 11:00,18.57304,73.927715,CO,4,104,74
India,Maharashtra,Pune,"Revenue Colony-Shivajinagar, Pune - IITM",7/12/2025 11:00,18.530085,73.849598,NO2,35,144,84
India,Odisha,Barbil,"Forest Office, Barbil - OSPCB",7/12/2025 11:00,22.1166054,85.3945546,SO2,7,55,16
India,Odisha,Barbil,"Forest Office, Barbil - OSPCB",7/12/2025 11:00,22.1166054,85.3945546,CO,16,80,45
India,Odisha,Bhubaneswar,"Lingraj Mandir, Bhubaneswar - OSPCB",7/12/2025 11:00,20.24079,85.836784,PM10,96,355,170
India,Odisha,Brajrajnagar,"GM Office, Brajrajnagar - OSPCB",7/12/2025 11:00,21.8004996,83.8396977,PM10,48,198,99
India,Maharashtra,Navi Mumbai,"Sanpada, Navi Mumbai - MPCB",7/12/2025 11:00,19.0575752,73.0151367,NH3,2,8,6
India,Maharashtra,Navi Mumbai,"Sanpada, Navi Mumbai - MPCB",7/12/2025 11:00,19.0575752,73.0151367,OZONE,1,85,16
India,Maharashtra,Thane,"Kasarvadavali, Thane - MPCB",7/12/2025 11:00,19.26777,72.97182,PM2.5,46,91,66
India,Maharashtra,Thane,"Kasarvadavali, Thane - MPCB",7/12/2025 11:00,19.26777,72.97182,NH3,1,8,4
India,Rajasthan,Dungarpur,"Bhoiwada, Dungarpur - RSPCB",7/12/2025 11:00,23.837789,73.714926,OZONE,1,140,25
India,Rajasthan,Hanumangarh,"Housing Board, Hanumangarh - RSPCB",7/12/2025 11:00,29.61075,74.283608,PM10,77,204,123
India,Rajasthan,Jaipur,"Adarsh Nagar, Jaipur - RSPCB",7/12/2025 11:00,26.902909,75.836858,PM10,98,207,138
India,Rajasthan,Jaipur,"Mansarovar Sector-12, Jaipur - RSPCB",7/12/2025 11:00,26.843698,75.766894,PM2.5,80,328,236
India,Rajasthan,Jaipur,"Police Commissionerate, Jaipur - RSPCB",7/12/2025 11:00,26.9164092,75.7994901,PM2.5,63,225,116
India,Odisha,Suakati,"OMC Colony, Suakati - OSPCB",7/12/2025 11:00,21.606865,85.510538,CO,12,21,15
India,Odisha,Talcher,"Talcher Coalfields,Talcher - OSPCB",7/12/2025 11:00,20.9360711,85.1707021,OZONE,8,22,13
India,Puducherry,Puducherry,"Jawahar Nagar, Puducherry - PPCC",7/12/2025 11:00,11.9309,79.8027,OZONE,38,78,48
India,Punjab,Amritsar,"Golden Temple, Amritsar - PPCB",7/12/2025 11:00,31.62,74.876512,PM10,33,139,86
India,Punjab,Amritsar,"Golden Temple, Amritsar - PPCB",7/12/2025 11:00,31.62,74.876512,NO2,5,10,8
India,Punjab,Amritsar,"Golden Temple, Amritsar - PPCB",7/12/2025 11:00,31.62,74.876512,OZONE,32,44,38
India,Punjab,Jalandhar,"Civil Line, Jalandhar - PPCB",7/12/2025 11:00,31.321907,75.578914,PM2.5,75,194,138
India,Punjab,Jalandhar,"Civil Line, Jalandhar - PPCB",7/12/2025 11:00,31.321907,75.578914,PM10,99,162,136
India,Punjab,Khanna,"Kalal Majra, Khanna - PPCB",7/12/2025 11:00,30.736056,76.209694,PM10,111,208,153
India,Punjab,Ludhiana,"Punjab Agricultural University, Ludhiana - PPCB",7/12/2025 11:00,30.9028,75.8086,SO2,8,18,14
India,Rajasthan,Bhilwara,"Pratap Nagar, Bhilwara - RSPCB",7/12/2025 11:00,25.339605,74.618883,OZONE,2,50,9
India,Rajasthan,Bhiwadi,"RIICO Ind. Area III, Bhiwadi - RSPCB",7/12/2025 11:00,28.194909,76.862296,PM2.5,180,317,243
India,Rajasthan,Bhiwadi,"RIICO Ind. Area III, Bhiwadi - RSPCB",7/12/2025 11:00,28.194909,76.862296,SO2,5,12,9
India,Rajasthan,Bhiwadi,"Vasundhara Nagar_UIT, Bhiwadi - RSPCB",7/12/2025 11:00,28.207266,76.829265,PM2.5,72,326,189
India,Rajasthan,Bhiwadi,"Vasundhara Nagar_UIT, Bhiwadi - RSPCB",7/12/2025 11:00,28.207266,76.829265,NO2,30,126,63
India,Rajasthan,Bikaner,"MM Ground, Bikaner - RSPCB",7/12/2025 11:00,28.018792,73.292658,NO2,46,148,97
India,Rajasthan,Bundi,"New Colony, Bundi - RSPCB",7/12/2025 11:00,25.435774,75.644272,NO2,11,48,22
India,Rajasthan,Bundi,"New Colony, Bundi - RSPCB",7/12/2025 11:00,25.435774,75.644272,NH3,4,6,4
India,Rajasthan,Bundi,"New Colony, Bundi - RSPCB",7/12/2025 11:00,25.435774,75.644272,CO,23,53,27
India,Rajasthan,Chittorgarh,"Shastri Nagar, Chittorgarh - RSPCB",7/12/2025 11:00,24.892047,74.623527,SO2,1,116,34
India,Rajasthan,Ajmer,"Civil Lines,  Ajmer - RSPCB",7/12/2025 11:00,26.470859,74.646594,PM10,72,184,121
India,Rajasthan,Ajmer,"Civil Lines,  Ajmer - RSPCB",7/12/2025 11:00,26.470859,74.646594,NH3,3,4,4
India,Rajasthan,Alwar,"Moti Doongri, Alwar - RSPCB",7/12/2025 11:00,27.554793,76.611536,PM2.5,48,87,70
India,Rajasthan,Alwar,"Moti Doongri, Alwar - RSPCB",7/12/2025 11:00,27.554793,76.611536,PM10,73,126,99
India,Rajasthan,Alwar,"Moti Doongri, Alwar - RSPCB",7/12/2025 11:00,27.554793,76.611536,NO2,58,92,73
India,Rajasthan,Alwar,"Moti Doongri, Alwar - RSPCB",7/12/2025 11:00,27.554793,76.611536,SO2,18,61,36
India,Odisha,Rairangpur,"Divisional Forest Office, Rairangpur - OSPCB",7/12/2025 11:00,22.265816,86.174829,PM10,80,150,108
India,Odisha,Rourkela,"Raghunathpali, Rourkela - OSPCB",7/12/2025 11:00,22.220833,84.809444,PM2.5,74,301,154
India,Odisha,Rourkela,"Raghunathpali, Rourkela - OSPCB",7/12/2025 11:00,22.220833,84.809444,NH3,1,2,1
India,Odisha,Rourkela,"Sector-2, Rourkela - OSPCB",7/12/2025 11:00,22.245,84.88111111,PM2.5,65,108,80
India,Punjab,Mandi Gobindgarh,"RIMT University, Mandi Gobindgarh - PPCB",7/12/2025 11:00,30.649961,76.331442,NO2,23,24,24
India,Punjab,Patiala,"Model Town, Patiala - PPCB",7/12/2025 11:00,30.349388,76.366642,NH3,6,6,6
India,Punjab,Patiala,"Model Town, Patiala - PPCB",7/12/2025 11:00,30.349388,76.366642,CO,49,88,64
India,Rajasthan,Churu,"Subash Chowk, Churu - RSPCB",7/12/2025 11:00,28.296139,74.961696,NH3,7,9,8
India,Rajasthan,Dholpur,"Raja Ganj, Dholpur - RSPCB",7/12/2025 11:00,26.699557,77.898881,PM2.5,50,250,88
India,Rajasthan,Jaisalmer,"Sadar Bazar, Jaisalmer - RSPCB",7/12/2025 11:00,26.912329,70.909168,PM10,68,188,113
India,Rajasthan,Jaisalmer,"Sadar Bazar, Jaisalmer - RSPCB",7/12/2025 11:00,26.912329,70.909168,NH3,9,13,11
India,Rajasthan,Jaisalmer,"Sadar Bazar, Jaisalmer - RSPCB",7/12/2025 11:00,26.912329,70.909168,OZONE,8,96,57
India,Rajasthan,Jalore,"Mudtra Sili, Jalore - RSPCB",7/12/2025 11:00,25.344694,72.626208,PM10,65,197,114
India,Rajasthan,Jhalawar,"Rajlaxmi Nagar, Jhalawar - RSPCB",7/12/2025 11:00,24.588397,76.172782,PM2.5,50,326,115
India,Rajasthan,Jhalawar,"Rajlaxmi Nagar, Jhalawar - RSPCB",7/12/2025 11:00,24.588397,76.172782,NO2,48,80,64
India,Rajasthan,Jhunjhunu,"Indra Nagar, Jhunjhunu - RSPCB",7/12/2025 11:00,28.108988,75.386577,PM2.5,55,281,124
India,Rajasthan,Jhunjhunu,"Indra Nagar, Jhunjhunu - RSPCB",7/12/2025 11:00,28.108988,75.386577,NO2,13,90,42
India,Rajasthan,Jaipur,"RIICO Sitapura, Jaipur - RSPCB",7/12/2025 11:00,26.786682,75.827928,PM2.5,72,424,241
India,Rajasthan,Jaipur,"RIICO Sitapura, Jaipur - RSPCB",7/12/2025 11:00,26.786682,75.827928,PM10,107,451,226
India,Rajasthan,Jaipur,"RIICO Sitapura, Jaipur - RSPCB",7/12/2025 11:00,26.786682,75.827928,NH3,4,8,6
India,Rajasthan,Jaipur,"Sector-2 Murlipura, Jaipur - RSPCB",7/12/2025 11:00,26.960669,75.771817,NH3,3,52,14
India,Rajasthan,Jaipur,"Sector-2 Murlipura, Jaipur - RSPCB",7/12/2025 11:00,26.960669,75.771817,OZONE,3,98,25
India,Rajasthan,Jaipur,"Shastri Nagar, Jaipur - RSPCB",7/12/2025 11:00,26.9502929,75.730943,PM2.5,103,377,212
India,Rajasthan,Jaipur,"Shastri Nagar, Jaipur - RSPCB",7/12/2025 11:00,26.9502929,75.730943,NO2,57,131,91
India,Rajasthan,Jaipur,"Shastri Nagar, Jaipur - RSPCB",7/12/2025 11:00,26.9502929,75.730943,NH3,9,73,26
India,Rajasthan,Pratapgarh,"Pragati Nagar, Pratapgarh - RSPCB",7/12/2025 11:00,24.041198,74.780702,OZONE,19,156,40
India,Rajasthan,Sawai Madhopur,"Sahu Nagar, Sawai Madhopur - RSPCB",7/12/2025 11:00,26.031443,76.359327,PM2.5,51,352,128
India,Rajasthan,Sawai Madhopur,"Sahu Nagar, Sawai Madhopur - RSPCB",7/12/2025 11:00,26.031443,76.359327,NH3,6,9,8
India,Rajasthan,Sawai Madhopur,"Sahu Nagar, Sawai Madhopur - RSPCB",7/12/2025 11:00,26.031443,76.359327,SO2,2,17,5
India,Rajasthan,Sawai Madhopur,"Sahu Nagar, Sawai Madhopur - RSPCB",7/12/2025 11:00,26.031443,76.359327,OZONE,1,95,15
India,Rajasthan,Sikar,"Radhakishan Pura, Sikar - RSPCB",7/12/2025 11:00,27.608912,75.153302,NO2,22,149,75
India,Rajasthan,Sikar,"Radhakishan Pura, Sikar - RSPCB",7/12/2025 11:00,27.608912,75.153302,SO2,1,22,8
India,Rajasthan,Sri Ganganagar,"Old City, Sri Ganganagar - RSPCB",7/12/2025 11:00,29.931624,73.864511,SO2,1,8,4
India,Rajasthan,Sri Ganganagar,"Old City, Sri Ganganagar - RSPCB",7/12/2025 11:00,29.931624,73.864511,CO,22,136,58
India,Rajasthan,Tonk,"Shastri Nagar, Tonk - RSPCB",7/12/2025 11:00,26.159933,75.780517,OZONE,1,57,21
India,Rajasthan,Udaipur,"Ashok Nagar, Udaipur - RSPCB",7/12/2025 11:00,24.5886166,73.6321397,OZONE,4,61,15
India,Sikkim,Gangtok,"Zero Point GICI, Gangtok - SSPCB",7/12/2025 11:00,27.33853,88.614099,PM10,16,49,30
India,TamilNadu,Ariyalur,"Keelapalur, Ariyalur - TNPCB",7/12/2025 11:00,11.06825,79.07033,NO2,9,9,9
India,TamilNadu,Chennai,"Arumbakkam, Chennai - TNPCB",7/12/2025 11:00,13.0664,80.2112,NO2,NA,NA,NA
India,TamilNadu,Chennai,"Manali Village, Chennai - TNPCB",7/12/2025 11:00,13.1662,80.2584,PM10,97,130,112
India,TamilNadu,Chennai,"Manali Village, Chennai - TNPCB",7/12/2025 11:00,13.1662,80.2584,NO2,3,4,4
India,TamilNadu,Chennai,"Manali, Chennai - CPCB",7/12/2025 11:00,13.164544,80.26285,NH3,7,8,7
India,TamilNadu,Chennai,"Manali, Chennai - CPCB",7/12/2025 11:00,13.164544,80.26285,OZONE,10,13,11
India,Rajasthan,Kota,"Nayapura, Kota - RSPCB",7/12/2025 11:00,25.196024,75.855668,NH3,8,28,16
India,Rajasthan,Nagaur,"Karni Colony, Nagaur - RSPCB",7/12/2025 11:00,27.213494,73.734444,PM10,95,470,182
India,Rajasthan,Nagaur,"Karni Colony, Nagaur - RSPCB",7/12/2025 11:00,27.213494,73.734444,NH3,7,16,11
India,Rajasthan,Nagaur,"Karni Colony, Nagaur - RSPCB",7/12/2025 11:00,27.213494,73.734444,SO2,3,24,9
India,Rajasthan,Pali,"Indira Colony Vistar, Pali - RSPCB",7/12/2025 11:00,25.771061,73.340227,NO2,21,55,34
India,Rajasthan,Pali,"Indira Colony Vistar, Pali - RSPCB",7/12/2025 11:00,25.771061,73.340227,OZONE,6,29,12
India,Rajasthan,Jodhpur,"Collectorate, Jodhpur - RSPCB",7/12/2025 11:00,26.268249,73.0193853,PM2.5,31,350,105
India,Rajasthan,Jodhpur,"Jhalamand, Jodhpur - RSPCB",7/12/2025 11:00,26.215415,73.070156,NH3,2,10,5
India,Rajasthan,Jodhpur,"Jhalamand, Jodhpur - RSPCB",7/12/2025 11:00,26.215415,73.070156,OZONE,13,95,42
India,Rajasthan,Jodhpur,"Mandor, Jodhpur - RSPCB",7/12/2025 11:00,26.358805,73.047444,PM2.5,35,163,88
India,Rajasthan,Jodhpur,"Mandor, Jodhpur - RSPCB",7/12/2025 11:00,26.358805,73.047444,NH3,2,6,4
India,Rajasthan,Jodhpur,"Mandor, Jodhpur - RSPCB",7/12/2025 11:00,26.358805,73.047444,CO,14,42,32
India,Rajasthan,Jodhpur,"Samrat Ashok Udhyan, Jodhpur - RSPCB",7/12/2025 11:00,26.253384,72.976571,SO2,2,22,9
India,Rajasthan,Karauli,"Satyawati Vihar, Karauli - RSPCB",7/12/2025 11:00,26.506177,77.025989,NO2,15,73,32
India,Rajasthan,Karauli,"Satyawati Vihar, Karauli - RSPCB",7/12/2025 11:00,26.506177,77.025989,SO2,6,12,8
India,Rajasthan,Kota,"Dhanmandi, Kota - RSPCB",7/12/2025 11:00,25.16409,75.858137,PM2.5,47,392,174
India,Rajasthan,Kota,"Dhanmandi, Kota - RSPCB",7/12/2025 11:00,25.16409,75.858137,PM10,72,305,146
India,TamilNadu,Coimbatore,"PSG College of Arts and Science, Coimbatore - TNPCB",7/12/2025 11:00,11.0328,77.0349,NO2,10,11,10
India,TamilNadu,Coimbatore,"PSG College of Arts and Science, Coimbatore - TNPCB",7/12/2025 11:00,11.0328,77.0349,SO2,3,4,4
India,TamilNadu,Cuddalore,"Kudikadu, Cuddalore - TNPCB",7/12/2025 11:00,11.6829898,79.7532099,PM2.5,58,84,73
India,TamilNadu,Cuddalore,"Kudikadu, Cuddalore - TNPCB",7/12/2025 11:00,11.6829898,79.7532099,NO2,19,19,19
India,TamilNadu,Nagapattinam,"Velippalayam, Nagapattinam - TNPCB",7/12/2025 11:00,10.798548,79.838212,CO,8,28,25
India,TamilNadu,Ooty,"Bombay Castel, Ooty - TNPCB",7/12/2025 11:00,11.4068288,76.7138973,PM10,NA,NA,NA
India,TamilNadu,Perundurai,"SIPCOT Industrial Park, Perundurai - TNPCB",7/12/2025 11:00,11.258242,77.552761,PM10,64,171,109
India,TamilNadu,Perundurai,"SIPCOT Industrial Park, Perundurai - TNPCB",7/12/2025 11:00,11.258242,77.552761,NO2,12,15,13
India,TamilNadu,Perundurai,"SIPCOT Industrial Park, Perundurai - TNPCB",7/12/2025 11:00,11.258242,77.552761,CO,43,51,50
India,TamilNadu,Pudukottai,"SIPCOT Nathampannai, Pudukottai - TNPCB",7/12/2025 11:00,10.423417,78.784889,NH3,1,1,1
India,TamilNadu,Ramanathapuram,"Chalai Bazaar, Ramanathapuram - TNPCB",7/12/2025 11:00,9.36399,78.831977,PM10,17,79,43
India,Telangana,Hyderabad,"ICRISAT Patancheru, Hyderabad - TSPCB",7/12/2025 11:00,17.5184,78.278777,SO2,13,65,28
India,Telangana,Hyderabad,"IITH Kandi, Hyderabad - TSPCB",7/12/2025 11:00,17.585705,78.126199,PM2.5,32,137,85
India,Telangana,Hyderabad,"Kokapet, Hyderabad - TSPCB",7/12/2025 11:00,17.393559,78.339194,NO2,12,15,14
India,Telangana,Hyderabad,"Kokapet, Hyderabad - TSPCB",7/12/2025 11:00,17.393559,78.339194,NH3,2,3,2
India,Telangana,Hyderabad,"Kokapet, Hyderabad - TSPCB",7/12/2025 11:00,17.393559,78.339194,SO2,10,14,12
India,Telangana,Hyderabad,"Kokapet, Hyderabad - TSPCB",7/12/2025 11:00,17.393559,78.339194,CO,21,37,23
India,Telangana,Hyderabad,"Kompally Municipal Office, Hyderabad - TSPCB",7/12/2025 11:00,17.544899,78.486949,PM2.5,46,58,53
India,Telangana,Hyderabad,"Kompally Municipal Office, Hyderabad - TSPCB",7/12/2025 11:00,17.544899,78.486949,NO2,15,18,18
India,TamilNadu,Thoothukudi,"Meelavittan, Thoothukudi - TNPCB",7/12/2025 11:00,8.816428,78.099039,CO,38,60,46
India,TamilNadu,Thoothukudi,"Meelavittan, Thoothukudi - TNPCB",7/12/2025 11:00,8.816428,78.099039,OZONE,25,36,30
India,TamilNadu,Tirunelveli,"Municipal Corporation Office, Tirunelveli - TNPCB",7/12/2025 11:00,8.728442,77.6962,PM10,NA,NA,NA
India,TamilNadu,Tirupur,"Kumaran College, Tirupur - TNPCB",7/12/2025 11:00,11.0973603,77.3228673,NO2,7,8,7
India,TamilNadu,Tirupur,"Kumaran College, Tirupur - TNPCB",7/12/2025 11:00,11.0973603,77.3228673,SO2,3,5,5
India,TamilNadu,Vellore,"Vasanthapuram, Vellore - TNPCB",7/12/2025 11:00,12.909494,79.131861,OZONE,15,121,51
India,Telangana,Hyderabad,"Nacharam_TSIIC IALA, Hyderabad - TSPCB",7/12/2025 11:00,17.429398,78.569354,OZONE,32,33,33
India,Telangana,Hyderabad,"Ramachandrapuram, Hyderabad - TSPCB",7/12/2025 11:00,17.528544,78.286195,PM2.5,43,55,47
India,Telangana,Hyderabad,"Ramachandrapuram, Hyderabad - TSPCB",7/12/2025 11:00,17.528544,78.286195,NH3,3,3,3
India,Telangana,Hyderabad,"Sanathnagar, Hyderabad - TSPCB",7/12/2025 11:00,17.4559458,78.4332152,PM2.5,80,190,130
India,Telangana,Hyderabad,"Sanathnagar, Hyderabad - TSPCB",7/12/2025 11:00,17.4559458,78.4332152,CO,43,52,49
India,Telangana,Hyderabad,"Somajiguda, Hyderabad - TSPCB",7/12/2025 11:00,17.417094,78.457437,PM2.5,43,92,67
India,Telangana,Hyderabad,"Somajiguda, Hyderabad - TSPCB",7/12/2025 11:00,17.417094,78.457437,NO2,14,15,15
India,Telangana,Hyderabad,"Zoo Park, Hyderabad - TSPCB",7/12/2025 11:00,17.349694,78.451437,PM10,106,157,130
India,Tripura,Agartala,"Bardowali, Agartala - Tripura SPCB",7/12/2025 11:00,23.8175497,91.2726974,PM10,NA,NA,NA
India,Tripura,Agartala,"Bardowali, Agartala - Tripura SPCB",7/12/2025 11:00,23.8175497,91.2726974,NO2,NA,NA,NA
India,Tripura,Agartala,"Bardowali, Agartala - Tripura SPCB",7/12/2025 11:00,23.8175497,91.2726974,NH3,NA,NA,NA
India,Tripura,Agartala,"Bardowali, Agartala - Tripura SPCB",7/12/2025 11:00,23.8175497,91.2726974,OZONE,NA,NA,NA
India,Uttar_Pradesh,Agra,"Manoharpur, Agra - UPPCB",7/12/2025 11:00,27.23711,78.01936,SO2,47,70,57
India,Uttar_Pradesh,Baghpat,"Sardar Patel Inter College, Baghpat - UPPCB",7/12/2025 11:00,28.964949,77.278761,PM2.5,65,307,194
India,Uttar_Pradesh,Baghpat,"Sardar Patel Inter College, Baghpat - UPPCB",7/12/2025 11:00,28.964949,77.278761,CO,16,50,25
India,Uttar_Pradesh,Bareilly,"Civil Lines, Bareilly - UPPCB",7/12/2025 11:00,28.359581,79.414455,PM10,56,136,86
India,Uttar_Pradesh,Bareilly,"Civil Lines, Bareilly - UPPCB",7/12/2025 11:00,28.359581,79.414455,OZONE,15,72,42
India,Uttar_Pradesh,Bareilly,"Rajendra Nagar, Bareilly - UPPCB",7/12/2025 11:00,28.38910936,79.42963708,SO2,37,40,37
India,Uttar_Pradesh,Agra,"Sector-3B Avas Vikas Colony, Agra - UPPCB",7/12/2025 11:00,27.19412,77.96237,PM10,109,193,140
India,Uttar_Pradesh,Agra,"Sector-3B Avas Vikas Colony, Agra - UPPCB",7/12/2025 11:00,27.19412,77.96237,SO2,10,14,13
India,Uttar_Pradesh,Agra,"Sector-3B Avas Vikas Colony, Agra - UPPCB",7/12/2025 11:00,27.19412,77.96237,CO,7,31,14
India,Uttar_Pradesh,Agra,"Shahjahan Garden, Agra - UPPCB",7/12/2025 11:00,27.169338,78.03582,NO2,NA,NA,NA
India,Uttar_Pradesh,Agra,"Shastripuram, Agra - UPPCB",7/12/2025 11:00,27.19862,77.92066,PM2.5,44,101,74
India,TamilNadu,Cuddalore,"Semmandalam, Cuddalore - TNPCB",7/12/2025 11:00,11.7637683,79.7499835,NO2,1,13,6
India,TamilNadu,Karur,"Kamadenu Nagar, Karur - TNPCB",7/12/2025 11:00,10.96782,78.080882,SO2,14,15,15
India,TamilNadu,Madurai,"Uchapatti, Madurai - TNPCB",7/12/2025 11:00,9.865935,78.022669,NH3,7,9,9
India,TamilNadu,Madurai,"Uchapatti, Madurai - TNPCB",7/12/2025 11:00,9.865935,78.022669,OZONE,1,1,1
India,Telangana,Hyderabad,"Central University, Hyderabad - TSPCB",7/12/2025 11:00,17.460103,78.334361,NO2,28,140,65
India,Telangana,Hyderabad,"Central University, Hyderabad - TSPCB",7/12/2025 11:00,17.460103,78.334361,CO,23,54,37
India,Telangana,Hyderabad,"ECIL Kapra, Hyderabad - TSPCB",7/12/2025 11:00,17.470431,78.566959,PM10,NA,NA,NA
India,Telangana,Hyderabad,"ECIL Kapra, Hyderabad - TSPCB",7/12/2025 11:00,17.470431,78.566959,OZONE,28,30,29
India,Uttar_Pradesh,Ghaziabad,"Loni, Ghaziabad - UPPCB",7/12/2025 11:00,28.757294,77.278792,OZONE,9,78,28
India,Uttar_Pradesh,Ghaziabad,"Sanjay Nagar, Ghaziabad - UPPCB",7/12/2025 11:00,28.685382,77.453839,PM10,107,307,183
India,Uttar_Pradesh,Ghaziabad,"Sanjay Nagar, Ghaziabad - UPPCB",7/12/2025 11:00,28.685382,77.453839,NO2,58,146,87
India,Uttar_Pradesh,Ghaziabad,"Vasundhara, Ghaziabad - UPPCB",7/12/2025 11:00,28.6603346,77.3572563,SO2,1,30,16
India,Uttar_Pradesh,Gorakhpur,"Madan Mohan Malaviya University of Technology, Gorakhpur - UPPCB",7/12/2025 11:00,26.730136,83.433859,PM10,51,171,112
India,Uttar_Pradesh,Greater Noida,"Knowledge Park - III, Greater Noida - UPPCB",7/12/2025 11:00,28.47272,77.482,SO2,12,23,17
India,Uttar_Pradesh,Kanpur,"NSI Kalyanpur, Kanpur - UPPCB",7/12/2025 11:00,26.509954,80.249612,PM2.5,55,170,93
India,Uttar_Pradesh,Kanpur,"NSI Kalyanpur, Kanpur - UPPCB",7/12/2025 11:00,26.509954,80.249612,PM10,76,133,98
India,Uttar_Pradesh,Khurja,"Kalindi Kunj, Khurja - UPPCB",7/12/2025 11:00,28.2348927,77.8683002,PM2.5,74,285,208
India,Uttar_Pradesh,Khurja,"Kalindi Kunj, Khurja - UPPCB",7/12/2025 11:00,28.2348927,77.8683002,PM10,110,194,161
India,Uttar_Pradesh,Khurja,"Kalindi Kunj, Khurja - UPPCB",7/12/2025 11:00,28.2348927,77.8683002,SO2,14,15,15
India,Uttar_Pradesh,Lucknow,"B R Ambedkar University, Lucknow - UPPCB",7/12/2025 11:00,26.766433,80.927299,PM2.5,132,320,213
India,Uttar_Pradesh,Lucknow,"Kendriya Vidyalaya, Lucknow - CPCB",7/12/2025 11:00,26.906111,80.948222,PM2.5,127,370,221
India,Uttar_Pradesh,Lucknow,"Kendriya Vidyalaya, Lucknow - CPCB",7/12/2025 11:00,26.906111,80.948222,NO2,36,50,44
India,Uttar_Pradesh,Lucknow,"Kendriya Vidyalaya, Lucknow - CPCB",7/12/2025 11:00,26.906111,80.948222,OZONE,10,78,23
India,Uttar_Pradesh,Lucknow,"Kukrail Picnic Spot-1, Lucknow - UPPCB",7/12/2025 11:00,26.90723,80.98579,CO,12,20,15
India,Uttar_Pradesh,Lucknow,"Lalbagh, Lucknow - CPCB",7/12/2025 11:00,26.8458805,80.9365541,PM2.5,22,216,110
India,Uttar_Pradesh,Lucknow,"Lalbagh, Lucknow - CPCB",7/12/2025 11:00,26.8458805,80.9365541,NO2,33,43,37
India,Uttar_Pradesh,Noida,"Sector - 125, Noida - UPPCB",7/12/2025 11:00,28.5447608,77.3231257,CO,26,101,36
India,Uttar_Pradesh,Noida,"Sector-1, Noida - UPPCB",7/12/2025 11:00,28.5898,77.3101,PM10,190,349,242
India,Uttar_Pradesh,Noida,"Sector-1, Noida - UPPCB",7/12/2025 11:00,28.5898,77.3101,NH3,14,16,15
India,Uttar_Pradesh,Noida,"Sector-1, Noida - UPPCB",7/12/2025 11:00,28.5898,77.3101,OZONE,6,76,17
India,Uttar_Pradesh,Noida,"Sector-116, Noida - UPPCB",7/12/2025 11:00,28.56923,77.393848,NH3,15,23,19
India,Uttar_Pradesh,Noida,"Sector-116, Noida - UPPCB",7/12/2025 11:00,28.56923,77.393848,CO,30,107,38
India,Uttar_Pradesh,Moradabad,"Buddhi Vihar, Moradabad - UPPCB",7/12/2025 11:00,28.83526,78.7446,PM10,105,368,140
India,Uttar_Pradesh,Moradabad,"Eco Herbal Park, Moradabad - UPPCB",7/12/2025 11:00,28.840739,78.697531,PM2.5,218,335,286
India,Uttar_Pradesh,Moradabad,"Eco Herbal Park, Moradabad - UPPCB",7/12/2025 11:00,28.840739,78.697531,SO2,6,33,15
India,Uttar_Pradesh,Moradabad,"Employment Office, Moradabad - UPPCB",7/12/2025 11:00,28.88528,78.7388,PM2.5,94,297,170
India,Uttar_Pradesh,Moradabad,"Employment Office, Moradabad - UPPCB",7/12/2025 11:00,28.88528,78.7388,NO2,16,16,16
India,Uttar_Pradesh,Meerut,"Ganga Nagar, Meerut - UPPCB",7/12/2025 11:00,28.999264,77.7590354,PM2.5,98,324,189
India,Uttar_Pradesh,Meerut,"Ganga Nagar, Meerut - UPPCB",7/12/2025 11:00,28.999264,77.7590354,PM10,150,408,226
India,Uttar_Pradesh,Meerut,"Ganga Nagar, Meerut - UPPCB",7/12/2025 11:00,28.999264,77.7590354,NH3,2,6,4
India,Uttar_Pradesh,Meerut,"Ganga Nagar, Meerut - UPPCB",7/12/2025 11:00,28.999264,77.7590354,CO,18,98,32
India,Uttar_Pradesh,Meerut,"Jai Bhim Nagar, Meerut - UPPCB",7/12/2025 11:00,28.9535882,77.7622941,SO2,8,25,16
India,Uttar_Pradesh,Greater Noida,"Knowledge Park - V, Greater Noida - UPPCB",7/12/2025 11:00,28.557054,77.453663,PM2.5,204,363,320
India,Uttar_Pradesh,Hapur,"Anand Vihar, Hapur - UPPCB",7/12/2025 11:00,28.725645,77.749675,PM2.5,92,327,208
India,Uttar_Pradesh,Kanpur,"FTI Kidwai Nagar, Kanpur - UPPCB",7/12/2025 11:00,26.428282,80.327067,PM10,79,144,104
India,Uttar_Pradesh,Firozabad,"Nagla Bhau, Firozabad - UPPCB",7/12/2025 11:00,27.168897,78.37696,PM10,53,122,89
India,Uttar_Pradesh,Ghaziabad,"Indirapuram, Ghaziabad - UPPCB",7/12/2025 11:00,28.646233,77.358075,OZONE,7,72,26
India,Uttar_Pradesh,Ghaziabad,"Loni, Ghaziabad - UPPCB",7/12/2025 11:00,28.757294,77.278792,NH3,3,12,6
India,Uttar_Pradesh,Moradabad,"Jigar Colony, Moradabad - UPPCB",7/12/2025 11:00,28.856664,78.772638,SO2,12,66,42
India,Uttar_Pradesh,Moradabad,"Kashiram Nagar, Moradabad - UPPCB",7/12/2025 11:00,28.849399,78.742362,NH3,4,4,4
India,Uttar_Pradesh,Prayagraj,"Motilal Nehru NIT, Prayagraj - UPPCB",7/12/2025 11:00,25.494,81.863,PM2.5,76,213,120
India,Uttar_Pradesh,Prayagraj,"Motilal Nehru NIT, Prayagraj - UPPCB",7/12/2025 11:00,25.494,81.863,SO2,22,34,30
India,Uttar_Pradesh,Prayagraj,"Motilal Nehru NIT, Prayagraj - UPPCB",7/12/2025 11:00,25.494,81.863,CO,24,64,28
India,Uttar_Pradesh,Prayagraj,"Nagar Nigam, Prayagraj - UPPCB",7/12/2025 11:00,25.44919916,81.82735986,NH3,6,17,9
India,Uttar_Pradesh,Varanasi,"Ardhali Bazar, Varanasi - UPPCB",7/12/2025 11:00,25.3505986,82.9083074,CO,11,20,13
India,Uttar_Pradesh,Varanasi,"Bhelupur, Varanasi - UPPCB",7/12/2025 11:00,25.301778,82.996789,PM10,57,139,86
India,Uttar_Pradesh,Varanasi,"Bhelupur, Varanasi - UPPCB",7/12/2025 11:00,25.301778,82.996789,NO2,8,8,8
India,Uttar_Pradesh,Varanasi,"IESD Banaras Hindu University, Varanasi - UPPCB",7/12/2025 11:00,25.262326,82.995408,SO2,40,46,43
India,Uttar_Pradesh,Varanasi,"Maldahiya, Varanasi - UPPCB",7/12/2025 11:00,25.32393,82.99687,PM2.5,55,187,97
India,Uttar_Pradesh,Varanasi,"Maldahiya, Varanasi - UPPCB",7/12/2025 11:00,25.32393,82.99687,SO2,28,32,29
India,Uttar_Pradesh,Vrindavan,"Omex Eternity, Vrindavan - UPPCB",7/12/2025 11:00,27.571409,77.655757,PM2.5,27,88,50
India,Uttarakhand,Dehradun,"Doon University, Dehradun - UKPCB",7/12/2025 11:00,30.269444,78.044167,PM10,64,140,110
India,Uttarakhand,Kashipur,"Govt. Girls Inter College, Kashipur - UKPCB",7/12/2025 11:00,29.2124114,78.9611753,PM2.5,145,330,221
India,Uttarakhand,Kashipur,"Govt. Girls Inter College, Kashipur - UKPCB",7/12/2025 11:00,29.2124114,78.9611753,OZONE,1,4,1
India,Uttarakhand,Rishikesh,"Shivaji Nagar, Rishikesh - UKPCB",7/12/2025 11:00,30.075911,78.2859547,PM2.5,52,180,105
India,Uttarakhand,Rishikesh,"Shivaji Nagar, Rishikesh - UKPCB",7/12/2025 11:00,30.075911,78.2859547,PM10,62,133,101
India,Uttarakhand,Rishikesh,"Shivaji Nagar, Rishikesh - UKPCB",7/12/2025 11:00,30.075911,78.2859547,SO2,5,5,5
India,West_Bengal,Asansol,"Asansol Court Area, Asansol - WBPCB",7/12/2025 11:00,23.685297,86.945968,OZONE,11,56,30
India,West_Bengal,Asansol,"Evelyn Lodge, Asansol - WBPCB",7/12/2025 11:00,23.697936,86.944395,OZONE,7,58,22
India,West_Bengal,Asansol,"Mahabir Colliery, Asansol - WBPCB",7/12/2025 11:00,23.618183,87.105718,PM10,63,166,120
India,West_Bengal,Asansol,"Mahabir Colliery, Asansol - WBPCB",7/12/2025 11:00,23.618183,87.105718,NO2,11,61,35
India,West_Bengal,Asansol,"Mahabir Colliery, Asansol - WBPCB",7/12/2025 11:00,23.618183,87.105718,NH3,NA,NA,NA
India,West_Bengal,Asansol,"Trivenidevi Bhalotia College, Asansol - WBPCB",7/12/2025 11:00,23.616515,87.119133,NH3,6,7,6
India,West_Bengal,Asansol,"Trivenidevi Bhalotia College, Asansol - WBPCB",7/12/2025 11:00,23.616515,87.119133,SO2,3,7,4
India,West_Bengal,Asansol,"Trivenidevi Bhalotia College, Asansol - WBPCB",7/12/2025 11:00,23.616515,87.119133,CO,40,100,86
India,West_Bengal,Asansol,"Trivenidevi Bhalotia College, Asansol - WBPCB",7/12/2025 11:00,23.616515,87.119133,OZONE,1,38,9
India,West_Bengal,Barrackpore,"SVSPA Campus, Barrackpore - WBPCB",7/12/2025 11:00,22.7605581,88.3617589,OZONE,3,60,6
India,West_Bengal,Durgapur,"Mahishkapur Road_B-Zone, Durgapur - WBPCB",7/12/2025 11:00,23.567923,87.306843,PM2.5,63,242,135
India,West_Bengal,Durgapur,"Mahishkapur Road_B-Zone, Durgapur - WBPCB",7/12/2025 11:00,23.567923,87.306843,NO2,15,78,37
India,West_Bengal,Durgapur,"Mahishkapur Road_B-Zone, Durgapur - WBPCB",7/12/2025 11:00,23.567923,87.306843,CO,42,98,71
India,West_Bengal,Haldia,"Priyambada Housing Estate, Haldia - WBPCB",7/12/2025 11:00,22.06047,88.109737,NH3,4,5,5
India,West_Bengal,Haldia,"Priyambada Housing Estate, Haldia - WBPCB",7/12/2025 11:00,22.06047,88.109737,CO,32,72,49
India,West_Bengal,Howrah,"Belur Math, Howrah - WBPCB",7/12/2025 11:00,22.629801,88.352017,NH3,7,13,10
India,West_Bengal,Howrah,"Belur Math, Howrah - WBPCB",7/12/2025 11:00,22.629801,88.352017,SO2,12,32,17
India,West_Bengal,Howrah,"Botanical Garden, Howrah - WBPCB",7/12/2025 11:00,22.554954,88.292568,NO2,7,12,9
India,West_Bengal,Howrah,"Dasnagar, Howrah - WBPCB",7/12/2025 11:00,22.6025571,88.3105664,OZONE,18,110,36
India,West_Bengal,Howrah,"Ghusuri, Howrah - WBPCB",7/12/2025 11:00,22.611968,88.347422,PM10,94,252,141
India,West_Bengal,Howrah,"Ghusuri, Howrah - WBPCB",7/12/2025 11:00,22.611968,88.347422,CO,2,113,32
India,West_Bengal,Howrah,"Padmapukur, Howrah - WBPCB",7/12/2025 11:00,22.5687319,88.2797276,NO2,10,25,17
India,West_Bengal,Howrah,"Padmapukur, Howrah - WBPCB",7/12/2025 11:00,22.5687319,88.2797276,OZONE,3,100,25
India,West_Bengal,Kolkata,"Ballygunge, Kolkata - WBPCB",7/12/2025 11:00,22.5367507,88.3638022,NO2,28,66,47
India,West_Bengal,Kolkata,"Ballygunge, Kolkata - WBPCB",7/12/2025 11:00,22.5367507,88.3638022,NH3,7,13,9
India,West_Bengal,Kolkata,"Fort William, Kolkata - WBPCB",7/12/2025 11:00,22.55664,88.342674,PM10,124,261,172
India,West_Bengal,Kolkata,"Jadavpur, Kolkata - WBPCB",7/12/2025 11:00,22.49929,88.36917,SO2,6,9,7
India,West_Bengal,Kolkata,"Rabindra Bharati University, Kolkata - WBPCB",7/12/2025 11:00,22.627847,88.380669,PM2.5,99,328,194
India,West_Bengal,Kolkata,"Rabindra Sarobar, Kolkata - WBPCB",7/12/2025 11:00,22.51106,88.35142,SO2,8,48,19
India,West_Bengal,Siliguri,"Ward-32 Bapupara, Siliguri - WBPCB",7/12/2025 11:00,26.6879226,88.4152495,CO,26,109,43
India,West_Bengal,Siliguri,"Ward-32 Bapupara, Siliguri - WBPCB",7/12/2025 11:00,26.6879226,88.4152495,OZONE,10,89,18
India,Andaman and Nicobar,Sri Vijaya Puram,"Police Line, Sri Vijaya Puram - ANPCC",7/12/2025 11:00,11.654054,92.734055,NH3,2,2,2
India,Andaman and Nicobar,Sri Vijaya Puram,"Police Line, Sri Vijaya Puram - ANPCC",7/12/2025 11:00,11.654054,92.734055,SO2,NA,NA,NA
India,Andhra_Pradesh,Amaravati,"Secretariat, Amaravati - APPCB",7/12/2025 11:00,16.5150833,80.5181667,NO2,18,57,35
India,Andhra_Pradesh,Amaravati,"Secretariat, Amaravati - APPCB",7/12/2025 11:00,16.5150833,80.5181667,OZONE,4,62,25
India,Andhra_Pradesh,Anantapur,"Gulzarpet, Anantapur - APPCB",7/12/2025 11:00,14.675886,77.593027,PM2.5,45,326,135
India,Andhra_Pradesh,Anantapur,"Gulzarpet, Anantapur - APPCB",7/12/2025 11:00,14.675886,77.593027,OZONE,38,66,46
India,Andhra_Pradesh,Chittoor,"Gangineni Cheruvu, Chittoor - APPCB",7/12/2025 11:00,13.20488,79.097889,PM2.5,30,316,174
India,Andhra_Pradesh,Kadapa,"Yerramukkapalli, Kadapa - APPCB",7/12/2025 11:00,14.465052,78.824187,PM2.5,37,143,74
India,Assam,Sivasagar,"Girls College, Sivasagar - PCBA",7/12/2025 11:00,26.987634,94.636574,OZONE,4,73,18
India,Bihar,Araria,"Kharahiya Basti, Araria - BSPCB",7/12/2025 11:00,26.146529,87.454184,OZONE,9,12,10
India,Bihar,Arrah,"New DM Office, Arrah - BSPCB",7/12/2025 11:00,25.5626095,84.663264,PM2.5,65,257,170
India,Bihar,Arrah,"New DM Office, Arrah - BSPCB",7/12/2025 11:00,25.5626095,84.663264,SO2,8,10,10
India,Bihar,Aurangabad,"Gurdeo Nagar, Aurangabad - BSPCB",7/12/2025 11:00,24.75746,84.366208,CO,101,103,102
India,Bihar,Begusarai,"Lohiyanagar, Begusarai - BSPCB",7/12/2025 11:00,25.42742023,86.13886079,NH3,3,3,3
India,Bihar,Gaya,"SFTI Kusdihra, Gaya - BSPCB",7/12/2025 11:00,24.762518,84.982348,PM2.5,31,52,41
India,Bihar,Gaya,"SFTI Kusdihra, Gaya - BSPCB",7/12/2025 11:00,24.762518,84.982348,PM10,40,83,55
India,Bihar,Gaya,"SFTI Kusdihra, Gaya - BSPCB",7/12/2025 11:00,24.762518,84.982348,NO2,16,18,18
India,Bihar,Gaya,"SFTI Kusdihra, Gaya - BSPCB",7/12/2025 11:00,24.762518,84.982348,OZONE,7,99,13
India,Bihar,Katihar,"Mirchaibari, Katihar - BSPCB",7/12/2025 11:00,25.560083,87.553265,NO2,15,18,16
India,Bihar,Katihar,"Mirchaibari, Katihar - BSPCB",7/12/2025 11:00,25.560083,87.553265,CO,82,103,92
India,Bihar,Kishanganj,"SDM Office_Khagra, Kishanganj - BSPCB",7/12/2025 11:00,26.0881305,87.93840336,PM2.5,40,47,44
India,Bihar,Kishanganj,"SDM Office_Khagra, Kishanganj - BSPCB",7/12/2025 11:00,26.0881305,87.93840336,NO2,9,14,11
India,Assam,Byrnihat,"Central Academy for SFS, Byrnihat - PCBA",7/12/2025 11:00,26.071318,91.87488,PM2.5,141,313,248
India,Assam,Guwahati,"IITG, Guwahati - PCBA",7/12/2025 11:00,26.2028636,91.70046436,NO2,1,8,4
India,Assam,Guwahati,"IITG, Guwahati - PCBA",7/12/2025 11:00,26.2028636,91.70046436,SO2,23,28,24
India,Assam,Guwahati,"IITG, Guwahati - PCBA",7/12/2025 11:00,26.2028636,91.70046436,OZONE,2,33,10
India,Assam,Guwahati,"LGBI Airport, Guwahati - PCBA",7/12/2025 11:00,26.10887,91.589544,CO,23,45,34
India,Assam,Guwahati,"Pan Bazaar, Guwahati - PCBA",7/12/2025 11:00,26.1875,91.744194,CO,12,74,37
India,Bihar,Bettiah,"Kamalnath Nagar, Bettiah - BSPCB",7/12/2025 11:00,26.80365,84.51954,NO2,7,10,9
India,Bihar,Bhagalpur,"DM Office_Kachari Chowk, Bhagalpur - BSPCB",7/12/2025 11:00,25.251013,86.989001,PM10,66,190,109
India,Bihar,Bhagalpur,"DM Office_Kachari Chowk, Bhagalpur - BSPCB",7/12/2025 11:00,25.251013,86.989001,SO2,41,64,53
India,Bihar,Bhagalpur,"Mayaganj, Bhagalpur - BSPCB",7/12/2025 11:00,25.265194,87.012947,PM10,69,137,106
India,Bihar,Bihar Sharif,"D M Colony, Bihar Sharif - BSPCB",7/12/2025 11:00,25.204762,85.51496,PM10,32,140,93
India,Andhra_Pradesh,Rajamahendravaram,"Anand Kala Kshetram, Rajamahendravaram - APPCB",7/12/2025 11:00,16.9872867,81.7363176,CO,30,67,37
India,Andhra_Pradesh,Tirumala,"Toll Gate, Tirumala - APPCB",7/12/2025 11:00,13.67,79.35,SO2,5,7,6
India,Andhra_Pradesh,Tirupati,"Vaikuntapuram, Tirupati - APPCB",7/12/2025 11:00,13.615387,79.40923,PM2.5,43,54,50
India,Andhra_Pradesh,Tirupati,"Vaikuntapuram, Tirupati - APPCB",7/12/2025 11:00,13.615387,79.40923,NO2,14,17,15
India,Andhra_Pradesh,Tirupati,"Vaikuntapuram, Tirupati - APPCB",7/12/2025 11:00,13.615387,79.40923,NH3,3,4,3
India,Bihar,Buxar,"Charitra Van, Buxar - BSPCB",7/12/2025 11:00,25.56752,83.966379,NH3,3,3,3
India,Bihar,Chhapra,"Darshan Nagar, Chhapra - BSPCB",7/12/2025 11:00,25.7808257,84.7446768,PM10,92,210,149
India,Bihar,Chhapra,"Darshan Nagar, Chhapra - BSPCB",7/12/2025 11:00,25.7808257,84.7446768,OZONE,27,55,30
India,Bihar,Gaya,"Collectorate, Gaya - BSPCB",7/12/2025 11:00,24.7955,84.9994,CO,36,102,37
India,Bihar,Gaya,"Kareemganj, Gaya - BSPCB",7/12/2025 11:00,24.792403,84.992416,PM10,119,334,188
India,Andhra_Pradesh,Vijayawada,"HB Colony, Vijayawada - APPCB",7/12/2025 11:00,16.536107,80.594233,CO,40,45,43
India,Andhra_Pradesh,Vijayawada,"Kanuru, Vijayawada - APPCB",7/12/2025 11:00,16.486692,80.699436,PM2.5,36,88,48
India,Andhra_Pradesh,Vijayawada,"Kanuru, Vijayawada - APPCB",7/12/2025 11:00,16.486692,80.699436,PM10,34,85,46
India,Andhra_Pradesh,Vijayawada,"Kanuru, Vijayawada - APPCB",7/12/2025 11:00,16.486692,80.699436,NH3,2,3,3
India,Andhra_Pradesh,Vijayawada,"Rajiv Gandhi Park, Vijayawada - APPCB",7/12/2025 11:00,16.509717,80.612222,PM2.5,72,95,83
India,Andhra_Pradesh,Vijayawada,"Rajiv Gandhi Park, Vijayawada - APPCB",7/12/2025 11:00,16.509717,80.612222,CO,34,34,34
India,Andhra_Pradesh,Tirupati,"Vaikuntapuram, Tirupati - APPCB",7/12/2025 11:00,13.615387,79.40923,SO2,10,21,12
India,Andhra_Pradesh,Vijayawada,"HB Colony, Vijayawada - APPCB",7/12/2025 11:00,16.536107,80.594233,PM10,49,77,63
India,Assam,Nalbari,"Bata Chowk, Nalbari - PCBA",7/12/2025 11:00,26.446912,91.439057,SO2,7,8,8
India,Bihar,Manguraha,"Forest Rest House, Manguraha - BSPCB",7/12/2025 11:00,27.308328,84.531742,OZONE,10,18,11
India,Bihar,Motihari,"Gandak Colony, Motihari - BSPCB",7/12/2025 11:00,26.63086,84.90051,PM10,67,312,166
India,Bihar,Motihari,"Gandak Colony, Motihari - BSPCB",7/12/2025 11:00,26.63086,84.90051,NH3,3,3,3
India,Bihar,Motihari,"Gandak Colony, Motihari - BSPCB",7/12/2025 11:00,26.63086,84.90051,SO2,2,3,2
India,Bihar,Motihari,"Gandak Colony, Motihari - BSPCB",7/12/2025 11:00,26.63086,84.90051,OZONE,3,6,4
India,Bihar,Munger,"Town Hall, Munger - BSPCB",7/12/2025 11:00,25.376776,86.471523,NO2,4,5,5
India,Bihar,Munger,"Town Hall, Munger - BSPCB",7/12/2025 11:00,25.376776,86.471523,NH3,3,7,6
India,Bihar,Munger,"Town Hall, Munger - BSPCB",7/12/2025 11:00,25.376776,86.471523,SO2,34,65,49
India,Bihar,Muzaffarpur,"Buddha Colony, Muzaffarpur - BSPCB",7/12/2025 11:00,26.11442,85.39813,SO2,4,9,6
India,Bihar,Muzaffarpur,"Buddha Colony, Muzaffarpur - BSPCB",7/12/2025 11:00,26.11442,85.39813,CO,38,99,57
India,Bihar,Muzaffarpur,"MIT-Daudpur Kothi, Muzaffarpur - BSPCB",7/12/2025 11:00,26.1403345,85.3650192,PM2.5,73,104,86
India,Chhattisgarh,Bhilai,"32Bungalows, Bhilai - CECB",7/12/2025 11:00,21.194815,81.31477,PM10,32,121,72
India,Chhattisgarh,Bhilai,"32Bungalows, Bhilai - CECB",7/12/2025 11:00,21.194815,81.31477,SO2,5,99,16
India,Chhattisgarh,Bhilai,"32Bungalows, Bhilai - CECB",7/12/2025 11:00,21.194815,81.31477,CO,20,102,55
India,Chhattisgarh,Bhilai,"Civic Center, Bhilai - Bhilai Steel Plant",7/12/2025 11:00,21.185571,81.343175,PM2.5,25,144,68
India,Chhattisgarh,Bhilai,"Civic Center, Bhilai - Bhilai Steel Plant",7/12/2025 11:00,21.185571,81.343175,NO2,18,18,18
India,Chhattisgarh,Bhilai,"Hathkhoj, Bhilai - CECB",7/12/2025 11:00,21.224231,81.40835,NO2,19,94,51
India,Chhattisgarh,Bhilai,"Hathkhoj, Bhilai - CECB",7/12/2025 11:00,21.224231,81.40835,SO2,5,104,26
India,Chhattisgarh,Bilaspur,"Mangala, Bilaspur - NTPC",7/12/2025 11:00,22.08815,82.13737,CO,30,81,38
India,Chhattisgarh,Chhal,"Nawapara SECL Colony, Chhal - CECB",7/12/2025 11:00,22.118125,83.140608,PM2.5,34,74,56
India,Chhattisgarh,Chhal,"Nawapara SECL Colony, Chhal - CECB",7/12/2025 11:00,22.118125,83.140608,NO2,12,28,18
India,Chhattisgarh,Chhal,"Nawapara SECL Colony, Chhal - CECB",7/12/2025 11:00,22.118125,83.140608,OZONE,3,135,21
India,Chhattisgarh,Korba,"Rampur, Korba - CECB",7/12/2025 11:00,22.368195,82.746431,NO2,17,70,32
India,Chhattisgarh,Korba,"Urja Nagar, Korba - CECB",7/12/2025 11:00,22.348441,82.549611,NH3,1,2,2
India,Chhattisgarh,Kunjemura,"OP Jindal School, Kunjemura - CECB",7/12/2025 11:00,22.12665,83.483212,PM10,44,88,62
India,Chhattisgarh,Kunjemura,"OP Jindal School, Kunjemura - CECB",7/12/2025 11:00,22.12665,83.483212,NH3,2,2,2
India,Chhattisgarh,Kunjemura,"OP Jindal School, Kunjemura - CECB",7/12/2025 11:00,22.12665,83.483212,SO2,4,88,23
India,Chhattisgarh,Milupara,"Govt. Higher Secondary School, Milupara - CECB",7/12/2025 11:00,22.1910172,83.5197009,PM10,35,237,92
India,Bihar,Purnia,"Mariam Nagar, Purnia - BSPCB",7/12/2025 11:00,25.366336,87.117468,NH3,3,3,3
India,Bihar,Purnia,"Mariam Nagar, Purnia - BSPCB",7/12/2025 11:00,25.366336,87.117468,OZONE,22,59,26
India,Bihar,Rajgir,"Dangi Tola, Rajgir - BSPCB",7/12/2025 11:00,25.0328,85.41948,PM2.5,NA,NA,NA
India,Bihar,Saharsa,"Police Line, Saharsa - BSPCB",7/12/2025 11:00,25.892357,86.590325,PM10,54,161,100
India,Bihar,Saharsa,"Police Line, Saharsa - BSPCB",7/12/2025 11:00,25.892357,86.590325,NH3,4,4,4
India,Bihar,Saharsa,"Police Line, Saharsa - BSPCB",7/12/2025 11:00,25.892357,86.590325,CO,34,45,42
India,Bihar,Samastipur,"DM Office_Kasipur, Samastipur - BSPCB",7/12/2025 11:00,25.859655,85.77944,SO2,6,29,20
India,Bihar,Sasaram,"Dada Peer, Sasaram - BSPCB",7/12/2025 11:00,24.952822,84.002396,PM2.5,54,267,95
India,Bihar,Muzaffarpur,"MIT-Daudpur Kothi, Muzaffarpur - BSPCB",7/12/2025 11:00,26.1403345,85.3650192,NO2,1,3,2
India,Bihar,Muzaffarpur,"Muzaffarpur Collectorate, Muzaffarpur - BSPCB",7/12/2025 11:00,26.1209,85.3647,CO,8,51,16
India,Bihar,Patna,"DRM Office Danapur, Patna - BSPCB",7/12/2025 11:00,25.586562,85.043586,NO2,48,86,61
India,Bihar,Patna,"DRM Office Danapur, Patna - BSPCB",7/12/2025 11:00,25.586562,85.043586,CO,32,109,65
India,Bihar,Patna,"DRM Office Danapur, Patna - BSPCB",7/12/2025 11:00,25.586562,85.043586,OZONE,7,63,19
India,Bihar,Patna,"Govt. High School Shikarpur, Patna - BSPCB",7/12/2025 11:00,25.592539,85.227158,PM10,83,123,105
India,Bihar,Sasaram,"Dada Peer, Sasaram - BSPCB",7/12/2025 11:00,24.952822,84.002396,OZONE,16,36,19
India,Bihar,Siwan,"Chitragupta Nagar, Siwan - BSPCB",7/12/2025 11:00,26.2271665,84.3570427,SO2,4,4,4
India,Chandigarh,Chandigarh,"Sector 22, Chandigarh - CPCC",7/12/2025 11:00,30.735567,76.775714,SO2,6,26,9
India,Chandigarh,Chandigarh,"Sector-25, Chandigarh - CPCC",7/12/2025 11:00,30.751462,76.762879,PM2.5,98,270,195
India,Chandigarh,Chandigarh,"Sector-53, Chandigarh - CPCC",7/12/2025 11:00,30.719859,76.738637,PM10,66,170,121
India,Chhattisgarh,Milupara,"Govt. Higher Secondary School, Milupara - CECB",7/12/2025 11:00,22.1910172,83.5197009,SO2,13,25,16
India,Chhattisgarh,Raipur,"AIIMS, Raipur - CECB",7/12/2025 11:00,21.258815,81.578979,PM2.5,NA,NA,NA
India,Chhattisgarh,Raipur,"Bhatagaon New ISBT, Raipur - CECB",7/12/2025 11:00,21.219665,81.630094,PM10,50,188,121
India,Chhattisgarh,Raipur,"Krishak Nagar, Raipur - CECB",7/12/2025 11:00,21.237755,81.705301,PM10,52,124,101
India,Chhattisgarh,Raipur,"Krishak Nagar, Raipur - CECB",7/12/2025 11:00,21.237755,81.705301,OZONE,NA,NA,NA
India,Bihar,Patna,"Govt. High School Shikarpur, Patna - BSPCB",7/12/2025 11:00,25.592539,85.227158,OZONE,8,12,10
India,Bihar,Patna,"Muradpur, Patna - BSPCB",7/12/2025 11:00,25.619651,85.147382,PM2.5,84,299,213
India,Bihar,Patna,"Muradpur, Patna - BSPCB",7/12/2025 11:00,25.619651,85.147382,NH3,4,5,5
India,Bihar,Patna,"Rajbansi Nagar, Patna - BSPCB",7/12/2025 11:00,25.599486,85.113666,CO,42,102,52
India,Bihar,Patna,"Samanpura, Patna - BSPCB",7/12/2025 11:00,25.596727,85.085624,NH3,5,5,5
India,Chhattisgarh,Tumidih,"OP Jindal Industrial Park, Tumidih - CECB",7/12/2025 11:00,22.06631475,83.33820077,PM10,76,130,105
India,Chhattisgarh,Tumidih,"OP Jindal Industrial Park, Tumidih - CECB",7/12/2025 11:00,22.06631475,83.33820077,CO,18,48,36
India,Chhattisgarh,Tumidih,"OP Jindal Industrial Park, Tumidih - CECB",7/12/2025 11:00,22.06631475,83.33820077,OZONE,4,87,21
India,Delhi,Delhi,"Nehru Nagar, Delhi - DPCC",7/12/2025 11:00,28.56789,77.250515,NO2,38,108,72
India,Delhi,Delhi,"Nehru Nagar, Delhi - DPCC",7/12/2025 11:00,28.56789,77.250515,NH3,14,24,19
India,Delhi,Delhi,"North Campus, DU, Delhi - IMD",7/12/2025 11:00,28.6573814,77.1585447,PM10,159,283,205
India,Delhi,Delhi,"North Campus, DU, Delhi - IMD",7/12/2025 11:00,28.6573814,77.1585447,NO2,37,181,85
India,Delhi,Delhi,"North Campus, DU, Delhi - IMD",7/12/2025 11:00,28.6573814,77.1585447,CO,39,104,64
India,Delhi,Delhi,"North Campus, DU, Delhi - IMD",7/12/2025 11:00,28.6573814,77.1585447,OZONE,62,314,174
India,Delhi,Delhi,"Okhla Phase-2, Delhi - DPCC",7/12/2025 11:00,28.530785,77.271255,PM2.5,187,355,306
India,Delhi,Delhi,"Okhla Phase-2, Delhi - DPCC",7/12/2025 11:00,28.530785,77.271255,NH3,11,16,13
India,Delhi,Delhi,"Okhla Phase-2, Delhi - DPCC",7/12/2025 11:00,28.530785,77.271255,CO,65,112,94
India,Delhi,Delhi,"Okhla Phase-2, Delhi - DPCC",7/12/2025 11:00,28.530785,77.271255,OZONE,6,110,19
India,Delhi,Delhi,"Patparganj, Delhi - DPCC",7/12/2025 11:00,28.623763,77.287209,CO,11,104,35
India,Delhi,Delhi,"IHBAS, Dilshad Garden, Delhi - CPCB",7/12/2025 11:00,28.6811736,77.3025234,SO2,10,22,16
India,Delhi,Delhi,"IIT Delhi, Delhi - IITM",7/12/2025 11:00,28.54246,77.191651,CO,8,44,22
India,Delhi,Delhi,"ITO, Delhi - CPCB",7/12/2025 11:00,28.628624,77.24106,PM10,139,261,188
India,Delhi,Delhi,"ITO, Delhi - CPCB",7/12/2025 11:00,28.628624,77.24106,SO2,10,25,18
India,Delhi,Delhi,"ITO, Delhi - CPCB",7/12/2025 11:00,28.628624,77.24106,OZONE,10,26,11
India,Delhi,Delhi,"Jahangirpuri, Delhi - DPCC",7/12/2025 11:00,28.73282,77.170633,NO2,70,140,99
India,Delhi,Delhi,"Jahangirpuri, Delhi - DPCC",7/12/2025 11:00,28.73282,77.170633,SO2,16,75,33
India,Delhi,Delhi,"Jawaharlal Nehru Stadium, Delhi - DPCC",7/12/2025 11:00,28.58028,77.233829,PM2.5,193,374,306
India,Delhi,Delhi,"Chandni Chowk, Delhi - IITM",7/12/2025 11:00,28.656756,77.227234,NH3,6,7,6
India,Delhi,Delhi,"Chandni Chowk, Delhi - IITM",7/12/2025 11:00,28.656756,77.227234,CO,46,64,51
India,Delhi,Delhi,"DTU, Delhi - CPCB",7/12/2025 11:00,28.7500499,77.1112615,NO2,39,70,47
India,Delhi,Delhi,"Dr. Karni Singh Shooting Range, Delhi - DPCC",7/12/2025 11:00,28.498571,77.26484,SO2,12,20,15
India,Delhi,Delhi,"Dr. Karni Singh Shooting Range, Delhi - DPCC",7/12/2025 11:00,28.498571,77.26484,OZONE,8,48,17
India,Delhi,Delhi,"Dwarka-Sector 8, Delhi - DPCC ",7/12/2025 11:00,28.5710274,77.0719006,CO,32,109,46
India,Delhi,Delhi,"Dwarka-Sector 8, Delhi - DPCC ",7/12/2025 11:00,28.5710274,77.0719006,OZONE,1,114,15
India,Delhi,Delhi,"Anand Vihar, Delhi - DPCC",7/12/2025 11:00,28.647622,77.315809,OZONE,1,26,5
India,Delhi,Delhi,"Ashok Vihar, Delhi - DPCC",7/12/2025 11:00,28.695381,77.181665,NH3,1,2,1
India,Delhi,Delhi,"Ashok Vihar, Delhi - DPCC",7/12/2025 11:00,28.695381,77.181665,OZONE,27,103,40
India,Delhi,Delhi,"Aya Nagar, Delhi - IMD",7/12/2025 11:00,28.4706914,77.1099364,PM2.5,98,315,257
India,Delhi,Delhi,"Bawana, Delhi - DPCC",7/12/2025 11:00,28.7762,77.051074,NO2,10,55,28
India,Delhi,Delhi,"Burari Crossing, Delhi - IMD",7/12/2025 11:00,28.7256504,77.2011573,PM10,155,269,205
India,Delhi,Delhi,"NSIT Dwarka, Delhi - CPCB",7/12/2025 11:00,28.60909,77.0325413,CO,48,104,63
India,Delhi,Delhi,"NSIT Dwarka, Delhi - CPCB",7/12/2025 11:00,28.60909,77.0325413,OZONE,6,78,24
India,Delhi,Delhi,"Najafgarh, Delhi - DPCC",7/12/2025 11:00,28.570173,76.933762,PM2.5,133,332,271
India,Delhi,Delhi,"Najafgarh, Delhi - DPCC",7/12/2025 11:00,28.570173,76.933762,PM10,127,188,158
India,Delhi,Delhi,"Najafgarh, Delhi - DPCC",7/12/2025 11:00,28.570173,76.933762,OZONE,4,9,4
India,Delhi,Delhi,"Narela, Delhi - DPCC",7/12/2025 11:00,28.822836,77.101981,PM2.5,130,351,299
India,Delhi,Delhi,"Jawaharlal Nehru Stadium, Delhi - DPCC",7/12/2025 11:00,28.58028,77.233829,PM10,172,344,235
India,Delhi,Delhi,"Jawaharlal Nehru Stadium, Delhi - DPCC",7/12/2025 11:00,28.58028,77.233829,SO2,3,17,11
India,Delhi,Delhi,"Lodhi Road, Delhi - IMD",7/12/2025 11:00,28.5918245,77.2273074,PM10,154,255,194
India,Delhi,Delhi,"Lodhi Road, Delhi - IMD",7/12/2025 11:00,28.5918245,77.2273074,CO,17,48,27
India,Delhi,Delhi,"Major Dhyan Chand National Stadium, Delhi - DPCC",7/12/2025 11:00,28.611281,77.237738,PM2.5,133,327,274
India,Delhi,Delhi,"Punjabi Bagh, Delhi - DPCC",7/12/2025 11:00,28.674045,77.131023,OZONE,11,80,30
India,Delhi,Delhi,"Pusa, Delhi - DPCC",7/12/2025 11:00,28.639652,77.146275,SO2,2,14,6
India,Delhi,Delhi,"Pusa, Delhi - IMD",7/12/2025 11:00,28.63611,77.173332,OZONE,20,111,35
India,Delhi,Delhi,"R K Puram, Delhi - DPCC",7/12/2025 11:00,28.563262,77.186937,SO2,3,9,6
India,Delhi,Delhi,"Mandir Marg, Delhi - DPCC",7/12/2025 11:00,28.636429,77.201067,PM10,129,312,198
India,Delhi,Delhi,"Rohini, Delhi - DPCC",7/12/2025 11:00,28.732528,77.11992,PM2.5,170,403,339
India,Gujarat,Ahmedabad,"Maninagar, Ahmedabad - GPCB",7/12/2025 11:00,23.002657,72.591912,PM10,83,145,112
India,Gujarat,Ahmedabad,"Maninagar, Ahmedabad - GPCB",7/12/2025 11:00,23.002657,72.591912,NO2,63,64,63
India,Gujarat,Ahmedabad,"Maninagar, Ahmedabad - GPCB",7/12/2025 11:00,23.002657,72.591912,OZONE,54,85,64
India,Gujarat,Ahmedabad,"Raikhad, Ahmedabad - IITM",7/12/2025 11:00,23.020509,72.579261,PM10,115,169,134
India,Gujarat,Ahmedabad,"Raikhad, Ahmedabad - IITM",7/12/2025 11:00,23.020509,72.579261,NO2,23,120,50
India,Gujarat,Ahmedabad,"Rakhial, Ahmedabad - IITM",7/12/2025 11:00,23.016834,72.625775,OZONE,25,88,49
India,Gujarat,Ahmedabad,"SAC ISRO Bopal, Ahmedabad - IITM",7/12/2025 11:00,23.041137,72.456691,PM2.5,84,193,133
India,Gujarat,Ahmedabad,"SAC ISRO Bopal, Ahmedabad - IITM",7/12/2025 11:00,23.041137,72.456691,PM10,86,145,115
India,Gujarat,Ahmedabad,"SAC ISRO Bopal, Ahmedabad - IITM",7/12/2025 11:00,23.041137,72.456691,CO,8,26,14
India,Gujarat,Ahmedabad,"SAC ISRO Satellite, Ahmedabad - IITM",7/12/2025 11:00,23.023389,72.515201,NH3,7,14,10
India,Gujarat,Ahmedabad,"SAC ISRO Satellite, Ahmedabad - IITM",7/12/2025 11:00,23.023389,72.515201,CO,2,46,16
India,Gujarat,Ahmedabad,"SVPI Airport Hansol, Ahmedabad - IITM",7/12/2025 11:00,23.076793,72.627874,PM10,84,152,116
India,Gujarat,Ahmedabad,"SVPI Airport Hansol, Ahmedabad - IITM",7/12/2025 11:00,23.076793,72.627874,NH3,6,6,6
India,Gujarat,Ankleshwar,"GIDC, Ankleshwar - GPCB",7/12/2025 11:00,21.613267,73.010555,CO,30,75,59
India,Gujarat,Ankleshwar,"GIDC, Ankleshwar - GPCB",7/12/2025 11:00,21.613267,73.010555,OZONE,38,46,40
India,Haryana,Bhiwani,"H.B. Colony, Bhiwani - HSPCB",7/12/2025 11:00,28.806223,76.141105,NO2,1,35,31
India,Haryana,Bhiwani,"H.B. Colony, Bhiwani - HSPCB",7/12/2025 11:00,28.806223,76.141105,OZONE,9,18,13
India,Haryana,Charkhi Dadri,"Mini Secretariat, Charkhi Dadri - HSPCB",7/12/2025 11:00,28.593883,76.270653,NO2,9,20,15
India,Haryana,Dharuhera,"Municipal Corporation Office, Dharuhera -  HSPCB",7/12/2025 11:00,28.2068,76.7997,PM10,7,271,195
India,Haryana,Dharuhera,"Municipal Corporation Office, Dharuhera -  HSPCB",7/12/2025 11:00,28.2068,76.7997,CO,2,46,41
India,Gujarat,Vatva,"Phase-4 GIDC, Vatva - GPCB",7/12/2025 11:00,22.969611,72.6435,PM2.5,80,304,161
India,Gujarat,Vatva,"Phase-4 GIDC, Vatva - GPCB",7/12/2025 11:00,22.969611,72.6435,PM10,79,148,107
India,Haryana,Ambala,"Patti Mehar, Ambala - HSPCB",7/12/2025 11:00,30.379589,76.778328,PM2.5,104,331,233
India,Haryana,Ambala,"Patti Mehar, Ambala - HSPCB",7/12/2025 11:00,30.379589,76.778328,SO2,31,32,31
India,Gujarat,Gandhinagar,"IIPHG Lekawada, Gandhinagar - IITM",7/12/2025 11:00,23.243639,72.68994,CO,36,95,53
India,Gujarat,Gandhinagar,"Sector-10, Gandhinagar - GPCB",7/12/2025 11:00,23.221714,72.654328,SO2,3,16,6
India,Gujarat,Vapi,"Phase-1 GIDC, Vapi - GPCB",7/12/2025 11:00,20.362421,72.918013,PM10,37,114,63
India,Delhi,Delhi,"Shadipur, Delhi - CPCB",7/12/2025 11:00,28.6514781,77.1473105,PM10,154,323,204
India,Delhi,Delhi,"Sirifort, Delhi - CPCB",7/12/2025 11:00,28.5504249,77.2159377,NO2,47,96,81
India,Delhi,Delhi,"Sonia Vihar, Delhi - DPCC",7/12/2025 11:00,28.710508,77.249485,PM10,153,287,229
India,Haryana,Faridabad,"Sector 11, Faridabad - HSPCB",7/12/2025 11:00,28.376058,77.315741,SO2,4,5,4
India,Haryana,Faridabad,"Sector 30, Faridabad - HSPCB",7/12/2025 11:00,28.4417,77.3217,NO2,36,39,38
India,Haryana,Fatehabad,"Huda Sector, Fatehabad - HSPCB",7/12/2025 11:00,29.503664,75.467934,SO2,10,11,11
India,Haryana,Bahadurgarh,"Arya Nagar, Bahadurgarh - HSPCB",7/12/2025 11:00,28.6701,76.9254,PM2.5,NA,NA,NA
India,Gujarat,Ahmedabad,"Chandkheda, Ahmedabad - IITM",7/12/2025 11:00,23.107969,72.574648,SO2,7,14,10
India,Haryana,Yamuna Nagar,"Gobind Pura, Yamuna Nagar - HSPCB",7/12/2025 11:00,30.1480566,77.2893471,NH3,1,6,4
India,Himachal Pradesh,Baddi,"HIMUDA Complex Phase-1, Baddi - HPPCB",7/12/2025 11:00,30.943887,76.801991,PM10,110,395,184
India,Himachal Pradesh,Baddi,"HIMUDA Complex Phase-1, Baddi - HPPCB",7/12/2025 11:00,30.943887,76.801991,NO2,27,115,60
India,Himachal Pradesh,Baddi,"HIMUDA Complex Phase-1, Baddi - HPPCB",7/12/2025 11:00,30.943887,76.801991,NH3,7,12,10
India,Himachal Pradesh,Baddi,"HIMUDA Complex Phase-1, Baddi - HPPCB",7/12/2025 11:00,30.943887,76.801991,SO2,42,139,98
India,Jammu_and_Kashmir,Srinagar,"Rajbagh, Srinagar - JKSPCB",7/12/2025 11:00,34.066206,74.81982,OZONE,NA,NA,NA
India,Jharkhand,Dhanbad,"Sardar Patel Nagar, Dhanbad - JSPCB",7/12/2025 11:00,23.80569,86.44268,SO2,7,110,47
India,Haryana,Gurugram,"Sector-51, Gurugram - HSPCB",7/12/2025 11:00,28.4227,77.0667,PM2.5,84,368,196
India,Haryana,Gurugram,"Sector-51, Gurugram - HSPCB",7/12/2025 11:00,28.4227,77.0667,NO2,4,10,6
India,Haryana,Gurugram,"Teri Gram, Gurugram - HSPCB",7/12/2025 11:00,28.4275,77.1465,PM2.5,273,419,348
India,Haryana,Gurugram,"Teri Gram, Gurugram - HSPCB",7/12/2025 11:00,28.4275,77.1465,NO2,37,76,56
India,Haryana,Gurugram,"Teri Gram, Gurugram - HSPCB",7/12/2025 11:00,28.4275,77.1465,CO,19,78,40
India,Haryana,Gurugram,"Vikas Sadan, Gurugram - HSPCB",7/12/2025 11:00,28.4501238,77.0263051,PM10,NA,NA,NA
India,Haryana,Gurugram,"Vikas Sadan, Gurugram - HSPCB",7/12/2025 11:00,28.4501238,77.0263051,NO2,2,11,6
India,Haryana,Hisar,"Urban Estate-II, Hisar - HSPCB",7/12/2025 11:00,29.14056,75.744941,PM2.5,51,80,60
India,Haryana,Hisar,"Urban Estate-II, Hisar - HSPCB",7/12/2025 11:00,29.14056,75.744941,PM10,118,155,131
India,Karnataka,Bagalkot,"Vidayagiri, Bagalkot - KSPCB",7/12/2025 11:00,16.172806,75.659694,NH3,1,2,1
India,Karnataka,Bengaluru,"BTM Layout, Bengaluru - CPCB",7/12/2025 11:00,12.9135218,77.5950804,CO,44,56,53
India,Karnataka,Bengaluru,"BTM Layout, Bengaluru - CPCB",7/12/2025 11:00,12.9135218,77.5950804,OZONE,21,24,23
India,Karnataka,Bengaluru,"BWSSB Kadabesanahalli, Bengaluru - CPCB",7/12/2025 11:00,12.9352049,77.6814488,PM2.5,92,276,181
India,Karnataka,Bengaluru,"BWSSB Kadabesanahalli, Bengaluru - CPCB",7/12/2025 11:00,12.9352049,77.6814488,NO2,10,25,19
India,Karnataka,Bengaluru,"BWSSB Kadabesanahalli, Bengaluru - CPCB",7/12/2025 11:00,12.9352049,77.6814488,CO,106,112,107
India,Karnataka,Bengaluru,"Hebbal, Bengaluru - KSPCB",7/12/2025 11:00,13.029152,77.585901,NH3,NA,NA,NA
India,Karnataka,Bengaluru,"Hebbal, Bengaluru - KSPCB",7/12/2025 11:00,13.029152,77.585901,OZONE,7,26,7
India,Haryana,Palwal,"Shyam Nagar, Palwal - HSPCB",7/12/2025 11:00,28.1485564,77.3320667,PM2.5,82,153,101
India,Haryana,Panchgaon,"Amity University, Panchgaon - IITM",7/12/2025 11:00,28.3153,76.9143,OZONE,1,79,21
India,Haryana,Panchkula,"Sector-6, Panchkula - HSPCB ",7/12/2025 11:00,30.7057778,76.85318056,NO2,24,26,25
India,Haryana,Panchkula,"Sector-6, Panchkula - HSPCB ",7/12/2025 11:00,30.7057778,76.85318056,SO2,8,9,9
India,Haryana,Panchkula,"Sector-6, Panchkula - HSPCB ",7/12/2025 11:00,30.7057778,76.85318056,OZONE,20,29,24
India,Haryana,Hisar,"Urban Estate-II, Hisar - HSPCB",7/12/2025 11:00,29.14056,75.744941,NO2,19,19,19
India,Haryana,Jind,"Police Lines, Jind - HSPCB",7/12/2025 11:00,29.307814,76.337619,PM2.5,133,242,180
India,Haryana,Kaithal,"Rishi Nagar, Kaithal - HSPCB",7/12/2025 11:00,29.8006,76.4155,PM10,NA,NA,NA
India,Haryana,Kaithal,"Rishi Nagar, Kaithal - HSPCB",7/12/2025 11:00,29.8006,76.4155,NH3,NA,NA,NA
India,Haryana,Rohtak,"MD University, Rohtak - HSPCB",7/12/2025 11:00,28.52123,76.37138,NO2,10,13,11
India,Haryana,Rohtak,"MD University, Rohtak - HSPCB",7/12/2025 11:00,28.52123,76.37138,SO2,10,13,12
India,Haryana,Yamuna Nagar,"Gobind Pura, Yamuna Nagar - HSPCB",7/12/2025 11:00,30.1480566,77.2893471,PM2.5,146,283,191
India,Haryana,Yamuna Nagar,"Gobind Pura, Yamuna Nagar - HSPCB",7/12/2025 11:00,30.1480566,77.2893471,PM10,112,156,126
India,Karnataka,Bengaluru,"Hombegowda Nagar, Bengaluru - KSPCB",7/12/2025 11:00,12.938539,77.5901,SO2,7,22,12
India,Karnataka,Bengaluru,"Jayanagar 5th Block, Bengaluru - KSPCB",7/12/2025 11:00,12.920984,77.584908,OZONE,13,51,38
India,Karnataka,Bengaluru,"Jigani, Bengaluru - KSPCB",7/12/2025 11:00,12.7816279,77.6299145,PM2.5,NA,NA,NA
India,Karnataka,Bengaluru,"Jigani, Bengaluru - KSPCB",7/12/2025 11:00,12.7816279,77.6299145,PM10,NA,NA,NA
India,Haryana,Kurukshetra,"Sector-7, Kurukshetra - HSPCB",7/12/2025 11:00,29.966942,76.875879,PM10,136,170,154
India,Haryana,Kurukshetra,"Sector-7, Kurukshetra - HSPCB",7/12/2025 11:00,29.966942,76.875879,OZONE,16,84,26
India,Haryana,Narnaul,"Shastri Nagar, Narnaul - HSPCB",7/12/2025 11:00,28.060249,76.113115,PM2.5,143,288,188
India,Karnataka,Bengaluru,"Jigani, Bengaluru - KSPCB",7/12/2025 11:00,12.7816279,77.6299145,CO,28,43,42
India,Karnataka,Bengaluru,"Jigani, Bengaluru - KSPCB",7/12/2025 11:00,12.7816279,77.6299145,OZONE,23,28,24
India,Madhya Pradesh,Gwalior,"Deen Dayal Nagar, Gwalior - MPPCB",7/12/2025 11:00,26.259242,78.216432,NH3,5,11,7
India,Madhya Pradesh,Gwalior,"Maharaj Bada, Gwalior - MPPCB",7/12/2025 11:00,26.200388,78.147714,PM2.5,68,334,158
India,Madhya Pradesh,Gwalior,"Maharaj Bada, Gwalior - MPPCB",7/12/2025 11:00,26.200388,78.147714,CO,6,115,32
India,Madhya Pradesh,Indore,"Airport Area, Indore - IMC",7/12/2025 11:00,22.7289,75.8076,PM2.5,32,104,60
India,Madhya Pradesh,Indore,"Airport Area, Indore - IMC",7/12/2025 11:00,22.7289,75.8076,SO2,21,22,21
India,Madhya Pradesh,Indore,"Chhoti Gwaltoli, Indore - MPPCB",7/12/2025 11:00,22.431,75.5213,PM10,74,124,97
India,Madhya Pradesh,Indore,"Chhoti Gwaltoli, Indore - MPPCB",7/12/2025 11:00,22.431,75.5213,OZONE,5,99,46
India,Madhya Pradesh,Indore,"Maguda Nagar, Indore - IMC",7/12/2025 11:00,22.7524,75.8872,NH3,NA,NA,NA
India,Karnataka,Bengaluru,"Kasturi Nagar, Bengaluru - KSPCB",7/12/2025 11:00,13.003872,77.664217,NH3,2,3,2
India,Karnataka,Bengaluru,"Kasturi Nagar, Bengaluru - KSPCB",7/12/2025 11:00,13.003872,77.664217,OZONE,20,21,20
India,Karnataka,Bengaluru,"Peenya, Bengaluru - CPCB",7/12/2025 11:00,13.0270199,77.494094,NO2,19,27,24
India,Karnataka,Bengaluru,"Peenya, Bengaluru - CPCB",7/12/2025 11:00,13.0270199,77.494094,NH3,3,4,4
India,Karnataka,Bengaluru,"Sanegurava Halli, Bengaluru - KSPCB",7/12/2025 11:00,12.990328,77.5431385,PM10,54,59,54
India,Karnataka,Bengaluru,"Sanegurava Halli, Bengaluru - KSPCB",7/12/2025 11:00,12.990328,77.5431385,CO,21,40,25
India,Karnataka,Bengaluru,"Shivapura_Peenya, Bengaluru - KSPCB",7/12/2025 11:00,13.0246342,77.5080115,PM2.5,73,209,127
India,Karnataka,Dharwad,"Kalabhavan, Dharwad - KSPCB",7/12/2025 11:00,15.459706,75.008381,PM10,64,97,83
India,Karnataka,Hubballi,"Lingaraj Nagar, Hubballi - KSPCB",7/12/2025 11:00,15.3714823,75.1160168,SO2,1,1,1
India,Karnataka,Kalaburagi,"Lal Bahadur Shastri Nagar, Kalaburagi - KSPCB",7/12/2025 11:00,17.321993,76.822628,PM2.5,34,61,48
India,Karnataka,Kalaburagi,"Lal Bahadur Shastri Nagar, Kalaburagi - KSPCB",7/12/2025 11:00,17.321993,76.822628,PM10,37,72,57
India,Karnataka,Kalaburagi,"Lal Bahadur Shastri Nagar, Kalaburagi - KSPCB",7/12/2025 11:00,17.321993,76.822628,OZONE,20,20,20
India,Karnataka,Kalaburagi,"Mahatma Basaveswar Colony, Kalaburgi - KSPCB",7/12/2025 11:00,17.336318,76.847397,PM10,39,79,55
India,Karnataka,Koppal,"Diwator Nagar, Koppal - KSPCB",7/12/2025 11:00,15.34763,76.181767,NH3,7,7,7
India,Karnataka,Mysuru,"Hebbal 1st Stage, Mysuru - KSPCB",7/12/2025 11:00,12.21041,76.37376,PM2.5,47,67,55
India,Karnataka,Mysuru,"Hebbal 1st Stage, Mysuru - KSPCB",7/12/2025 11:00,12.21041,76.37376,SO2,2,7,4
India,Karnataka,Shivamogga,"Vinoba Nagara, Shivamogga - KSPCB",7/12/2025 11:00,13.94,75.555917,PM2.5,20,35,23
India,Kerala,Thiruvananthapuram,"Plammoodu, Thiruvananthapuram - Kerala PCB",7/12/2025 11:00,8.5149093,76.9435879,CO,12,35,17
India,Madhya Pradesh,Bhopal,"Idgah Hills, Bhopal - MPPCB",7/12/2025 11:00,23.264759,77.381568,CO,22,78,34
India,Madhya Pradesh,Bhopal,"Paryavaran Parisar, Bhopal - MPPCB",7/12/2025 11:00,23.210494,77.425409,SO2,1,16,10
India,Madhya Pradesh,Bhopal,"T T Nagar, Bhopal - MPPCB",7/12/2025 11:00,23.233584,77.400574,PM2.5,73,311,197
India,Madhya Pradesh,Bhopal,"T T Nagar, Bhopal - MPPCB",7/12/2025 11:00,23.233584,77.400574,NO2,41,99,66
India,Madhya Pradesh,Dewas,"Bhopal Chauraha, Dewas - MPPCB",7/12/2025 11:00,22.9682591,76.064118,NO2,7,8,7
India,Madhya Pradesh,Dewas,"Bhopal Chauraha, Dewas - MPPCB",7/12/2025 11:00,22.9682591,76.064118,CO,16,38,20
India,Karnataka,Bengaluru,"Silk Board, Bengaluru - KSPCB",7/12/2025 11:00,12.917348,77.622813,OZONE,13,21,20
India,Karnataka,Chamarajanagar,"Urban, Chamarajanagar - KSPCB",7/12/2025 11:00,11.55358,76.55521,PM2.5,29,50,33
India,Karnataka,Davanagere,"Devaraj Urs Badavane, Davanagere - KSPCB",7/12/2025 11:00,14.4758,75.9052,NO2,17,30,26
India,Kerala,Kollam,"Polayathode, Kollam - Kerala PCB",7/12/2025 11:00,8.8787,76.6073,PM2.5,123,242,190
India,Kerala,Kollam,"Polayathode, Kollam - Kerala PCB",7/12/2025 11:00,8.8787,76.6073,PM10,89,117,106
India,Kerala,Thiruvananthapuram,"Kariavattom, Thiruvananthapuram - Kerala PCB",7/12/2025 11:00,8.5637,76.8865,PM10,54,100,77
India,Kerala,Eloor,"Udyogamandal, Eloor - Kerala PCB",7/12/2025 11:00,10.073232,76.302765,CO,10,72,41
India,Madhya Pradesh,Jabalpur,"Gupteshwar, Jabalpur - JMC",7/12/2025 11:00,23.142888,79.916147,NH3,8,14,10
India,Madhya Pradesh,Jabalpur,"Gupteshwar, Jabalpur - JMC",7/12/2025 11:00,23.142888,79.916147,CO,46,128,53
India,Madhya Pradesh,Jabalpur,"Marhatal, Jabalpur - MPPCB",7/12/2025 11:00,23.168606,79.932247,OZONE,4,172,52
India,Madhya Pradesh,Katni,"Gole Bazar, Katni - MPPCB",7/12/2025 11:00,23.50016,80.23284,PM2.5,40,328,169
India,Madhya Pradesh,Katni,"Gole Bazar, Katni - MPPCB",7/12/2025 11:00,23.50016,80.23284,PM10,62,284,147
India,Madhya Pradesh,Katni,"Gole Bazar, Katni - MPPCB",7/12/2025 11:00,23.50016,80.23284,CO,20,133,45
India,Madhya Pradesh,Maihar,"Sahilara, Maihar - KJS Cements",7/12/2025 11:00,24.2613009,80.7231783,NO2,44,117,64
India,Maharashtra,Bhiwandi,"Gokul Nagar, Bhiwandi - MPCB",7/12/2025 11:00,19.309073,73.057223,NH3,4,6,5
India,Maharashtra,Boisar,"Khaira, Boisar - MPCB",7/12/2025 11:00,19.786089,72.757971,OZONE,30,31,31
India,Maharashtra,Chandrapur,"MIDC Khutala, Chandrapur - MPCB",7/12/2025 11:00,19.9775302,79.2337086,PM2.5,81,321,177
India,Maharashtra,Chandrapur,"MIDC Khutala, Chandrapur - MPCB",7/12/2025 11:00,19.9775302,79.2337086,NO2,10,63,26
India,Maharashtra,Dhule,"Deopur, Dhule - MPCB",7/12/2025 11:00,20.918946,74.776388,PM2.5,75,309,146
India,Maharashtra,Aurangabad,"More Chowk Waluj, Aurangabad - MPCB",7/12/2025 11:00,19.8389439,75.244448,NO2,14,26,19
India,Maharashtra,Aurangabad,"More Chowk Waluj, Aurangabad - MPCB",7/12/2025 11:00,19.8389439,75.244448,NH3,10,11,11
India,Maharashtra,Aurangabad,"Rachnakar Colony, Aurangabad - MPCB",7/12/2025 11:00,19.863756,75.321188,NO2,14,21,19
India,Maharashtra,Badlapur,"Katrap, Badlapur - MPCB",7/12/2025 11:00,19.16485,73.23409,PM10,78,152,117
India,Maharashtra,Belapur,"CBD Belapur, Belapur - MPCB",7/12/2025 11:00,19.0243902,73.0406721,CO,6,48,33
India,Maharashtra,Dhule,"Deopur, Dhule - MPCB",7/12/2025 11:00,20.918946,74.776388,PM10,94,194,130
India,Maharashtra,Dhule,"Deopur, Dhule - MPCB",7/12/2025 11:00,20.918946,74.776388,NO2,13,89,37
India,Maharashtra,Jalgaon,"Prabhat Colony, Jalgaon - MPCB",7/12/2025 11:00,21.001264,75.565602,PM2.5,68,273,155
India,Maharashtra,Jalna,"Old MIDC, Jalna - MPCB",7/12/2025 11:00,19.854616,75.905894,PM10,52,162,92
India,Maharashtra,Jalna,"Old MIDC, Jalna - MPCB",7/12/2025 11:00,19.854616,75.905894,NH3,3,5,4
India,Maharashtra,Jalna,"Old MIDC, Jalna - MPCB",7/12/2025 11:00,19.854616,75.905894,CO,10,38,18
India,Maharashtra,Akola,"Ramdaspeth, Akola - MPCB",7/12/2025 11:00,20.719516,77.000253,SO2,11,11,11
India,Maharashtra,Amravati,"Shri Shivaji Science College, Amravati - MPCB",7/12/2025 11:00,20.939198,77.765701,PM2.5,45,112,72
India,Maharashtra,Aurangabad,"MIDC Chilkalthana, Aurangabad - MPCB",7/12/2025 11:00,19.87562,75.38731,PM10,71,126,97
India,Maharashtra,Aurangabad,"More Chowk Waluj, Aurangabad - MPCB",7/12/2025 11:00,19.8389439,75.244448,PM2.5,54,197,108
India,Madhya Pradesh,Mandideep,"Sector-D Industrial Area, Mandideep - MPPCB",7/12/2025 11:00,23.10844,77.511428,OZONE,4,79,6
India,Madhya Pradesh,Ratlam,"Shasthri Nagar, Ratlam - IPCA Lab",7/12/2025 11:00,23.331731,75.045981,PM2.5,24,117,71
India,Madhya Pradesh,Sagar,"Civil Lines, Sagar - MPPCB",7/12/2025 11:00,23.838586,78.759431,NH3,1,3,2
India,Madhya Pradesh,Sagar,"Civil Lines, Sagar - MPPCB",7/12/2025 11:00,23.838586,78.759431,OZONE,37,78,56
India,Madhya Pradesh,Satna,"Bandhavgar Colony, Satna - Birla Cement",7/12/2025 11:00,24.58434363,80.8549414,NO2,12,13,12
India,Madhya Pradesh,Singrauli,"Suryakiran Bhawan NCL, Singrauli - MPPCB",7/12/2025 11:00,24.10897,82.64558,PM10,100,196,145
India,Maharashtra,Akola,"Ramdaspeth, Akola - MPCB",7/12/2025 11:00,20.719516,77.000253,NO2,16,23,19
India,Maharashtra,Kolhapur,"Shivaji University, Kolhapur - MPCB",7/12/2025 11:00,16.6870449,74.2505872,CO,18,72,33
India,Maharashtra,Kolhapur,"Sinchan Bhavan, Kolhapur - MPCB",7/12/2025 11:00,16.7143745,74.2426398,PM2.5,90,201,121
India,Maharashtra,Kolhapur,"Sinchan Bhavan, Kolhapur - MPCB",7/12/2025 11:00,16.7143745,74.2426398,NH3,3,14,8
India,Maharashtra,Kolhapur,"Sinchan Bhavan, Kolhapur - MPCB",7/12/2025 11:00,16.7143745,74.2426398,CO,34,84,41
India,Maharashtra,Kolhapur,"Sinchan Bhavan, Kolhapur - MPCB",7/12/2025 11:00,16.7143745,74.2426398,OZONE,1,45,20
India,Madhya Pradesh,Indore,"Regional Park, Indore - IMC",7/12/2025 11:00,22.678,75.8559,NH3,NA,NA,NA
India,Madhya Pradesh,Indore,"Regional Park, Indore - IMC",7/12/2025 11:00,22.678,75.8559,SO2,26,36,31
India,Maharashtra,Mumbai,"Kandivali West, Mumbai - BMC",7/12/2025 11:00,19.215859,72.831718,CO,12,42,24
India,Maharashtra,Mumbai,"Kherwadi_Bandra East, Mumbai - MPCB",7/12/2025 11:00,19.0632143,72.8456324,OZONE,3,73,8
India,Maharashtra,Mumbai,"Khindipada-Bhandup West, Mumbai - IITM",7/12/2025 11:00,19.1653323,72.922099,OZONE,41,84,72
India,Maharashtra,Mumbai,"Kurla, Mumbai - MPCB",7/12/2025 11:00,19.0863,72.8888,PM2.5,69,102,80
India,Maharashtra,Mumbai,"Kurla, Mumbai - MPCB",7/12/2025 11:00,19.0863,72.8888,NO2,6,9,7
India,Maharashtra,Mumbai,"Kurla, Mumbai - MPCB",7/12/2025 11:00,19.0863,72.8888,NH3,2,2,2
India,Maharashtra,Nagpur,"Ambazari, Nagpur - MPCB",7/12/2025 11:00,21.121801,79.04952,CO,10,74,23
India,Maharashtra,Nagpur,"Opp GPO Civil Lines, Nagpur - MPCB",7/12/2025 11:00,21.152875,79.0517531,NO2,19,93,47
India,Maharashtra,Nagpur,"Opp GPO Civil Lines, Nagpur - MPCB",7/12/2025 11:00,21.152875,79.0517531,SO2,1,129,26
India,Maharashtra,Nagpur,"Opp GPO Civil Lines, Nagpur - MPCB",7/12/2025 11:00,21.152875,79.0517531,CO,14,116,25
India,Maharashtra,Nanded,"Sneh Nagar, Nanded - MPCB",7/12/2025 11:00,19.173852,77.296291,SO2,2,2,2
India,Maharashtra,Nanded,"Sneh Nagar, Nanded - MPCB",7/12/2025 11:00,19.173852,77.296291,OZONE,20,88,43
India,Maharashtra,Mumbai,"Malad West, Mumbai - IITM",7/12/2025 11:00,19.19709,72.82204,CO,11,50,18
India,Maharashtra,Mumbai,"Mindspace-Malad West, Mumbai - MPCB",7/12/2025 11:00,19.1878657,72.8304069,SO2,15,15,15
India,Maharashtra,Mumbai,"Mulund West, Mumbai - MPCB",7/12/2025 11:00,19.175,72.9419,PM10,82,123,102
India,Maharashtra,Mumbai,"Navy Nagar-Colaba, Mumbai - IITM",7/12/2025 11:00,18.897756,72.81332,PM2.5,48,181,91
India,Maharashtra,Mumbai,"Navy Nagar-Colaba, Mumbai - IITM",7/12/2025 11:00,18.897756,72.81332,PM10,89,142,108
India,Maharashtra,Mumbai,"Chakala-Andheri East, Mumbai - IITM",7/12/2025 11:00,19.11074,72.86084,SO2,8,23,16
India,Maharashtra,Mumbai,"Chembur, Mumbai - MPCB",7/12/2025 11:00,19.0364585,72.8954371,SO2,1,21,9
India,Maharashtra,Mumbai,"Deonar, Mumbai - IITM",7/12/2025 11:00,19.04946,72.923,PM2.5,55,177,112
India,Maharashtra,Mumbai,"Ghatkopar, Mumbai - BMC",7/12/2025 11:00,19.083694,72.920967,PM2.5,62,112,84
India,Maharashtra,Mumbai,"Ghatkopar, Mumbai - BMC",7/12/2025 11:00,19.083694,72.920967,PM10,116,181,149
India,Maharashtra,Mumbai,"Bandra Kurla Complex, Mumbai - MPCB",7/12/2025 11:00,19.065931,72.862131,CO,30,30,30
India,Maharashtra,Mumbai,"Borivali East, Mumbai - IITM",7/12/2025 11:00,19.23241,72.86895,NO2,81,112,93
India,Maharashtra,Mumbai,"Borivali East, Mumbai - MPCB",7/12/2025 11:00,19.2243333,72.8658113,CO,9,10,9
India,Maharashtra,Mumbai,"Chakala-Andheri East, Mumbai - IITM",7/12/2025 11:00,19.11074,72.86084,PM10,87,126,109
India,Maharashtra,Nashik,"Hirawadi, Nashik - MPCB",7/12/2025 11:00,20.021503,73.813844,NH3,2,8,3
India,Maharashtra,Nashik,"Hirawadi, Nashik - MPCB",7/12/2025 11:00,20.021503,73.813844,SO2,1,58,6
India,Maharashtra,Nashik,"Hirawadi, Nashik - MPCB",7/12/2025 11:00,20.021503,73.813844,CO,45,90,53
India,Maharashtra,Nashik,"Hirawadi, Nashik - MPCB",7/12/2025 11:00,20.021503,73.813844,OZONE,9,76,40
India,Maharashtra,Nashik,"MIDC Ambad, Nashik - MPCB",7/12/2025 11:00,19.95022,73.73148,NH3,10,13,12
India,Maharashtra,Nashik,"MIDC Ambad, Nashik - MPCB",7/12/2025 11:00,19.95022,73.73148,OZONE,26,79,44
India,Maharashtra,Mumbai,"Vile Parle West, Mumbai - MPCB",7/12/2025 11:00,19.10861,72.83622,NO2,11,30,23
India,Maharashtra,Mumbai,"Worli, Mumbai - MPCB",7/12/2025 11:00,18.9936162,72.8128113,PM2.5,76,105,89
India,Maharashtra,Mumbai,"Worli, Mumbai - MPCB",7/12/2025 11:00,18.9936162,72.8128113,SO2,17,28,21
India,Maharashtra,Nagpur,"Ambazari, Nagpur - MPCB",7/12/2025 11:00,21.121801,79.04952,PM2.5,71,102,88
India,Maharashtra,Nagpur,"Ambazari, Nagpur - MPCB",7/12/2025 11:00,21.121801,79.04952,NO2,19,70,37
India,Maharashtra,Latur,"Sawe Wadi, Latur - MPCB",7/12/2025 11:00,18.39963,76.57452,CO,12,42,29
India,Maharashtra,Mahad,"Kamble Tarf Birwadi, Mahad - MPCB",7/12/2025 11:00,18.1023399,73.4783687,NH3,3,4,3
India,Maharashtra,Mumbai,"Bandra Kurla Complex, Mumbai - IITM",7/12/2025 11:00,19.053536,72.84643,NO2,NA,NA,NA
India,Maharashtra,Mumbai,"Bandra Kurla Complex, Mumbai - IITM",7/12/2025 11:00,19.053536,72.84643,CO,NA,NA,NA
India,Maharashtra,Nashik,"Gangapur Road, Nashik - MPCB",7/12/2025 11:00,20.0073285,73.7762427,CO,21,26,22
India,Maharashtra,Pune,"Panchawati_Pashan, Pune - IITM",7/12/2025 11:00,18.536457,73.805454,NO2,15,57,26
India,Maharashtra,Pune,"Panchawati_Pashan, Pune - IITM",7/12/2025 11:00,18.536457,73.805454,CO,6,36,18
India,Maharashtra,Pune,"Revenue Colony-Shivajinagar, Pune - IITM",7/12/2025 11:00,18.530085,73.849598,PM2.5,117,349,265
India,Maharashtra,Pune,"Revenue Colony-Shivajinagar, Pune - IITM",7/12/2025 11:00,18.530085,73.849598,CO,68,155,101
India,Maharashtra,Pune,"Savitribai Phule Pune University, Pune - MPCB",7/12/2025 11:00,18.547056,73.826908,SO2,1,5,3
India,Maharashtra,Pune,"Transport Nagar-Nigdi, Pune - IITM",7/12/2025 11:00,18.664282,73.763966,PM10,132,237,164
India,Maharashtra,Pune,"Transport Nagar-Nigdi, Pune - IITM",7/12/2025 11:00,18.664282,73.763966,NO2,44,168,94
India,Maharashtra,Sangli,"Vijay Nagar, Sangli - MPCB",7/12/2025 11:00,16.5038,74.3623,PM2.5,148,303,241
India,Maharashtra,Sangli,"Vijay Nagar, Sangli - MPCB",7/12/2025 11:00,16.5038,74.3623,PM10,141,344,188
India,Maharashtra,Nashik,"Pandav Nagari, Nashik - MPCB",7/12/2025 11:00,19.9591346,73.7788008,PM10,79,119,98
India,Maharashtra,Nashik,"Pandav Nagari, Nashik - MPCB",7/12/2025 11:00,19.9591346,73.7788008,NO2,19,25,22
India,Maharashtra,Nashik,"Pandav Nagari, Nashik - MPCB",7/12/2025 11:00,19.9591346,73.7788008,SO2,1,10,5
India,Maharashtra,Nashik,"Pandav Nagari, Nashik - MPCB",7/12/2025 11:00,19.9591346,73.7788008,CO,14,58,23
India,Maharashtra,Navi Mumbai,"Kopripada-Vashi, Navi Mumbai - MPCB",7/12/2025 11:00,19.090337,73.014232,PM10,61,157,102
India,Maharashtra,Navi Mumbai,"Kopripada-Vashi, Navi Mumbai - MPCB",7/12/2025 11:00,19.090337,73.014232,NO2,13,65,33
India,Maharashtra,Navi Mumbai,"Kopripada-Vashi, Navi Mumbai - MPCB",7/12/2025 11:00,19.090337,73.014232,NH3,3,11,5
India,Maharashtra,Navi Mumbai,"Kopripada-Vashi, Navi Mumbai - MPCB",7/12/2025 11:00,19.090337,73.014232,CO,14,76,23
India,Maharashtra,Navi Mumbai,"Mahape, Navi Mumbai - MPCB",7/12/2025 11:00,19.1135051,73.008978,PM10,86,154,113
India,Maharashtra,Navi Mumbai,"Nerul, Navi Mumbai - MPCB",7/12/2025 11:00,19.008751,73.01662,PM10,81,161,118
India,Maharashtra,Pune,"Bhumkar Nagar, Pune - IITM",7/12/2025 11:00,18.60577,73.749976,PM10,121,415,192
India,Maharashtra,Pune,"Bhumkar Nagar, Pune - IITM",7/12/2025 11:00,18.60577,73.749976,NO2,13,38,21
India,Maharashtra,Pune,"Dhankawadi, Pune - IITM",7/12/2025 11:00,18.459883,73.852193,PM10,4,174,94
India,Maharashtra,Pune,"Hadapsar, Pune - IITM",7/12/2025 11:00,18.501793,73.927532,NO2,23,50,36
India,Maharashtra,Pune,"Katraj Dairy, Pune - MPCB",7/12/2025 11:00,18.45445,73.854155,PM10,103,130,116
India,Maharashtra,Pune,"Katraj Dairy, Pune - MPCB",7/12/2025 11:00,18.45445,73.854155,NO2,16,87,53
India,Maharashtra,Pune,"Katraj Dairy, Pune - MPCB",7/12/2025 11:00,18.45445,73.854155,NH3,2,15,7
India,Maharashtra,Pune,"Mhada Colony, Pune - IITM",7/12/2025 11:00,18.57304,73.927715,PM2.5,116,331,239
India,Maharashtra,Pune,"Panchawati_Pashan, Pune - IITM",7/12/2025 11:00,18.536457,73.805454,PM10,93,171,129
India,Maharashtra,Sangli,"Vijay Nagar, Sangli - MPCB",7/12/2025 11:00,16.5038,74.3623,OZONE,5,60,19
India,Maharashtra,Solapur,"Dnyaneshwar Nagar, Solapur - MPCB",7/12/2025 11:00,17.6336264,75.9132495,CO,18,113,25
India,Maharashtra,Solapur,"Dnyaneshwar Nagar, Solapur - MPCB",7/12/2025 11:00,17.6336264,75.9132495,OZONE,13,114,48
India,Maharashtra,Solapur,"Ratandeep Housing Society, Solapur - MPCB",7/12/2025 11:00,17.65439,75.90649,OZONE,2,181,89
India,Maharashtra,Thane,"Upvan Fort, Thane - MPCB",7/12/2025 11:00,19.222279,72.957979,PM2.5,61,104,90
India,Maharashtra,Thane,"Upvan Fort, Thane - MPCB",7/12/2025 11:00,19.222279,72.957979,PM10,79,104,92
India,Maharashtra,Thane,"Upvan Fort, Thane - MPCB",7/12/2025 11:00,19.222279,72.957979,NO2,21,93,37
India,Maharashtra,Thane,"Upvan Fort, Thane - MPCB",7/12/2025 11:00,19.222279,72.957979,NH3,3,3,3
India,Maharashtra,Thane,"Upvan Fort, Thane - MPCB",7/12/2025 11:00,19.222279,72.957979,OZONE,28,92,50
India,Maharashtra,Virar,"Bolinj, Virar - MPCB",7/12/2025 11:00,19.445821,72.7988231,PM2.5,42,70,56
India,Maharashtra,Virar,"Bolinj, Virar - MPCB",7/12/2025 11:00,19.445821,72.7988231,PM10,61,92,78
India,Maharashtra,Virar,"Bolinj, Virar - MPCB",7/12/2025 11:00,19.445821,72.7988231,NO2,12,57,28
India,Maharashtra,Virar,"Bolinj, Virar - MPCB",7/12/2025 11:00,19.445821,72.7988231,CO,20,70,31
India,Meghalaya,Shillong,"JN Stadium, Shillong - Meghalaya PCB",7/12/2025 11:00,25.5803419,91.8942571,PM2.5,NA,NA,NA
India,Meghalaya,Shillong,"JN Stadium, Shillong - Meghalaya PCB",7/12/2025 11:00,25.5803419,91.8942571,PM10,NA,NA,NA
India,Meghalaya,Shillong,"JN Stadium, Shillong - Meghalaya PCB",7/12/2025 11:00,25.5803419,91.8942571,NO2,9,19,13
India,Meghalaya,Shillong,"JN Stadium, Shillong - Meghalaya PCB",7/12/2025 11:00,25.5803419,91.8942571,CO,14,96,29
India,Mizoram,Aizawl,"Sikulpuikawn, Aizawl - Mizoram PCB",7/12/2025 11:00,23.7176342,92.7192841,PM10,35,37,36
India,Mizoram,Aizawl,"Sikulpuikawn, Aizawl - Mizoram PCB",7/12/2025 11:00,23.7176342,92.7192841,CO,3,3,3
India,Nagaland,Kohima,"PWD Junction, Kohima - NPCB",7/12/2025 11:00,25.6635413,94.0989878,CO,6,17,7
India,Odisha,Angul,"Hakimapada, Angul - OSPCB",7/12/2025 11:00,20.832874,85.104082,SO2,7,128,21
India,Odisha,Angul,"Hakimapada, Angul - OSPCB",7/12/2025 11:00,20.832874,85.104082,CO,31,72,55
India,Maharashtra,Parbhani,"Masoom Colony, Parbhani - MPCB",7/12/2025 11:00,19.265594,76.761463,PM2.5,NA,NA,NA
India,Maharashtra,Parbhani,"Masoom Colony, Parbhani - MPCB",7/12/2025 11:00,19.265594,76.761463,PM10,NA,NA,NA
India,Maharashtra,Parbhani,"Masoom Colony, Parbhani - MPCB",7/12/2025 11:00,19.265594,76.761463,NH3,3,5,4
India,Maharashtra,Pimpri-Chinchwad,"Gavalinagar, Pimpri Chinchwad - MPCB",7/12/2025 11:00,18.63673,73.82487,PM10,110,240,143
India,Odisha,Balasore,"Kalidaspur, Balasore - OSPCB",7/12/2025 11:00,21.51161,86.89088,CO,18,100,42
India,Odisha,Bhubaneswar,"Patia, Bhubaneswar - OSPCB",7/12/2025 11:00,20.34652,85.8163,SO2,2,63,19
India,Maharashtra,Pimpri-Chinchwad,"Thergaon, Pimpri Chinchwad - MPCB",7/12/2025 11:00,18.616318,73.765797,PM2.5,60,228,126
India,Maharashtra,Pimpri-Chinchwad,"Thergaon, Pimpri Chinchwad - MPCB",7/12/2025 11:00,18.616318,73.765797,PM10,92,157,122
India,Rajasthan,Ajmer,"Civil Lines,  Ajmer - RSPCB",7/12/2025 11:00,26.470859,74.646594,CO,6,34,11
India,Rajasthan,Banswara,"Rati Talai, Banswara - RSPCB",7/12/2025 11:00,23.55519,74.44001,CO,14,56,19
India,Rajasthan,Banswara,"Rati Talai, Banswara - RSPCB",7/12/2025 11:00,23.55519,74.44001,OZONE,25,91,46
India,Rajasthan,Baran,"Bamboliya, Baran - RSPCB",7/12/2025 11:00,25.106006,76.469948,NH3,7,12,9
India,Rajasthan,Baran,"Bamboliya, Baran - RSPCB",7/12/2025 11:00,25.106006,76.469948,CO,14,64,28
India,Rajasthan,Barmer,"Railway Colony, Barmer - RSPCB",7/12/2025 11:00,25.747299,71.393989,PM10,78,390,121
India,Odisha,Keonjhar,"Jagamohanpur, Keonjhar - OSPCB",7/12/2025 11:00,21.6439,85.599355,CO,2,107,33
India,Odisha,Nayagarh,"Dabuna, Nayagarh - OSPCB",7/12/2025 11:00,21.847279,85.416905,PM2.5,32,77,52
India,Odisha,Nayagarh,"Dabuna, Nayagarh - OSPCB",7/12/2025 11:00,21.847279,85.416905,OZONE,11,28,14
India,Odisha,Rairangpur,"Divisional Forest Office, Rairangpur - OSPCB",7/12/2025 11:00,22.265816,86.174829,NO2,11,11,11
India,Odisha,Rourkela,"Fertilizer Township, Rourkela - OSPCB",7/12/2025 11:00,22.18972222,84.86277778,CO,14,26,21
India,Odisha,Rourkela,"Raghunathpali, Rourkela - OSPCB",7/12/2025 11:00,22.220833,84.809444,CO,17,108,68
India,Odisha,Rourkela,"Sector-2, Rourkela - OSPCB",7/12/2025 11:00,22.245,84.88111111,CO,32,74,36
India,Odisha,Tensa,"Barsua Iron Ore Mines, Tensa - OSPCB",7/12/2025 11:00,21.869985,85.167016,PM10,56,143,95
India,Puducherry,Puducherry,"Jawahar Nagar, Puducherry - PPCC",7/12/2025 11:00,11.9309,79.8027,PM2.5,83,148,108
India,Rajasthan,Barmer,"Railway Colony, Barmer - RSPCB",7/12/2025 11:00,25.747299,71.393989,NO2,10,103,32
India,Rajasthan,Barmer,"Railway Colony, Barmer - RSPCB",7/12/2025 11:00,25.747299,71.393989,CO,2,116,20
India,Rajasthan,Bharatpur,"Krishna Nagar, Bharatpur - RSPCB",7/12/2025 11:00,27.215415,77.50873,PM10,93,277,138
India,Rajasthan,Bharatpur,"Krishna Nagar, Bharatpur - RSPCB",7/12/2025 11:00,27.215415,77.50873,NO2,28,93,46
India,Rajasthan,Bharatpur,"Krishna Nagar, Bharatpur - RSPCB",7/12/2025 11:00,27.215415,77.50873,NH3,11,19,14
India,Rajasthan,Bharatpur,"Krishna Nagar, Bharatpur - RSPCB",7/12/2025 11:00,27.215415,77.50873,OZONE,4,127,59
India,Puducherry,Puducherry,"Jawahar Nagar, Puducherry - PPCC",7/12/2025 11:00,11.9309,79.8027,NH3,2,4,2
India,Punjab,Bathinda,"Hardev Nagar, Bathinda - PPCB",7/12/2025 11:00,30.233011,74.907758,CO,58,80,76
India,Punjab,Jalandhar,"Civil Line, Jalandhar - PPCB",7/12/2025 11:00,31.321907,75.578914,NH3,4,4,4
India,Punjab,Jalandhar,"Civil Line, Jalandhar - PPCB",7/12/2025 11:00,31.321907,75.578914,SO2,21,23,22
India,Punjab,Jalandhar,"Civil Line, Jalandhar - PPCB",7/12/2025 11:00,31.321907,75.578914,CO,48,55,52
India,Punjab,Khanna,"Kalal Majra, Khanna - PPCB",7/12/2025 11:00,30.736056,76.209694,PM2.5,89,299,177
India,Punjab,Khanna,"Kalal Majra, Khanna - PPCB",7/12/2025 11:00,30.736056,76.209694,SO2,18,50,28
India,Punjab,Khanna,"Kalal Majra, Khanna - PPCB",7/12/2025 11:00,30.736056,76.209694,OZONE,24,26,25
India,Punjab,Mandi Gobindgarh,"RIMT University, Mandi Gobindgarh - PPCB",7/12/2025 11:00,30.649961,76.331442,PM10,176,378,242
India,Punjab,Mandi Gobindgarh,"RIMT University, Mandi Gobindgarh - PPCB",7/12/2025 11:00,30.649961,76.331442,SO2,9,17,12
India,Odisha,Byasanagar,"Ferro Chrome Colony, Byasanagar - OSPCB",7/12/2025 11:00,20.94185,86.1151,PM10,67,216,112
India,Odisha,Byasanagar,"Ferro Chrome Colony, Byasanagar - OSPCB",7/12/2025 11:00,20.94185,86.1151,NH3,2,3,2
India,Odisha,Cuttack,"CDA Area, Cuttack - OSPCB",7/12/2025 11:00,20.48891,85.84768,PM10,98,380,165
India,Rajasthan,Bhilwara,"Pratap Nagar, Bhilwara - RSPCB",7/12/2025 11:00,25.339605,74.618883,CO,17,96,41
India,Rajasthan,Bhiwadi,"RIICO Ind. Area III, Bhiwadi - RSPCB",7/12/2025 11:00,28.194909,76.862296,NO2,16,49,30
India,Rajasthan,Ajmer,"Civil Lines,  Ajmer - RSPCB",7/12/2025 11:00,26.470859,74.646594,PM2.5,62,126,90
India,Rajasthan,Jaipur,"Mansarovar Sector-12, Jaipur - RSPCB",7/12/2025 11:00,26.843698,75.766894,NO2,40,149,100
India,Rajasthan,Jaipur,"Mansarovar Sector-12, Jaipur - RSPCB",7/12/2025 11:00,26.843698,75.766894,NH3,12,17,14
India,Rajasthan,Jaipur,"Mansarovar Sector-12, Jaipur - RSPCB",7/12/2025 11:00,26.843698,75.766894,SO2,7,21,10
India,Rajasthan,Jaipur,"Mansarovar Sector-12, Jaipur - RSPCB",7/12/2025 11:00,26.843698,75.766894,CO,10,105,16
India,Rajasthan,Jaipur,"Mansarovar Sector-12, Jaipur - RSPCB",7/12/2025 11:00,26.843698,75.766894,OZONE,10,173,38
India,Rajasthan,Jaipur,"Police Commissionerate, Jaipur - RSPCB",7/12/2025 11:00,26.9164092,75.7994901,PM10,67,184,118
India,Rajasthan,Jaipur,"Police Commissionerate, Jaipur - RSPCB",7/12/2025 11:00,26.9164092,75.7994901,SO2,7,10,8
India,Rajasthan,Jaipur,"Police Commissionerate, Jaipur - RSPCB",7/12/2025 11:00,26.9164092,75.7994901,OZONE,3,77,3
India,Rajasthan,Jaipur,"RIICO Sitapura, Jaipur - RSPCB",7/12/2025 11:00,26.786682,75.827928,NO2,41,196,104
India,Rajasthan,Jaipur,"RIICO Sitapura, Jaipur - RSPCB",7/12/2025 11:00,26.786682,75.827928,CO,19,132,75
India,Rajasthan,Jaipur,"RIICO Sitapura, Jaipur - RSPCB",7/12/2025 11:00,26.786682,75.827928,OZONE,17,178,32
India,Rajasthan,Dholpur,"Raja Ganj, Dholpur - RSPCB",7/12/2025 11:00,26.699557,77.898881,NH3,2,2,2
India,Rajasthan,Dholpur,"Raja Ganj, Dholpur - RSPCB",7/12/2025 11:00,26.699557,77.898881,OZONE,22,47,37
India,Rajasthan,Dungarpur,"Bhoiwada, Dungarpur - RSPCB",7/12/2025 11:00,23.837789,73.714926,PM2.5,52,317,129
India,Rajasthan,Dungarpur,"Bhoiwada, Dungarpur - RSPCB",7/12/2025 11:00,23.837789,73.714926,NH3,4,7,5
India,Rajasthan,Dungarpur,"Bhoiwada, Dungarpur - RSPCB",7/12/2025 11:00,23.837789,73.714926,CO,9,71,18
India,Rajasthan,Hanumangarh,"Housing Board, Hanumangarh - RSPCB",7/12/2025 11:00,29.61075,74.283608,NO2,15,64,32
India,Rajasthan,Jaipur,"Adarsh Nagar, Jaipur - RSPCB",7/12/2025 11:00,26.902909,75.836858,NO2,37,148,90
India,Rajasthan,Jhalawar,"Rajlaxmi Nagar, Jhalawar - RSPCB",7/12/2025 11:00,24.588397,76.172782,CO,30,110,53
India,Rajasthan,Jhunjhunu,"Indra Nagar, Jhunjhunu - RSPCB",7/12/2025 11:00,28.108988,75.386577,SO2,3,25,9
India,Rajasthan,Jodhpur,"Collectorate, Jodhpur - RSPCB",7/12/2025 11:00,26.268249,73.0193853,NO2,5,11,7
India,Rajasthan,Jodhpur,"Collectorate, Jodhpur - RSPCB",7/12/2025 11:00,26.268249,73.0193853,SO2,2,103,16
India,Rajasthan,Jodhpur,"Digari Kalan, Jodhpur - RSPCB",7/12/2025 11:00,26.29581,73.082283,CO,14,54,28
India,Rajasthan,Jodhpur,"Jhalamand, Jodhpur - RSPCB",7/12/2025 11:00,26.215415,73.070156,NO2,15,100,40
India,Rajasthan,Bundi,"New Colony, Bundi - RSPCB",7/12/2025 11:00,25.435774,75.644272,OZONE,26,161,77
India,Rajasthan,Chittorgarh,"Shastri Nagar, Chittorgarh - RSPCB",7/12/2025 11:00,24.892047,74.623527,PM2.5,50,283,113
India,Rajasthan,Chittorgarh,"Shastri Nagar, Chittorgarh - RSPCB",7/12/2025 11:00,24.892047,74.623527,NH3,2,5,4
India,Rajasthan,Chittorgarh,"Shastri Nagar, Chittorgarh - RSPCB",7/12/2025 11:00,24.892047,74.623527,CO,12,68,31
India,Rajasthan,Churu,"Subash Chowk, Churu - RSPCB",7/12/2025 11:00,28.296139,74.961696,CO,10,94,46
India,Rajasthan,Dausa,"Khatikan Mohalla, Dausa - RSPCB",7/12/2025 11:00,26.895552,76.334753,CO,23,134,33
India,Rajasthan,Kota,"Dhanmandi, Kota - RSPCB",7/12/2025 11:00,25.16409,75.858137,SO2,2,18,8
India,Rajasthan,Kota,"Dhanmandi, Kota - RSPCB",7/12/2025 11:00,25.16409,75.858137,CO,8,126,34
India,Rajasthan,Kota,"Dhanmandi, Kota - RSPCB",7/12/2025 11:00,25.16409,75.858137,OZONE,5,160,32
India,Rajasthan,Kota,"Nayapura, Kota - RSPCB",7/12/2025 11:00,25.196024,75.855668,PM2.5,53,394,179
India,Rajasthan,Kota,"Nayapura, Kota - RSPCB",7/12/2025 11:00,25.196024,75.855668,NO2,23,113,65
India,Rajasthan,Kota,"Shrinath Puram, Kota - RSPCB",7/12/2025 11:00,25.14389,75.821256,SO2,8,104,19
India,Rajasthan,Jaipur,"Shastri Nagar, Jaipur - RSPCB",7/12/2025 11:00,26.9502929,75.730943,PM10,99,318,160
India,Rajasthan,Jaipur,"Shastri Nagar, Jaipur - RSPCB",7/12/2025 11:00,26.9502929,75.730943,OZONE,16,90,26
India,Rajasthan,Jalore,"Mudtra Sili, Jalore - RSPCB",7/12/2025 11:00,25.344694,72.626208,NH3,1,5,3
India,Rajasthan,Jhalawar,"Rajlaxmi Nagar, Jhalawar - RSPCB",7/12/2025 11:00,24.588397,76.172782,PM10,53,251,102
India,Rajasthan,Jhalawar,"Rajlaxmi Nagar, Jhalawar - RSPCB",7/12/2025 11:00,24.588397,76.172782,SO2,7,14,10
India,Rajasthan,Jodhpur,"Jhalamand, Jodhpur - RSPCB",7/12/2025 11:00,26.215415,73.070156,SO2,4,17,6
India,Rajasthan,Jodhpur,"Mandor, Jodhpur - RSPCB",7/12/2025 11:00,26.358805,73.047444,OZONE,22,101,58
India,Rajasthan,Jodhpur,"Samrat Ashok Udhyan, Jodhpur - RSPCB",7/12/2025 11:00,26.253384,72.976571,NH3,1,5,3
India,Rajasthan,Karauli,"Satyawati Vihar, Karauli - RSPCB",7/12/2025 11:00,26.506177,77.025989,OZONE,3,142,17
India,Rajasthan,Pratapgarh,"Pragati Nagar, Pratapgarh - RSPCB",7/12/2025 11:00,24.041198,74.780702,PM2.5,38,95,65
India,Rajasthan,Pratapgarh,"Pragati Nagar, Pratapgarh - RSPCB",7/12/2025 11:00,24.041198,74.780702,PM10,55,109,73
India,Rajasthan,Pratapgarh,"Pragati Nagar, Pratapgarh - RSPCB",7/12/2025 11:00,24.041198,74.780702,NO2,15,54,24
India,Rajasthan,Sawai Madhopur,"Sahu Nagar, Sawai Madhopur - RSPCB",7/12/2025 11:00,26.031443,76.359327,PM10,79,425,162
India,Rajasthan,Bhiwadi,"Vasundhara Nagar_UIT, Bhiwadi - RSPCB",7/12/2025 11:00,28.207266,76.829265,PM10,109,362,164
India,Rajasthan,Bhiwadi,"Vasundhara Nagar_UIT, Bhiwadi - RSPCB",7/12/2025 11:00,28.207266,76.829265,NH3,1,5,4
India,Rajasthan,Bikaner,"MM Ground, Bikaner - RSPCB",7/12/2025 11:00,28.018792,73.292658,PM2.5,130,391,291
India,TamilNadu,Ramanathapuram,"Chalai Bazaar, Ramanathapuram - TNPCB",7/12/2025 11:00,9.36399,78.831977,NH3,1,1,1
India,TamilNadu,Ramanathapuram,"Chalai Bazaar, Ramanathapuram - TNPCB",7/12/2025 11:00,9.36399,78.831977,SO2,3,5,4
India,TamilNadu,Thanjavur,"Parisutham Nagar, Thanjavur - TNPCB",7/12/2025 11:00,10.7654824,79.1389968,PM10,64,101,83
India,TamilNadu,Thanjavur,"Parisutham Nagar, Thanjavur - TNPCB",7/12/2025 11:00,10.7654824,79.1389968,NH3,1,1,1
India,TamilNadu,Thoothukudi,"Meelavittan, Thoothukudi - TNPCB",7/12/2025 11:00,8.816428,78.099039,PM10,35,500,251
India,TamilNadu,Tirunelveli,"Municipal Corporation Office, Tirunelveli - TNPCB",7/12/2025 11:00,8.728442,77.6962,NH3,NA,NA,NA
India,TamilNadu,Tirupur,"Kumaran College, Tirupur - TNPCB",7/12/2025 11:00,11.0973603,77.3228673,PM10,99,277,153
India,Telangana,Hyderabad,"Kompally Municipal Office, Hyderabad - TSPCB",7/12/2025 11:00,17.544899,78.486949,CO,10,16,11
India,Telangana,Hyderabad,"Kompally Municipal Office, Hyderabad - TSPCB",7/12/2025 11:00,17.544899,78.486949,OZONE,19,34,26
India,Telangana,Hyderabad,"Nacharam_TSIIC IALA, Hyderabad - TSPCB",7/12/2025 11:00,17.429398,78.569354,SO2,11,11,11
India,Telangana,Hyderabad,"New Malakpet, Hyderabad - TSPCB",7/12/2025 11:00,17.37206,78.50864,NH3,2,3,2
India,Telangana,Hyderabad,"New Malakpet, Hyderabad - TSPCB",7/12/2025 11:00,17.37206,78.50864,SO2,14,20,17
India,Telangana,Hyderabad,"Ramachandrapuram, Hyderabad - TSPCB",7/12/2025 11:00,17.528544,78.286195,NO2,11,12,11
India,TamilNadu,Cuddalore,"Semmandalam, Cuddalore - TNPCB",7/12/2025 11:00,11.7637683,79.7499835,NH3,1,3,2
India,TamilNadu,Cuddalore,"Semmandalam, Cuddalore - TNPCB",7/12/2025 11:00,11.7637683,79.7499835,OZONE,1,2,2
India,TamilNadu,Dindigul,"Mendonsa Colony, Dindigul - TNPCB",7/12/2025 11:00,10.358535,77.984321,SO2,20,24,22
India,TamilNadu,Gummidipoondi,"Anthoni Pillai Nagar, Gummidipoondi - TNPCB",7/12/2025 11:00,13.4127,80.1081,SO2,22,44,30
India,TamilNadu,Karur,"Kamadenu Nagar, Karur - TNPCB",7/12/2025 11:00,10.96782,78.080882,NH3,3,3,3
India,TamilNadu,Vellore,"Vasanthapuram, Vellore - TNPCB",7/12/2025 11:00,12.909494,79.131861,PM2.5,117,238,178
India,TamilNadu,Vellore,"Vasanthapuram, Vellore - TNPCB",7/12/2025 11:00,12.909494,79.131861,CO,8,8,8
India,TamilNadu,Virudhunagar,"Collectorate Office, Virudhunagar - TNPCB",7/12/2025 11:00,9.559382,77.948828,PM2.5,64,142,91
India,Telangana,Hyderabad,"Central University, Hyderabad - TSPCB",7/12/2025 11:00,17.460103,78.334361,NH3,4,22,10
India,Telangana,Hyderabad,"Central University, Hyderabad - TSPCB",7/12/2025 11:00,17.460103,78.334361,SO2,10,52,22
India,TamilNadu,Chennai,"Perungudi, Chennai - TNPCB",7/12/2025 11:00,12.9533,80.2357,PM10,68,122,98
India,TamilNadu,Chennai,"Perungudi, Chennai - TNPCB",7/12/2025 11:00,12.9533,80.2357,NH3,3,5,4
India,TamilNadu,Chennai,"Perungudi, Chennai - TNPCB",7/12/2025 11:00,12.9533,80.2357,OZONE,4,65,7
India,TamilNadu,Chennai,"Velachery Res. Area, Chennai - CPCB",7/12/2025 11:00,13.0052189,80.2398125,SO2,15,17,15
India,TamilNadu,Coimbatore,"SIDCO Kurichi, Coimbatore - TNPCB",7/12/2025 11:00,10.942451,76.978996,PM10,50,152,106
India,Rajasthan,Sikar,"Radhakishan Pura, Sikar - RSPCB",7/12/2025 11:00,27.608912,75.153302,PM10,114,500,285
India,Rajasthan,Sri Ganganagar,"Old City, Sri Ganganagar - RSPCB",7/12/2025 11:00,29.931624,73.864511,PM2.5,50,223,91
India,Rajasthan,Sri Ganganagar,"Old City, Sri Ganganagar - RSPCB",7/12/2025 11:00,29.931624,73.864511,PM10,118,348,182
India,Rajasthan,Tonk,"Shastri Nagar, Tonk - RSPCB",7/12/2025 11:00,26.159933,75.780517,PM10,89,500,206
India,Rajasthan,Tonk,"Shastri Nagar, Tonk - RSPCB",7/12/2025 11:00,26.159933,75.780517,SO2,1,3,1
India,Telangana,Hyderabad,"ECIL Kapra, Hyderabad - TSPCB",7/12/2025 11:00,17.470431,78.566959,SO2,15,17,16
India,Telangana,Hyderabad,"ICRISAT Patancheru, Hyderabad - TSPCB",7/12/2025 11:00,17.5184,78.278777,NO2,9,18,14
India,Telangana,Hyderabad,"ICRISAT Patancheru, Hyderabad - TSPCB",7/12/2025 11:00,17.5184,78.278777,CO,22,45,38
India,Telangana,Hyderabad,"IITH Kandi, Hyderabad - TSPCB",7/12/2025 11:00,17.585705,78.126199,CO,20,42,36
India,Telangana,Hyderabad,"IITH Kandi, Hyderabad - TSPCB",7/12/2025 11:00,17.585705,78.126199,OZONE,18,26,26
India,TamilNadu,Madurai,"Uchapatti, Madurai - TNPCB",7/12/2025 11:00,9.865935,78.022669,SO2,6,42,28
India,TamilNadu,Madurai,"Uchapatti, Madurai - TNPCB",7/12/2025 11:00,9.865935,78.022669,CO,14,18,16
India,TamilNadu,Nagapattinam,"Velippalayam, Nagapattinam - TNPCB",7/12/2025 11:00,10.798548,79.838212,PM10,41,93,63
India,TamilNadu,Ariyalur,"Keelapalur, Ariyalur - TNPCB",7/12/2025 11:00,11.06825,79.07033,PM2.5,47,86,72
India,TamilNadu,Ariyalur,"Keelapalur, Ariyalur - TNPCB",7/12/2025 11:00,11.06825,79.07033,NH3,1,1,1
India,Uttar_Pradesh,Agra,"Shahjahan Garden, Agra - UPPCB",7/12/2025 11:00,27.169338,78.03582,PM2.5,NA,NA,NA
India,Uttar_Pradesh,Agra,"Shahjahan Garden, Agra - UPPCB",7/12/2025 11:00,27.169338,78.03582,PM10,NA,NA,NA
India,Uttar_Pradesh,Agra,"Shahjahan Garden, Agra - UPPCB",7/12/2025 11:00,27.169338,78.03582,SO2,6,18,11
India,Uttar_Pradesh,Agra,"Shahjahan Garden, Agra - UPPCB",7/12/2025 11:00,27.169338,78.03582,CO,18,58,35
India,Uttar_Pradesh,Agra,"Shastripuram, Agra - UPPCB",7/12/2025 11:00,27.19862,77.92066,CO,18,29,22
India,Uttar_Pradesh,Agra,"Shastripuram, Agra - UPPCB",7/12/2025 11:00,27.19862,77.92066,OZONE,6,7,6
India,Uttar_Pradesh,Baghpat,"Sardar Patel Inter College, Baghpat - UPPCB",7/12/2025 11:00,28.964949,77.278761,SO2,11,35,20
India,Uttar_Pradesh,Bareilly,"Civil Lines, Bareilly - UPPCB",7/12/2025 11:00,28.359581,79.414455,NO2,2,3,2
India,Uttar_Pradesh,Bareilly,"Rajendra Nagar, Bareilly - UPPCB",7/12/2025 11:00,28.38910936,79.42963708,PM2.5,72,253,113
India,Uttar_Pradesh,Lucknow,"Lalbagh, Lucknow - CPCB",7/12/2025 11:00,26.8458805,80.9365541,SO2,3,24,10
India,Uttar_Pradesh,Lucknow,"Lalbagh, Lucknow - CPCB",7/12/2025 11:00,26.8458805,80.9365541,CO,15,106,19
India,Uttar_Pradesh,Lucknow,"Talkatora District Industries Center, Lucknow - CPCB",7/12/2025 11:00,26.83399722,80.8917361,NO2,48,79,55
India,Uttar_Pradesh,Lucknow,"Talkatora District Industries Center, Lucknow - CPCB",7/12/2025 11:00,26.83399722,80.8917361,CO,5,58,28
India,Uttar_Pradesh,Lucknow,"Talkatora District Industries Center, Lucknow - CPCB",7/12/2025 11:00,26.83399722,80.8917361,OZONE,9,53,18
India,Uttar_Pradesh,Meerut,"Ganga Nagar, Meerut - UPPCB",7/12/2025 11:00,28.999264,77.7590354,OZONE,16,146,45
India,Uttar_Pradesh,Meerut,"Jai Bhim Nagar, Meerut - UPPCB",7/12/2025 11:00,28.9535882,77.7622941,PM2.5,96,367,268
India,Uttar_Pradesh,Meerut,"Jai Bhim Nagar, Meerut - UPPCB",7/12/2025 11:00,28.9535882,77.7622941,PM10,167,355,232
India,Uttar_Pradesh,Meerut,"Jai Bhim Nagar, Meerut - UPPCB",7/12/2025 11:00,28.9535882,77.7622941,NO2,19,69,35
India,Uttar_Pradesh,Bareilly,"Rajendra Nagar, Bareilly - UPPCB",7/12/2025 11:00,28.38910936,79.42963708,NH3,1,1,1
India,Uttar_Pradesh,Bulandshahr,"Yamunapuram, Bulandshahr - UPPCB",7/12/2025 11:00,28.406963,77.849831,PM2.5,82,316,211
India,Uttar_Pradesh,Bulandshahr,"Yamunapuram, Bulandshahr - UPPCB",7/12/2025 11:00,28.406963,77.849831,OZONE,2,159,13
India,Uttar_Pradesh,Firozabad,"Nagla Bhau, Firozabad - UPPCB",7/12/2025 11:00,27.168897,78.37696,NO2,17,17,17
India,Uttar_Pradesh,Firozabad,"Nagla Bhau, Firozabad - UPPCB",7/12/2025 11:00,27.168897,78.37696,CO,14,18,16
India,Uttar_Pradesh,Ghaziabad,"Indirapuram, Ghaziabad - UPPCB",7/12/2025 11:00,28.646233,77.358075,PM2.5,173,324,266
India,Uttar_Pradesh,Ghaziabad,"Indirapuram, Ghaziabad - UPPCB",7/12/2025 11:00,28.646233,77.358075,NH3,8,10,9
India,Uttar_Pradesh,Ghaziabad,"Sanjay Nagar, Ghaziabad - UPPCB",7/12/2025 11:00,28.685382,77.453839,SO2,14,28,19
India,Uttar_Pradesh,Ghaziabad,"Vasundhara, Ghaziabad - UPPCB",7/12/2025 11:00,28.6603346,77.3572563,PM2.5,196,381,327
India,Uttar_Pradesh,Ghaziabad,"Vasundhara, Ghaziabad - UPPCB",7/12/2025 11:00,28.6603346,77.3572563,PM10,179,360,249
India,Uttar_Pradesh,Ghaziabad,"Vasundhara, Ghaziabad - UPPCB",7/12/2025 11:00,28.6603346,77.3572563,OZONE,7,89,24
India,Uttar_Pradesh,Gorakhpur,"Madan Mohan Malaviya University of Technology, Gorakhpur - UPPCB",7/12/2025 11:00,26.730136,83.433859,PM2.5,55,324,110
India,Uttar_Pradesh,Agra,"Rohta, Agra - UPPCB",7/12/2025 11:00,27.106972,78.000111,PM2.5,47,135,84
India,Uttar_Pradesh,Agra,"Rohta, Agra - UPPCB",7/12/2025 11:00,27.106972,78.000111,PM10,87,161,116
India,Uttar_Pradesh,Agra,"Rohta, Agra - UPPCB",7/12/2025 11:00,27.106972,78.000111,NO2,15,18,15
India,Uttar_Pradesh,Agra,"Sanjay Palace, Agra - UPPCB",7/12/2025 11:00,27.19865833,78.00598056,SO2,16,17,17
India,Uttar_Pradesh,Agra,"Sector-3B Avas Vikas Colony, Agra - UPPCB",7/12/2025 11:00,27.19412,77.96237,PM2.5,36,193,76
India,Uttar_Pradesh,Agra,"Sector-3B Avas Vikas Colony, Agra - UPPCB",7/12/2025 11:00,27.19412,77.96237,OZONE,6,55,10
India,Uttar_Pradesh,Jhansi,"Shivaji Nagar, Jhansi - UPPCB",7/12/2025 11:00,25.4547,78.6039,CO,14,115,31
India,Uttar_Pradesh,Kanpur,"NSI Kalyanpur, Kanpur - UPPCB",7/12/2025 11:00,26.509954,80.249612,NH3,3,3,3
India,Uttar_Pradesh,Kanpur,"Nehru Nagar, Kanpur - UPPCB",7/12/2025 11:00,26.4703136,80.3229863,NO2,14,40,24
India,Uttar_Pradesh,Kanpur,"Nehru Nagar, Kanpur - UPPCB",7/12/2025 11:00,26.4703136,80.3229863,CO,32,57,52
India,Uttar_Pradesh,Kanpur,"Nehru Nagar, Kanpur - UPPCB",7/12/2025 11:00,26.4703136,80.3229863,OZONE,6,32,8
India,Telangana,Hyderabad,"Somajiguda, Hyderabad - TSPCB",7/12/2025 11:00,17.417094,78.457437,OZONE,19,58,28
India,Telangana,Hyderabad,"Zoo Park, Hyderabad - TSPCB",7/12/2025 11:00,17.349694,78.451437,SO2,3,4,3
India,Telangana,Hyderabad,"Zoo Park, Hyderabad - TSPCB",7/12/2025 11:00,17.349694,78.451437,CO,5,100,43
India,Tripura,Agartala,"Bardowali, Agartala - Tripura SPCB",7/12/2025 11:00,23.8175497,91.2726974,CO,NA,NA,NA
India,Uttar_Pradesh,Greater Noida,"Knowledge Park - III, Greater Noida - UPPCB",7/12/2025 11:00,28.47272,77.482,PM10,166,278,206
India,Uttar_Pradesh,Greater Noida,"Knowledge Park - V, Greater Noida - UPPCB",7/12/2025 11:00,28.557054,77.453663,CO,24,100,34
India,Uttar_Pradesh,Jhansi,"Shivaji Nagar, Jhansi - UPPCB",7/12/2025 11:00,25.4547,78.6039,SO2,12,22,15
India,Uttar_Pradesh,Lucknow,"Gomti Nagar, Lucknow - UPPCB",7/12/2025 11:00,26.86812,81.005119,PM2.5,122,421,218
India,Uttar_Pradesh,Lucknow,"Gomti Nagar, Lucknow - UPPCB",7/12/2025 11:00,26.86812,81.005119,NO2,6,8,7
India,Uttarakhand,Dehradun,"Doon University, Dehradun - UKPCB",7/12/2025 11:00,30.269444,78.044167,OZONE,23,79,30
India,Uttarakhand,Kashipur,"Govt. Girls Inter College, Kashipur - UKPCB",7/12/2025 11:00,29.2124114,78.9611753,NH3,2,14,5
India,Uttarakhand,Kashipur,"Govt. Girls Inter College, Kashipur - UKPCB",7/12/2025 11:00,29.2124114,78.9611753,SO2,1,10,7
India,Uttarakhand,Kashipur,"Govt. Girls Inter College, Kashipur - UKPCB",7/12/2025 11:00,29.2124114,78.9611753,CO,42,52,48
India,West_Bengal,Asansol,"Asansol Court Area, Asansol - WBPCB",7/12/2025 11:00,23.685297,86.945968,NO2,15,28,22
India,West_Bengal,Asansol,"Asansol Court Area, Asansol - WBPCB",7/12/2025 11:00,23.685297,86.945968,NH3,2,9,5
India,West_Bengal,Asansol,"Asansol Court Area, Asansol - WBPCB",7/12/2025 11:00,23.685297,86.945968,SO2,18,40,24
India,West_Bengal,Asansol,"Evelyn Lodge, Asansol - WBPCB",7/12/2025 11:00,23.697936,86.944395,NO2,12,72,32
India,Uttar_Pradesh,Prayagraj,"Jhunsi, Prayagraj - UPPCB",7/12/2025 11:00,25.425602,81.917152,CO,26,85,30
India,Uttar_Pradesh,Prayagraj,"Jhunsi, Prayagraj - UPPCB",7/12/2025 11:00,25.425602,81.917152,OZONE,15,34,17
India,Uttar_Pradesh,Prayagraj,"Motilal Nehru NIT, Prayagraj - UPPCB",7/12/2025 11:00,25.494,81.863,PM10,55,110,82
India,Uttar_Pradesh,Prayagraj,"Motilal Nehru NIT, Prayagraj - UPPCB",7/12/2025 11:00,25.494,81.863,NO2,12,12,12
India,Uttar_Pradesh,Prayagraj,"Motilal Nehru NIT, Prayagraj - UPPCB",7/12/2025 11:00,25.494,81.863,NH3,8,8,8
India,Uttar_Pradesh,Prayagraj,"Nagar Nigam, Prayagraj - UPPCB",7/12/2025 11:00,25.44919916,81.82735986,PM2.5,68,312,146
India,Uttar_Pradesh,Prayagraj,"Nagar Nigam, Prayagraj - UPPCB",7/12/2025 11:00,25.44919916,81.82735986,CO,31,112,36
India,Uttar_Pradesh,Varanasi,"Ardhali Bazar, Varanasi - UPPCB",7/12/2025 11:00,25.3505986,82.9083074,OZONE,6,21,13
India,Uttar_Pradesh,Varanasi,"Bhelupur, Varanasi - UPPCB",7/12/2025 11:00,25.301778,82.996789,NH3,1,1,1
India,Uttar_Pradesh,Varanasi,"Bhelupur, Varanasi - UPPCB",7/12/2025 11:00,25.301778,82.996789,SO2,25,27,26
India,Uttar_Pradesh,Varanasi,"Bhelupur, Varanasi - UPPCB",7/12/2025 11:00,25.301778,82.996789,OZONE,1,6,1
India,Uttar_Pradesh,Varanasi,"IESD Banaras Hindu University, Varanasi - UPPCB",7/12/2025 11:00,25.262326,82.995408,NO2,2,2,2
India,Uttar_Pradesh,Varanasi,"Maldahiya, Varanasi - UPPCB",7/12/2025 11:00,25.32393,82.99687,NO2,2,2,2
India,Uttar_Pradesh,Vrindavan,"Omex Eternity, Vrindavan - UPPCB",7/12/2025 11:00,27.571409,77.655757,OZONE,15,16,15
India,Uttarakhand,Dehradun,"Doon University, Dehradun - UKPCB",7/12/2025 11:00,30.269444,78.044167,CO,38,40,38
India,West_Bengal,Durgapur,"PCBL Residential Complex, Durgapur - WBPCB",7/12/2025 11:00,23.508764,87.35444,PM10,66,144,112
India,West_Bengal,Durgapur,"PCBL Residential Complex, Durgapur - WBPCB",7/12/2025 11:00,23.508764,87.35444,NO2,17,50,34
India,West_Bengal,Durgapur,"PCBL Residential Complex, Durgapur - WBPCB",7/12/2025 11:00,23.508764,87.35444,NH3,11,13,13
India,West_Bengal,Durgapur,"Womens College_City Center, Durgapur - WBPCB (Formerly known as Sidhu Kanhu Indoor Stadium)",7/12/2025 11:00,23.549395,87.300496,NO2,26,35,29
India,West_Bengal,Durgapur,"Womens College_City Center, Durgapur - WBPCB (Formerly known as Sidhu Kanhu Indoor Stadium)",7/12/2025 11:00,23.549395,87.300496,NH3,2,3,2
India,West_Bengal,Howrah,"Belur Math, Howrah - WBPCB",7/12/2025 11:00,22.629801,88.352017,PM10,129,443,208
India,Uttar_Pradesh,Muzaffarnagar,"New Mandi, Muzaffarnagar - UPPCB",7/12/2025 11:00,29.4723508,77.7194031,SO2,7,23,14
India,Uttar_Pradesh,Noida,"Sector - 125, Noida - UPPCB",7/12/2025 11:00,28.5447608,77.3231257,NO2,35,162,103
India,Uttar_Pradesh,Noida,"Sector - 62, Noida - IMD",7/12/2025 11:00,28.6245479,77.3577104,PM10,156,373,214
India,Uttar_Pradesh,Noida,"Sector-1, Noida - UPPCB",7/12/2025 11:00,28.5898,77.3101,CO,11,107,49
India,Uttar_Pradesh,Noida,"Sector-116, Noida - UPPCB",7/12/2025 11:00,28.56923,77.393848,SO2,6,23,13
India,West_Bengal,Asansol,"Evelyn Lodge, Asansol - WBPCB",7/12/2025 11:00,23.697936,86.944395,CO,16,86,48
India,West_Bengal,Asansol,"Mahabir Colliery, Asansol - WBPCB",7/12/2025 11:00,23.618183,87.105718,CO,42,110,94
India,West_Bengal,Asansol,"Trivenidevi Bhalotia College, Asansol - WBPCB",7/12/2025 11:00,23.616515,87.119133,NO2,19,47,34
India,West_Bengal,Barrackpore,"SVSPA Campus, Barrackpore - WBPCB",7/12/2025 11:00,22.7605581,88.3617589,NO2,12,52,29
India,West_Bengal,Barrackpore,"SVSPA Campus, Barrackpore - WBPCB",7/12/2025 11:00,22.7605581,88.3617589,NH3,8,11,10
India,West_Bengal,Howrah,"Botanical Garden, Howrah - WBPCB",7/12/2025 11:00,22.554954,88.292568,PM10,69,161,115
India,West_Bengal,Howrah,"Botanical Garden, Howrah - WBPCB",7/12/2025 11:00,22.554954,88.292568,NH3,2,4,3
India,West_Bengal,Howrah,"Botanical Garden, Howrah - WBPCB",7/12/2025 11:00,22.554954,88.292568,SO2,10,54,18
India,West_Bengal,Howrah,"Dasnagar, Howrah - WBPCB",7/12/2025 11:00,22.6025571,88.3105664,NO2,22,107,63
India,West_Bengal,Howrah,"Ghusuri, Howrah - WBPCB",7/12/2025 11:00,22.611968,88.347422,SO2,12,21,17
India,Uttar_Pradesh,Moradabad,"Kashiram Nagar, Moradabad - UPPCB",7/12/2025 11:00,28.849399,78.742362,CO,32,106,36
India,Uttar_Pradesh,Moradabad,"Transport Nagar, Moradabad - UPPCB",7/12/2025 11:00,28.802625,78.753728,PM2.5,56,224,110
India,Uttar_Pradesh,Moradabad,"Transport Nagar, Moradabad - UPPCB",7/12/2025 11:00,28.802625,78.753728,NH3,5,6,6
India,Uttar_Pradesh,Meerut,"Pallavpuram Phase 2, Meerut - UPPCB",7/12/2025 11:00,29.06351,77.709723,CO,20,94,48
India,Uttar_Pradesh,Moradabad,"Buddhi Vihar, Moradabad - UPPCB",7/12/2025 11:00,28.83526,78.7446,NO2,29,29,29
India,West_Bengal,Kolkata,"Ballygunge, Kolkata - WBPCB",7/12/2025 11:00,22.5367507,88.3638022,PM2.5,99,317,215
India,West_Bengal,Kolkata,"Bidhannagar, Kolkata - WBPCB",7/12/2025 11:00,22.58157048,88.41002457,NO2,1,40,18
India,West_Bengal,Kolkata,"Fort William, Kolkata - WBPCB",7/12/2025 11:00,22.55664,88.342674,SO2,9,38,19
India,West_Bengal,Kolkata,"Fort William, Kolkata - WBPCB",7/12/2025 11:00,22.55664,88.342674,CO,28,110,43
India,West_Bengal,Kolkata,"Jadavpur, Kolkata - WBPCB",7/12/2025 11:00,22.49929,88.36917,NO2,34,149,82
India,West_Bengal,Kolkata,"Rabindra Bharati University, Kolkata - WBPCB",7/12/2025 11:00,22.627847,88.380669,NO2,35,128,77
India,West_Bengal,Kolkata,"Victoria, Kolkata - WBPCB",7/12/2025 11:00,22.5448082,88.3403691,PM10,124,304,173
India,West_Bengal,Kolkata,"Victoria, Kolkata - WBPCB",7/12/2025 11:00,22.5448082,88.3403691,NH3,4,5,4
India,Andaman and Nicobar,Sri Vijaya Puram,"Police Line, Sri Vijaya Puram - ANPCC",7/12/2025 11:00,11.654054,92.734055,PM2.5,13,13,13
India,Andaman and Nicobar,Sri Vijaya Puram,"Police Line, Sri Vijaya Puram - ANPCC",7/12/2025 11:00,11.654054,92.734055,NO2,14,27,22
India,Andhra_Pradesh,Amaravati,"Secretariat, Amaravati - APPCB",7/12/2025 11:00,16.5150833,80.5181667,PM10,108,193,146
India,Andhra_Pradesh,Amaravati,"Secretariat, Amaravati - APPCB",7/12/2025 11:00,16.5150833,80.5181667,CO,26,46,34
India,Andhra_Pradesh,Anantapur,"Gulzarpet, Anantapur - APPCB",7/12/2025 11:00,14.675886,77.593027,PM10,40,202,99
India,Andhra_Pradesh,Anantapur,"Gulzarpet, Anantapur - APPCB",7/12/2025 11:00,14.675886,77.593027,CO,20,36,23
India,Andhra_Pradesh,Chittoor,"Gangineni Cheruvu, Chittoor - APPCB",7/12/2025 11:00,13.20488,79.097889,PM10,31,187,116
India,Andhra_Pradesh,Chittoor,"Gangineni Cheruvu, Chittoor - APPCB",7/12/2025 11:00,13.20488,79.097889,NH3,6,7,6
India,Arunachal_Pradesh,Naharlagun,"Naharlagun, Naharlagun - APSPCB",7/12/2025 11:00,27.103358,93.679645,PM10,20,311,108
India,Arunachal_Pradesh,Naharlagun,"Naharlagun, Naharlagun - APSPCB",7/12/2025 11:00,27.103358,93.679645,CO,7,60,10
India,Arunachal_Pradesh,Naharlagun,"Naharlagun, Naharlagun - APSPCB",7/12/2025 11:00,27.103358,93.679645,OZONE,5,8,5
India,Assam,Byrnihat,"Central Academy for SFS, Byrnihat - PCBA",7/12/2025 11:00,26.071318,91.87488,PM10,91,152,125
India,Assam,Guwahati,"IITG, Guwahati - PCBA",7/12/2025 11:00,26.2028636,91.70046436,PM10,55,168,122
India,Assam,Guwahati,"LGBI Airport, Guwahati - PCBA",7/12/2025 11:00,26.10887,91.589544,NO2,13,16,15
India,Assam,Guwahati,"LGBI Airport, Guwahati - PCBA",7/12/2025 11:00,26.10887,91.589544,OZONE,10,14,12
India,Assam,Guwahati,"Pan Bazaar, Guwahati - PCBA",7/12/2025 11:00,26.1875,91.744194,PM2.5,42,212,115
India,Assam,Nagaon,"Christianpatty, Nagaon - PCBA",7/12/2025 11:00,26.349082,92.68449,PM2.5,64,152,113
India,Assam,Nagaon,"Christianpatty, Nagaon - PCBA",7/12/2025 11:00,26.349082,92.68449,PM10,69,118,104
India,Assam,Nagaon,"Christianpatty, Nagaon - PCBA",7/12/2025 11:00,26.349082,92.68449,NH3,4,4,4
India,Assam,Nalbari,"Bata Chowk, Nalbari - PCBA",7/12/2025 11:00,26.446912,91.439057,PM10,27,315,159
India,Assam,Nalbari,"Bata Chowk, Nalbari - PCBA",7/12/2025 11:00,26.446912,91.439057,NO2,10,15,14
India,Assam,Silchar,"Tarapur, Silchar - PCBA",7/12/2025 11:00,24.82827,92.79525,PM2.5,27,76,49
India,Assam,Silchar,"Tarapur, Silchar - PCBA",7/12/2025 11:00,24.82827,92.79525,NH3,1,1,1
India,Assam,Silchar,"Tarapur, Silchar - PCBA",7/12/2025 11:00,24.82827,92.79525,CO,35,88,48
India,Assam,Sivasagar,"Girls College, Sivasagar - PCBA",7/12/2025 11:00,26.987634,94.636574,PM2.5,23,89,53
India,Bihar,Gaya,"SFTI Kusdihra, Gaya - BSPCB",7/12/2025 11:00,24.762518,84.982348,SO2,8,10,9
India,Bihar,Hajipur,"Industrial Area, Hajipur - BSPCB",7/12/2025 11:00,25.697189,85.2459,NO2,37,57,47
India,Bihar,Hajipur,"Industrial Area, Hajipur - BSPCB",7/12/2025 11:00,25.697189,85.2459,SO2,5,8,7
India,Bihar,Katihar,"Mirchaibari, Katihar - BSPCB",7/12/2025 11:00,25.560083,87.553265,PM2.5,57,167,99
India,Bihar,Katihar,"Mirchaibari, Katihar - BSPCB",7/12/2025 11:00,25.560083,87.553265,OZONE,5,8,7
India,Bihar,Kishanganj,"SDM Office_Khagra, Kishanganj - BSPCB",7/12/2025 11:00,26.0881305,87.93840336,CO,17,26,19
India,Assam,Sivasagar,"Girls College, Sivasagar - PCBA",7/12/2025 11:00,26.987634,94.636574,NH3,4,19,10
India,Assam,Sivasagar,"Girls College, Sivasagar - PCBA",7/12/2025 11:00,26.987634,94.636574,SO2,8,13,10
India,Bihar,Araria,"Kharahiya Basti, Araria - BSPCB",7/12/2025 11:00,26.146529,87.454184,NO2,2,44,14
India,Bihar,Arrah,"New DM Office, Arrah - BSPCB",7/12/2025 11:00,25.5626095,84.663264,OZONE,5,29,12
India,Bihar,Aurangabad,"Gurdeo Nagar, Aurangabad - BSPCB",7/12/2025 11:00,24.75746,84.366208,NH3,1,2,2
India,Bihar,Aurangabad,"Gurdeo Nagar, Aurangabad - BSPCB",7/12/2025 11:00,24.75746,84.366208,SO2,11,14,13
India,Bihar,Bihar Sharif,"D M Colony, Bihar Sharif - BSPCB",7/12/2025 11:00,25.204762,85.51496,NO2,9,10,9
India,Bihar,Bihar Sharif,"D M Colony, Bihar Sharif - BSPCB",7/12/2025 11:00,25.204762,85.51496,OZONE,1,15,6
India,Bihar,Buxar,"Charitra Van, Buxar - BSPCB",7/12/2025 11:00,25.56752,83.966379,PM2.5,87,250,166
India,Bihar,Chhapra,"Darshan Nagar, Chhapra - BSPCB",7/12/2025 11:00,25.7808257,84.7446768,NO2,2,3,3
India,Bihar,Chhapra,"Darshan Nagar, Chhapra - BSPCB",7/12/2025 11:00,25.7808257,84.7446768,NH3,5,7,6
India,Bihar,Gaya,"Kareemganj, Gaya - BSPCB",7/12/2025 11:00,24.792403,84.992416,PM2.5,50,310,154
India,Bihar,Begusarai,"Lohiyanagar, Begusarai - BSPCB",7/12/2025 11:00,25.42742023,86.13886079,CO,29,31,31
India,Bihar,Begusarai,"Lohiyanagar, Begusarai - BSPCB",7/12/2025 11:00,25.42742023,86.13886079,OZONE,1,98,4
India,Bihar,Bettiah,"Kamalnath Nagar, Bettiah - BSPCB",7/12/2025 11:00,26.80365,84.51954,NH3,1,1,1
India,Bihar,Bhagalpur,"DM Office_Kachari Chowk, Bhagalpur - BSPCB",7/12/2025 11:00,25.251013,86.989001,NH3,1,1,1
India,Bihar,Bhagalpur,"DM Office_Kachari Chowk, Bhagalpur - BSPCB",7/12/2025 11:00,25.251013,86.989001,OZONE,9,19,14
India,Bihar,Bhagalpur,"Mayaganj, Bhagalpur - BSPCB",7/12/2025 11:00,25.265194,87.012947,OZONE,32,95,53
India,Andhra_Pradesh,Vijayawada,"Rajiv Gandhi Park, Vijayawada - APPCB",7/12/2025 11:00,16.509717,80.612222,NO2,48,121,66
India,Andhra_Pradesh,Vijayawada,"Rajiv Gandhi Park, Vijayawada - APPCB",7/12/2025 11:00,16.509717,80.612222,SO2,14,16,15
India,Andhra_Pradesh,Vijayawada,"Rajiv Nagar, Vijayawada - APPCB",7/12/2025 11:00,16.554731,80.64911,PM10,49,78,60
India,Andhra_Pradesh,Visakhapatnam,"GVM Corporation, Visakhapatnam - APPCB",7/12/2025 11:00,17.72,83.3,NO2,25,105,52
India,Bihar,Manguraha,"Forest Rest House, Manguraha - BSPCB",7/12/2025 11:00,27.308328,84.531742,NH3,1,2,1
India,Bihar,Motihari,"Gandak Colony, Motihari - BSPCB",7/12/2025 11:00,26.63086,84.90051,PM2.5,53,341,199
India,Bihar,Motihari,"Gandak Colony, Motihari - BSPCB",7/12/2025 11:00,26.63086,84.90051,NO2,9,13,11
India,Bihar,Motihari,"Gandak Colony, Motihari - BSPCB",7/12/2025 11:00,26.63086,84.90051,CO,38,58,41
India,Andhra_Pradesh,Rajamahendravaram,"Anand Kala Kshetram, Rajamahendravaram - APPCB",7/12/2025 11:00,16.9872867,81.7363176,NH3,3,5,3
India,Bihar,Siwan,"Chitragupta Nagar, Siwan - BSPCB",7/12/2025 11:00,26.2271665,84.3570427,NH3,1,1,1
India,Bihar,Siwan,"Chitragupta Nagar, Siwan - BSPCB",7/12/2025 11:00,26.2271665,84.3570427,OZONE,6,7,6
India,Chandigarh,Chandigarh,"Sector 22, Chandigarh - CPCC",7/12/2025 11:00,30.735567,76.775714,NO2,28,124,52
India,Chandigarh,Chandigarh,"Sector 22, Chandigarh - CPCC",7/12/2025 11:00,30.735567,76.775714,CO,60,108,73
India,Chandigarh,Chandigarh,"Sector-25, Chandigarh - CPCC",7/12/2025 11:00,30.751462,76.762879,PM10,102,147,125
India,Chandigarh,Chandigarh,"Sector-25, Chandigarh - CPCC",7/12/2025 11:00,30.751462,76.762879,SO2,6,20,11
India,Chandigarh,Chandigarh,"Sector-53, Chandigarh - CPCC",7/12/2025 11:00,30.719859,76.738637,PM2.5,58,314,182
India,Chandigarh,Chandigarh,"Sector-53, Chandigarh - CPCC",7/12/2025 11:00,30.719859,76.738637,NO2,28,139,53
India,Chandigarh,Chandigarh,"Sector-53, Chandigarh - CPCC",7/12/2025 11:00,30.719859,76.738637,CO,40,105,48
India,Chhattisgarh,Milupara,"Govt. Higher Secondary School, Milupara - CECB",7/12/2025 11:00,22.1910172,83.5197009,CO,16,66,31
India,Chhattisgarh,Milupara,"Govt. Higher Secondary School, Milupara - CECB",7/12/2025 11:00,22.1910172,83.5197009,OZONE,7,115,27
India,Chhattisgarh,Raipur,"AIIMS, Raipur - CECB",7/12/2025 11:00,21.258815,81.578979,CO,NA,NA,NA
India,Chhattisgarh,Raipur,"Bhatagaon New ISBT, Raipur - CECB",7/12/2025 11:00,21.219665,81.630094,NO2,NA,NA,NA
India,Chhattisgarh,Raipur,"Bhatagaon New ISBT, Raipur - CECB",7/12/2025 11:00,21.219665,81.630094,SO2,6,16,8
India,Chhattisgarh,Raipur,"Bhatagaon New ISBT, Raipur - CECB",7/12/2025 11:00,21.219665,81.630094,CO,42,122,94
India,Chhattisgarh,Raipur,"Krishak Nagar, Raipur - CECB",7/12/2025 11:00,21.237755,81.705301,CO,19,66,61
India,Chhattisgarh,Raipur,"Siltara Phase-II, Raipur - CECB",7/12/2025 11:00,21.371751,81.664929,NO2,8,22,16
India,Delhi,Delhi,"Ashok Vihar, Delhi - DPCC",7/12/2025 11:00,28.695381,77.181665,CO,26,84,43
India,Delhi,Delhi,"Aya Nagar, Delhi - IMD",7/12/2025 11:00,28.4706914,77.1099364,NO2,3,46,20
India,Delhi,Delhi,"Aya Nagar, Delhi - IMD",7/12/2025 11:00,28.4706914,77.1099364,CO,30,72,50
India,Delhi,Delhi,"Aya Nagar, Delhi - IMD",7/12/2025 11:00,28.4706914,77.1099364,OZONE,18,88,39
India,Delhi,Delhi,"Bawana, Delhi - DPCC",7/12/2025 11:00,28.7762,77.051074,OZONE,11,108,24
India,Delhi,Delhi,"Burari Crossing, Delhi - IMD",7/12/2025 11:00,28.7256504,77.2011573,CO,7,58,27
India,Delhi,Delhi,"CRRI Mathura Road, Delhi - IMD",7/12/2025 11:00,28.5512005,77.2735737,PM2.5,147,349,287
India,Bihar,Purnia,"Mariam Nagar, Purnia - BSPCB",7/12/2025 11:00,25.366336,87.117468,PM10,25,99,63
India,Bihar,Rajgir,"Dangi Tola, Rajgir - BSPCB",7/12/2025 11:00,25.0328,85.41948,PM10,NA,NA,NA
India,Bihar,Saharsa,"Police Line, Saharsa - BSPCB",7/12/2025 11:00,25.892357,86.590325,SO2,15,20,17
India,Bihar,Samastipur,"DM Office_Kasipur, Samastipur - BSPCB",7/12/2025 11:00,25.859655,85.77944,PM10,23,75,50
India,Bihar,Sasaram,"Dada Peer, Sasaram - BSPCB",7/12/2025 11:00,24.952822,84.002396,NH3,3,7,3
India,Chhattisgarh,Raipur,"Siltara Phase-II, Raipur - CECB",7/12/2025 11:00,21.371751,81.664929,OZONE,3,3,3
India,Delhi,Delhi,"Alipur, Delhi - DPCC",7/12/2025 11:00,28.815329,77.15301,NH3,7,9,7
India,Delhi,Delhi,"Alipur, Delhi - DPCC",7/12/2025 11:00,28.815329,77.15301,OZONE,17,55,25
India,Delhi,Delhi,"Anand Vihar, Delhi - DPCC",7/12/2025 11:00,28.647622,77.315809,NH3,10,14,12
India,Delhi,Delhi,"Anand Vihar, Delhi - DPCC",7/12/2025 11:00,28.647622,77.315809,CO,95,121,99
India,Chhattisgarh,Chhal,"Nawapara SECL Colony, Chhal - CECB",7/12/2025 11:00,22.118125,83.140608,SO2,4,86,25
India,Chhattisgarh,Chhal,"Nawapara SECL Colony, Chhal - CECB",7/12/2025 11:00,22.118125,83.140608,CO,19,47,40
India,Chhattisgarh,Korba,"Rampur, Korba - CECB",7/12/2025 11:00,22.368195,82.746431,NH3,2,2,2
India,Chhattisgarh,Korba,"Rampur, Korba - CECB",7/12/2025 11:00,22.368195,82.746431,CO,22,42,25
India,Chhattisgarh,Korba,"Urja Nagar, Korba - CECB",7/12/2025 11:00,22.348441,82.549611,CO,22,46,24
India,Bihar,Patna,"IGSC Planetarium Complex, Patna - BSPCB",7/12/2025 11:00,25.610369,85.132568,SO2,1,24,20
India,Bihar,Patna,"IGSC Planetarium Complex, Patna - BSPCB",7/12/2025 11:00,25.610369,85.132568,OZONE,28,30,29
India,Bihar,Patna,"Muradpur, Patna - BSPCB",7/12/2025 11:00,25.619651,85.147382,CO,33,62,52
India,Bihar,Patna,"Muradpur, Patna - BSPCB",7/12/2025 11:00,25.619651,85.147382,OZONE,4,22,7
India,Bihar,Patna,"Samanpura, Patna - BSPCB",7/12/2025 11:00,25.596727,85.085624,SO2,1,6,3
India,Chhattisgarh,Bhilai,"32Bungalows, Bhilai - CECB",7/12/2025 11:00,21.194815,81.31477,NO2,19,104,57
India,Chhattisgarh,Bhilai,"Civic Center, Bhilai - Bhilai Steel Plant",7/12/2025 11:00,21.185571,81.343175,PM10,34,126,69
India,Chhattisgarh,Bhilai,"Hathkhoj, Bhilai - CECB",7/12/2025 11:00,21.224231,81.40835,PM2.5,42,315,160
India,Chhattisgarh,Bhilai,"Hathkhoj, Bhilai - CECB",7/12/2025 11:00,21.224231,81.40835,OZONE,2,19,6
India,Bihar,Muzaffarpur,"MIT-Daudpur Kothi, Muzaffarpur - BSPCB",7/12/2025 11:00,26.1403345,85.3650192,NH3,1,2,2
India,Bihar,Muzaffarpur,"MIT-Daudpur Kothi, Muzaffarpur - BSPCB",7/12/2025 11:00,26.1403345,85.3650192,OZONE,8,58,8
India,Bihar,Patna,"DRM Office Danapur, Patna - BSPCB",7/12/2025 11:00,25.586562,85.043586,PM10,91,168,128
India,Delhi,Delhi,"Sri Aurobindo Marg, Delhi - DPCC",7/12/2025 11:00,28.531346,77.190156,NH3,5,7,6
India,Delhi,Delhi,"Sri Aurobindo Marg, Delhi - DPCC",7/12/2025 11:00,28.531346,77.190156,SO2,1,17,9
India,Delhi,Delhi,"Vivek Vihar, Delhi - DPCC",7/12/2025 11:00,28.672342,77.31526,OZONE,8,126,31
India,Delhi,Delhi,"Wazirpur, Delhi - DPCC",7/12/2025 11:00,28.699793,77.165453,PM10,208,500,302
India,Delhi,Delhi,"Wazirpur, Delhi - DPCC",7/12/2025 11:00,28.699793,77.165453,NO2,49,118,81
India,Delhi,Delhi,"Wazirpur, Delhi - DPCC",7/12/2025 11:00,28.699793,77.165453,NH3,9,11,10
India,Gujarat,Ahmedabad,"Chandkheda, Ahmedabad - IITM",7/12/2025 11:00,23.107969,72.574648,PM2.5,63,107,81
India,Gujarat,Ahmedabad,"Chandkheda, Ahmedabad - IITM",7/12/2025 11:00,23.107969,72.574648,OZONE,21,104,78
India,Gujarat,Ahmedabad,"Gyaspur, Ahmedabad - IITM",7/12/2025 11:00,22.977134,72.553024,PM10,144,184,150
India,Delhi,Delhi,"Punjabi Bagh, Delhi - DPCC",7/12/2025 11:00,28.674045,77.131023,PM10,157,374,226
India,Delhi,Delhi,"Punjabi Bagh, Delhi - DPCC",7/12/2025 11:00,28.674045,77.131023,NH3,4,6,5
India,Delhi,Delhi,"Pusa, Delhi - DPCC",7/12/2025 11:00,28.639652,77.146275,NO2,91,175,115
India,Delhi,Delhi,"Pusa, Delhi - DPCC",7/12/2025 11:00,28.639652,77.146275,NH3,4,15,11
India,Delhi,Delhi,"Pusa, Delhi - DPCC",7/12/2025 11:00,28.639652,77.146275,OZONE,18,32,21
India,Delhi,Delhi,"Pusa, Delhi - IMD",7/12/2025 11:00,28.63611,77.173332,CO,11,100,30
India,Delhi,Delhi,"R K Puram, Delhi - DPCC",7/12/2025 11:00,28.563262,77.186937,OZONE,18,133,34
India,Delhi,Delhi,"Mundka, Delhi - DPCC",7/12/2025 11:00,28.684678,77.076574,PM10,175,491,318
India,Delhi,Delhi,"NSIT Dwarka, Delhi - CPCB",7/12/2025 11:00,28.60909,77.0325413,PM2.5,103,387,210
India,Delhi,Delhi,"NSIT Dwarka, Delhi - CPCB",7/12/2025 11:00,28.60909,77.0325413,NO2,60,83,70
India,Delhi,Delhi,"Najafgarh, Delhi - DPCC",7/12/2025 11:00,28.570173,76.933762,SO2,NA,NA,NA
India,Delhi,Delhi,"Narela, Delhi - DPCC",7/12/2025 11:00,28.822836,77.101981,NH3,5,7,6
India,Delhi,Delhi,"Narela, Delhi - DPCC",7/12/2025 11:00,28.822836,77.101981,CO,36,78,53
India,Delhi,Delhi,"Nehru Nagar, Delhi - DPCC",7/12/2025 11:00,28.56789,77.250515,PM2.5,213,449,336
India,Delhi,Delhi,"Okhla Phase-2, Delhi - DPCC",7/12/2025 11:00,28.530785,77.271255,PM10,157,261,209
India,Delhi,Delhi,"Okhla Phase-2, Delhi - DPCC",7/12/2025 11:00,28.530785,77.271255,NO2,111,203,154
India,Delhi,Delhi,"Okhla Phase-2, Delhi - DPCC",7/12/2025 11:00,28.530785,77.271255,SO2,6,15,10
India,Delhi,Delhi,"Patparganj, Delhi - DPCC",7/12/2025 11:00,28.623763,77.287209,NO2,44,158,100
India,Delhi,Delhi,"Patparganj, Delhi - DPCC",7/12/2025 11:00,28.623763,77.287209,SO2,1,12,8
India,Delhi,Delhi,"Chandni Chowk, Delhi - IITM",7/12/2025 11:00,28.656756,77.227234,PM2.5,209,342,307
India,Delhi,Delhi,"Dr. Karni Singh Shooting Range, Delhi - DPCC",7/12/2025 11:00,28.498571,77.26484,PM2.5,163,369,311
India,Delhi,Delhi,"Dwarka-Sector 8, Delhi - DPCC ",7/12/2025 11:00,28.5710274,77.0719006,NO2,50,136,87
India,Delhi,Delhi,"IGI Airport (T3), Delhi - IMD",7/12/2025 11:00,28.5627763,77.1180053,PM2.5,124,311,222
India,Delhi,Delhi,"Major Dhyan Chand National Stadium, Delhi - DPCC",7/12/2025 11:00,28.611281,77.237738,PM10,162,260,208
India,Delhi,Delhi,"Major Dhyan Chand National Stadium, Delhi - DPCC",7/12/2025 11:00,28.611281,77.237738,NO2,47,157,97
India,Delhi,Delhi,"Major Dhyan Chand National Stadium, Delhi - DPCC",7/12/2025 11:00,28.611281,77.237738,CO,40,105,64
India,Delhi,Delhi,"Mandir Marg, Delhi - DPCC",7/12/2025 11:00,28.636429,77.201067,PM2.5,48,340,215
India,Delhi,Delhi,"Mandir Marg, Delhi - DPCC",7/12/2025 11:00,28.636429,77.201067,NO2,63,116,82
India,Delhi,Delhi,"Rohini, Delhi - DPCC",7/12/2025 11:00,28.732528,77.11992,OZONE,30,154,46
India,Delhi,Delhi,"Sirifort, Delhi - CPCB",7/12/2025 11:00,28.5504249,77.2159377,PM2.5,200,361,312
India,Delhi,Delhi,"Sonia Vihar, Delhi - DPCC",7/12/2025 11:00,28.710508,77.249485,PM2.5,160,365,320
India,Delhi,Delhi,"Sonia Vihar, Delhi - DPCC",7/12/2025 11:00,28.710508,77.249485,NH3,7,9,8
India,Delhi,Delhi,"IHBAS, Dilshad Garden, Delhi - CPCB",7/12/2025 11:00,28.6811736,77.3025234,PM10,259,336,301
India,Delhi,Delhi,"IHBAS, Dilshad Garden, Delhi - CPCB",7/12/2025 11:00,28.6811736,77.3025234,CO,46,88,67
India,Delhi,Delhi,"Jawaharlal Nehru Stadium, Delhi - DPCC",7/12/2025 11:00,28.58028,77.233829,NH3,5,5,5
India,Gujarat,Ahmedabad,"Gyaspur, Ahmedabad - IITM",7/12/2025 11:00,22.977134,72.553024,NH3,3,7,4
India,Gujarat,Ahmedabad,"Gyaspur, Ahmedabad - IITM",7/12/2025 11:00,22.977134,72.553024,SO2,NA,NA,NA
India,Gujarat,Ahmedabad,"Gyaspur, Ahmedabad - IITM",7/12/2025 11:00,22.977134,72.553024,CO,18,62,52
India,Gujarat,Ahmedabad,"Gyaspur, Ahmedabad - IITM",7/12/2025 11:00,22.977134,72.553024,OZONE,16,22,20
India,Gujarat,Ahmedabad,"Maninagar, Ahmedabad - GPCB",7/12/2025 11:00,23.002657,72.591912,CO,16,30,23
India,Gujarat,Ahmedabad,"Raikhad, Ahmedabad - IITM",7/12/2025 11:00,23.020509,72.579261,OZONE,11,75,39
India,Gujarat,Ahmedabad,"Rakhial, Ahmedabad - IITM",7/12/2025 11:00,23.016834,72.625775,NO2,18,78,31
India,Gujarat,Ahmedabad,"Rakhial, Ahmedabad - IITM",7/12/2025 11:00,23.016834,72.625775,CO,24,72,30
India,Gujarat,Gandhinagar,"Sector-10, Gandhinagar - GPCB",7/12/2025 11:00,23.221714,72.654328,PM2.5,53,94,68
India,Gujarat,Gandhinagar,"Sector-10, Gandhinagar - GPCB",7/12/2025 11:00,23.221714,72.654328,NH3,2,2,2
India,Gujarat,Gandhinagar,"Sector-10, Gandhinagar - GPCB",7/12/2025 11:00,23.221714,72.654328,CO,28,42,34
India,Gujarat,Nandesari,"GIDC, Nandesari - Nandesari Ind. Association",7/12/2025 11:00,22.410802,73.097923,NO2,5,93,52
India,Gujarat,Surat,"Science Center, Surat - SMC",7/12/2025 11:00,21.170046,72.795405,NO2,3,12,9
India,Gujarat,Vapi,"Phase-1 GIDC, Vapi - GPCB",7/12/2025 11:00,20.362421,72.918013,SO2,15,31,27
India,Haryana,Hisar,"Urban Estate-II, Hisar - HSPCB",7/12/2025 11:00,29.14056,75.744941,OZONE,42,111,55
India,Haryana,Jind,"Police Lines, Jind - HSPCB",7/12/2025 11:00,29.307814,76.337619,NH3,1,2,2
India,Haryana,Jind,"Police Lines, Jind - HSPCB",7/12/2025 11:00,29.307814,76.337619,OZONE,27,58,34
India,Haryana,Kaithal,"Rishi Nagar, Kaithal - HSPCB",7/12/2025 11:00,29.8006,76.4155,CO,6,63,48
India,Haryana,Kaithal,"Rishi Nagar, Kaithal - HSPCB",7/12/2025 11:00,29.8006,76.4155,OZONE,9,18,12
India,Haryana,Karnal,"Sector-12, Karnal - HSPCB",7/12/2025 11:00,29.6953,77.0027,NO2,6,6,6
India,Haryana,Gurugram,"NISE Gwal Pahari, Gurugram - IMD",7/12/2025 11:00,28.422681,77.148944,PM10,126,397,238
India,Haryana,Gurugram,"Sector-51, Gurugram - HSPCB",7/12/2025 11:00,28.4227,77.0667,NH3,6,10,8
India,Haryana,Gurugram,"Teri Gram, Gurugram - HSPCB",7/12/2025 11:00,28.4275,77.1465,PM10,138,365,227
India,Haryana,Gurugram,"Vikas Sadan, Gurugram - HSPCB",7/12/2025 11:00,28.4501238,77.0263051,PM2.5,NA,NA,NA
India,Haryana,Gurugram,"Vikas Sadan, Gurugram - HSPCB",7/12/2025 11:00,28.4501238,77.0263051,SO2,3,8,5
India,Haryana,Ambala,"Patti Mehar, Ambala - HSPCB",7/12/2025 11:00,30.379589,76.778328,OZONE,49,52,50
India,Haryana,Bahadurgarh,"Arya Nagar, Bahadurgarh - HSPCB",7/12/2025 11:00,28.6701,76.9254,SO2,NA,NA,NA
India,Haryana,Ballabgarh,"Nathu Colony, Ballabgarh - HSPCB",7/12/2025 11:00,28.3419248,77.319699,CO,16,111,35
India,Haryana,Bhiwani,"H.B. Colony, Bhiwani - HSPCB",7/12/2025 11:00,28.806223,76.141105,PM2.5,222,379,270
India,Haryana,Faridabad,"New Industrial Town, Faridabad - HSPCB",7/12/2025 11:00,28.39072,77.30059,NO2,24,26,25
India,Haryana,Faridabad,"New Industrial Town, Faridabad - HSPCB",7/12/2025 11:00,28.39072,77.30059,NH3,11,12,11
India,Haryana,Faridabad,"Sector 11, Faridabad - HSPCB",7/12/2025 11:00,28.376058,77.315741,CO,10,42,27
India,Haryana,Faridabad,"Sector 11, Faridabad - HSPCB",7/12/2025 11:00,28.376058,77.315741,OZONE,15,16,15
India,Haryana,Faridabad,"Sector 30, Faridabad - HSPCB",7/12/2025 11:00,28.4417,77.3217,OZONE,17,19,18
India,Gujarat,Ahmedabad,"SAC ISRO Bopal, Ahmedabad - IITM",7/12/2025 11:00,23.041137,72.456691,NO2,22,59,35
India,Gujarat,Ahmedabad,"SAC ISRO Satellite, Ahmedabad - IITM",7/12/2025 11:00,23.023389,72.515201,NO2,11,40,25
India,Gujarat,Ankleshwar,"GIDC, Ankleshwar - GPCB",7/12/2025 11:00,21.613267,73.010555,PM2.5,65,140,103
India,Gujarat,Ankleshwar,"GIDC, Ankleshwar - GPCB",7/12/2025 11:00,21.613267,73.010555,NO2,18,19,19
India,Gujarat,Vatva,"Phase-4 GIDC, Vatva - GPCB",7/12/2025 11:00,22.969611,72.6435,SO2,4,27,10
India,Haryana,Ambala,"Patti Mehar, Ambala - HSPCB",7/12/2025 11:00,30.379589,76.778328,NO2,21,24,22
India,Haryana,Ambala,"Patti Mehar, Ambala - HSPCB",7/12/2025 11:00,30.379589,76.778328,CO,98,101,100
India,Haryana,Charkhi Dadri,"Mini Secretariat, Charkhi Dadri - HSPCB",7/12/2025 11:00,28.593883,76.270653,PM2.5,130,316,225
India,Haryana,Charkhi Dadri,"Mini Secretariat, Charkhi Dadri - HSPCB",7/12/2025 11:00,28.593883,76.270653,NH3,5,7,6
India,Karnataka,Bengaluru,"Kasturi Nagar, Bengaluru - KSPCB",7/12/2025 11:00,13.003872,77.664217,SO2,10,12,11
India,Karnataka,Bengaluru,"Peenya, Bengaluru - CPCB",7/12/2025 11:00,13.0270199,77.494094,PM2.5,20,59,34
India,Karnataka,Bengaluru,"Peenya, Bengaluru - CPCB",7/12/2025 11:00,13.0270199,77.494094,SO2,4,24,9
India,Karnataka,Bengaluru,"Peenya, Bengaluru - CPCB",7/12/2025 11:00,13.0270199,77.494094,CO,26,54,34
India,Karnataka,Bengaluru,"RVCE-Mailasandra, Bengaluru - KSPCB",7/12/2025 11:00,12.921418,77.502466,PM2.5,NA,NA,NA
India,Karnataka,Bengaluru,"RVCE-Mailasandra, Bengaluru - KSPCB",7/12/2025 11:00,12.921418,77.502466,PM10,NA,NA,NA
India,Karnataka,Bengaluru,"RVCE-Mailasandra, Bengaluru - KSPCB",7/12/2025 11:00,12.921418,77.502466,NO2,NA,NA,NA
India,Karnataka,Bengaluru,"RVCE-Mailasandra, Bengaluru - KSPCB",7/12/2025 11:00,12.921418,77.502466,NH3,NA,NA,NA
India,Karnataka,Bengaluru,"Sanegurava Halli, Bengaluru - KSPCB",7/12/2025 11:00,12.990328,77.5431385,NO2,19,21,20
India,Karnataka,Bengaluru,"Sanegurava Halli, Bengaluru - KSPCB",7/12/2025 11:00,12.990328,77.5431385,SO2,7,7,7
India,Karnataka,Bengaluru,"Shivapura_Peenya, Bengaluru - KSPCB",7/12/2025 11:00,13.0246342,77.5080115,NH3,3,3,3
India,Haryana,Yamuna Nagar,"Gobind Pura, Yamuna Nagar - HSPCB",7/12/2025 11:00,30.1480566,77.2893471,NO2,11,20,16
India,Jammu_and_Kashmir,Srinagar,"Rajbagh, Srinagar - JKSPCB",7/12/2025 11:00,34.066206,74.81982,PM2.5,106,284,189
India,Jammu_and_Kashmir,Srinagar,"Rajbagh, Srinagar - JKSPCB",7/12/2025 11:00,34.066206,74.81982,CO,13,25,20
India,Jharkhand,Dhanbad,"Sardar Patel Nagar, Dhanbad - JSPCB",7/12/2025 11:00,23.80569,86.44268,PM10,27,269,135
India,Karnataka,Bagalkot,"Vidayagiri, Bagalkot - KSPCB",7/12/2025 11:00,16.172806,75.659694,PM10,53,54,54
India,Karnataka,Bagalkot,"Vidayagiri, Bagalkot - KSPCB",7/12/2025 11:00,16.172806,75.659694,NO2,11,12,12
India,Haryana,Kurukshetra,"Sector-7, Kurukshetra - HSPCB",7/12/2025 11:00,29.966942,76.875879,NO2,17,21,19
India,Haryana,Mandikhera,"General Hospital, Mandikhera(Nuh) - HSPCB",7/12/2025 11:00,27.9002,76.9938,PM2.5,73,142,93
India,Haryana,Mandikhera,"General Hospital, Mandikhera(Nuh) - HSPCB",7/12/2025 11:00,27.9002,76.9938,NO2,20,24,22
India,Haryana,Mandikhera,"General Hospital, Mandikhera(Nuh) - HSPCB",7/12/2025 11:00,27.9002,76.9938,CO,64,86,72
India,Haryana,Manesar,"Sector-2 IMT, Manesar - HSPCB",7/12/2025 11:00,28.360699,76.93609,PM2.5,138,308,245
India,Haryana,Manesar,"Sector-2 IMT, Manesar - HSPCB",7/12/2025 11:00,28.360699,76.93609,NH3,14,16,15
India,Haryana,Manesar,"Sector-2 IMT, Manesar - HSPCB",7/12/2025 11:00,28.360699,76.93609,OZONE,5,29,12
India,Karnataka,Bengaluru,"Shivapura_Peenya, Bengaluru - KSPCB",7/12/2025 11:00,13.0246342,77.5080115,OZONE,19,20,20
India,Karnataka,Bengaluru,"Silk Board, Bengaluru - KSPCB",7/12/2025 11:00,12.917348,77.622813,PM10,98,145,124
India,Karnataka,Bengaluru,"Silk Board, Bengaluru - KSPCB",7/12/2025 11:00,12.917348,77.622813,SO2,5,9,7
India,Karnataka,Chamarajanagar,"Urban, Chamarajanagar - KSPCB",7/12/2025 11:00,11.55358,76.55521,NO2,23,36,29
India,Karnataka,Chikkamagaluru,"Kalyana Nagara, Chikkamagaluru - KSPCB",7/12/2025 11:00,13.328028,75.797056,PM10,30,60,38
India,Karnataka,Chikkamagaluru,"Kalyana Nagara, Chikkamagaluru - KSPCB",7/12/2025 11:00,13.328028,75.797056,NO2,14,29,19
India,Haryana,Panipat,"Sector-18, Panipat - HSPCB",7/12/2025 11:00,29.432304,76.972765,SO2,11,11,11
India,Haryana,Rohtak,"MD University, Rohtak - HSPCB",7/12/2025 11:00,28.52123,76.37138,PM10,77,136,108
India,Haryana,Sirsa,"F-Block, Sirsa - HSPCB",7/12/2025 11:00,29.5364,75.0158,SO2,12,18,14
India,Haryana,Sirsa,"F-Block, Sirsa - HSPCB",7/12/2025 11:00,29.5364,75.0158,CO,31,50,46
India,Haryana,Sonipat,"Murthal, Sonipat - HSPCB",7/12/2025 11:00,29.0272,77.0621,PM2.5,115,392,278
India,Haryana,Sonipat,"Murthal, Sonipat - HSPCB",7/12/2025 11:00,29.0272,77.0621,NH3,17,42,25
India,Karnataka,Bengaluru,"Hombegowda Nagar, Bengaluru - KSPCB",7/12/2025 11:00,12.938539,77.5901,NO2,14,53,24
India,Karnataka,Bengaluru,"Hombegowda Nagar, Bengaluru - KSPCB",7/12/2025 11:00,12.938539,77.5901,NH3,2,3,3
India,Karnataka,Bengaluru,"Jayanagar 5th Block, Bengaluru - KSPCB",7/12/2025 11:00,12.920984,77.584908,PM10,86,162,107
India,Karnataka,Bengaluru,"Jigani, Bengaluru - KSPCB",7/12/2025 11:00,12.7816279,77.6299145,NO2,25,29,26
India,Karnataka,Bengaluru,"Jigani, Bengaluru - KSPCB",7/12/2025 11:00,12.7816279,77.6299145,NH3,4,5,4
India,Haryana,Palwal,"Shyam Nagar, Palwal - HSPCB",7/12/2025 11:00,28.1485564,77.3320667,NH3,8,9,9
India,Haryana,Panchgaon,"Amity University, Panchgaon - IITM",7/12/2025 11:00,28.3153,76.9143,NH3,11,21,16
India,Haryana,Panchgaon,"Amity University, Panchgaon - IITM",7/12/2025 11:00,28.3153,76.9143,CO,3,84,48
India,Haryana,Panchkula,"Sector-6, Panchkula - HSPCB ",7/12/2025 11:00,30.7057778,76.85318056,PM2.5,70,215,132
India,Karnataka,Bengaluru,"BWSSB Kadabesanahalli, Bengaluru - CPCB",7/12/2025 11:00,12.9352049,77.6814488,PM10,106,206,160
India,Karnataka,Bengaluru,"Hombegowda Nagar, Bengaluru - KSPCB",7/12/2025 11:00,12.938539,77.5901,PM2.5,50,72,62
India,Karnataka,Bengaluru,"Kasturi Nagar, Bengaluru - KSPCB",7/12/2025 11:00,13.003872,77.664217,PM10,71,72,71
India,Karnataka,Davanagere,"Devaraj Urs Badavane, Davanagere - KSPCB",7/12/2025 11:00,14.4758,75.9052,CO,45,60,49
India,Karnataka,Dharwad,"Kalabhavan, Dharwad - KSPCB",7/12/2025 11:00,15.459706,75.008381,SO2,3,4,4
India,Karnataka,Dharwad,"Kalabhavan, Dharwad - KSPCB",7/12/2025 11:00,15.459706,75.008381,OZONE,14,32,32
India,Karnataka,Hubballi,"Lingaraj Nagar, Hubballi - KSPCB",7/12/2025 11:00,15.3714823,75.1160168,CO,10,30,22
India,Karnataka,Kalaburagi,"Lal Bahadur Shastri Nagar, Kalaburagi - KSPCB",7/12/2025 11:00,17.321993,76.822628,NH3,1,1,1
India,Karnataka,Kalaburagi,"Lal Bahadur Shastri Nagar, Kalaburagi - KSPCB",7/12/2025 11:00,17.321993,76.822628,CO,33,36,34
India,Karnataka,Kalaburagi,"Mahatma Basaveswar Colony, Kalaburgi - KSPCB",7/12/2025 11:00,17.336318,76.847397,NO2,13,18,15
India,Karnataka,Kalaburagi,"Mahatma Basaveswar Colony, Kalaburgi - KSPCB",7/12/2025 11:00,17.336318,76.847397,OZONE,14,26,15
India,Karnataka,Koppal,"Diwator Nagar, Koppal - KSPCB",7/12/2025 11:00,15.34763,76.181767,PM2.5,38,44,41
India,Karnataka,Koppal,"Diwator Nagar, Koppal - KSPCB",7/12/2025 11:00,15.34763,76.181767,SO2,9,20,10
India,Karnataka,Koppal,"Diwator Nagar, Koppal - KSPCB",7/12/2025 11:00,15.34763,76.181767,CO,36,44,38
India,Karnataka,Madikeri,"Stuart Hill, Madikeri - KSPCB",7/12/2025 11:00,12.415911,75.73505,OZONE,3,7,5
India,Karnataka,Mangalore,"Kadri, Mangalore - KSPCB",7/12/2025 11:00,12.88925,74.853,PM2.5,34,78,55
India,Karnataka,Mangalore,"Kadri, Mangalore - KSPCB",7/12/2025 11:00,12.88925,74.853,NO2,5,9,7
India,Karnataka,Mangalore,"Kadri, Mangalore - KSPCB",7/12/2025 11:00,12.88925,74.853,SO2,16,16,16
India,Karnataka,Shivamogga,"Vinoba Nagara, Shivamogga - KSPCB",7/12/2025 11:00,13.94,75.555917,NO2,16,27,25
India,Karnataka,Shivamogga,"Vinoba Nagara, Shivamogga - KSPCB",7/12/2025 11:00,13.94,75.555917,NH3,2,2,2
India,Karnataka,Shivamogga,"Vinoba Nagara, Shivamogga - KSPCB",7/12/2025 11:00,13.94,75.555917,OZONE,25,68,51
India,Karnataka,Yadgir,"Collector Office, Yadgir - KSPCB",7/12/2025 11:00,16.7602,77.1428,PM2.5,91,233,154
India,Kerala,Thiruvananthapuram,"Plammoodu, Thiruvananthapuram - Kerala PCB",7/12/2025 11:00,8.5149093,76.9435879,PM2.5,29,50,37
India,Kerala,Thiruvananthapuram,"Plammoodu, Thiruvananthapuram - Kerala PCB",7/12/2025 11:00,8.5149093,76.9435879,OZONE,8,24,16
India,Kerala,Thrissur,"Corporation Ground, Thrissur - Kerala PCB",7/12/2025 11:00,10.5324,76.2159,PM2.5,49,58,53
India,Kerala,Thrissur,"Corporation Ground, Thrissur - Kerala PCB",7/12/2025 11:00,10.5324,76.2159,SO2,1,1,1
India,Madhya Pradesh,Bhopal,"Idgah Hills, Bhopal - MPPCB",7/12/2025 11:00,23.264759,77.381568,PM2.5,63,355,202
India,Madhya Pradesh,Bhopal,"Idgah Hills, Bhopal - MPPCB",7/12/2025 11:00,23.264759,77.381568,OZONE,23,95,57
India,Madhya Pradesh,Bhopal,"Paryavaran Parisar, Bhopal - MPPCB",7/12/2025 11:00,23.210494,77.425409,PM10,69,379,191
India,Kerala,Kannur,"Thavakkara, Kannur - Kerala PCB",7/12/2025 11:00,11.875,75.3732,PM10,58,77,59
India,Kerala,Kannur,"Thavakkara, Kannur - Kerala PCB",7/12/2025 11:00,11.875,75.3732,OZONE,28,31,29
India,Kerala,Kollam,"Polayathode, Kollam - Kerala PCB",7/12/2025 11:00,8.8787,76.6073,NO2,8,10,9
India,Kerala,Kollam,"Polayathode, Kollam - Kerala PCB",7/12/2025 11:00,8.8787,76.6073,NH3,1,1,1
India,Kerala,Thiruvananthapuram,"Kariavattom, Thiruvananthapuram - Kerala PCB",7/12/2025 11:00,8.5637,76.8865,PM2.5,70,194,121
India,Madhya Pradesh,Bhopal,"T T Nagar, Bhopal - MPPCB",7/12/2025 11:00,23.233584,77.400574,CO,36,107,53
India,Madhya Pradesh,Bhopal,"T T Nagar, Bhopal - MPPCB",7/12/2025 11:00,23.233584,77.400574,OZONE,16,302,75
India,Madhya Pradesh,Damoh,"Shrivastav Colony, Damoh - MPPCB",7/12/2025 11:00,23.81748678,79.446246,PM2.5,10,66,26
India,Madhya Pradesh,Gwalior,"City Center, Gwalior - MPPCB",7/12/2025 11:00,26.203442,78.193251,PM10,74,186,111
India,Madhya Pradesh,Gwalior,"Maharaj Bada, Gwalior - MPPCB",7/12/2025 11:00,26.200388,78.147714,NH3,6,6,6
India,Madhya Pradesh,Gwalior,"Maharaj Bada, Gwalior - MPPCB",7/12/2025 11:00,26.200388,78.147714,SO2,6,11,8
India,Madhya Pradesh,Indore,"Chhoti Gwaltoli, Indore - MPPCB",7/12/2025 11:00,22.431,75.5213,NO2,43,148,101
India,Madhya Pradesh,Indore,"Maguda Nagar, Indore - IMC",7/12/2025 11:00,22.7524,75.8872,NO2,2,2,2
India,Karnataka,Yadgir,"Collector Office, Yadgir - KSPCB",7/12/2025 11:00,16.7602,77.1428,PM10,78,169,117
India,Karnataka,Yadgir,"Collector Office, Yadgir - KSPCB",7/12/2025 11:00,16.7602,77.1428,NO2,4,25,12
India,Madhya Pradesh,Indore,"Residency Area, Indore - IMC",7/12/2025 11:00,22.7084,75.8815,SO2,26,28,27
India,Madhya Pradesh,Indore,"Residency Area, Indore - IMC",7/12/2025 11:00,22.7084,75.8815,CO,16,20,17
India,Madhya Pradesh,Indore,"Maguda Nagar, Indore - IMC",7/12/2025 11:00,22.7524,75.8872,CO,12,30,25
India,Maharashtra,Latur,"Sawe Wadi, Latur - MPCB",7/12/2025 11:00,18.39963,76.57452,NH3,4,23,9
India,Maharashtra,Mahad,"Kamble Tarf Birwadi, Mahad - MPCB",7/12/2025 11:00,18.1023399,73.4783687,PM2.5,63,150,98
India,Maharashtra,Mahad,"Kamble Tarf Birwadi, Mahad - MPCB",7/12/2025 11:00,18.1023399,73.4783687,CO,8,33,13
India,Maharashtra,Mahad,"Kamble Tarf Birwadi, Mahad - MPCB",7/12/2025 11:00,18.1023399,73.4783687,OZONE,39,43,41
India,Maharashtra,Malegaon,"Mahesh Nagar, Malegaon - MPCB",7/12/2025 11:00,20.555712,74.529236,NO2,14,93,43
India,Maharashtra,Malegaon,"Mahesh Nagar, Malegaon - MPCB",7/12/2025 11:00,20.555712,74.529236,NH3,1,28,4
India,Maharashtra,Malegaon,"Mahesh Nagar, Malegaon - MPCB",7/12/2025 11:00,20.555712,74.529236,SO2,4,33,13
India,Maharashtra,Malegaon,"Mahesh Nagar, Malegaon - MPCB",7/12/2025 11:00,20.555712,74.529236,CO,20,102,31
India,Maharashtra,Mumbai,"Bandra Kurla Complex, Mumbai - IITM",7/12/2025 11:00,19.053536,72.84643,SO2,NA,NA,NA
India,Madhya Pradesh,Sagar,"Deen Dayal Nagar, Sagar - MPPCB",7/12/2025 11:00,23.8640158,78.80289321,CO,56,76,69
India,Madhya Pradesh,Satna,"Bandhavgar Colony, Satna - Birla Cement",7/12/2025 11:00,24.58434363,80.8549414,PM10,67,68,67
India,Madhya Pradesh,Singrauli,"Suryakiran Bhawan NCL, Singrauli - MPPCB",7/12/2025 11:00,24.10897,82.64558,NO2,96,137,116
India,Maharashtra,Ahmednagar,"Tarakpur, Ahmednagar - MPCB",7/12/2025 11:00,19.10122,74.73339,NO2,13,49,19
India,Maharashtra,Ahmednagar,"Tarakpur, Ahmednagar - MPCB",7/12/2025 11:00,19.10122,74.73339,CO,15,102,21
India,Maharashtra,Akola,"Ramdaspeth, Akola - MPCB",7/12/2025 11:00,20.719516,77.000253,NH3,2,6,5
India,Maharashtra,Akola,"Ramdaspeth, Akola - MPCB",7/12/2025 11:00,20.719516,77.000253,CO,8,14,11
India,Maharashtra,Akola,"Ramdaspeth, Akola - MPCB",7/12/2025 11:00,20.719516,77.000253,OZONE,6,10,8
India,Maharashtra,Amravati,"Shivneri Colony, Amravati - MPCB",7/12/2025 11:00,20.9402359,77.7895248,SO2,21,32,25
India,Maharashtra,Amravati,"Shri Shivaji Science College, Amravati - MPCB",7/12/2025 11:00,20.939198,77.765701,OZONE,3,85,24
India,Maharashtra,Aurangabad,"MIDC Chilkalthana, Aurangabad - MPCB",7/12/2025 11:00,19.87562,75.38731,NO2,19,93,48
India,Maharashtra,Dhule,"Deopur, Dhule - MPCB",7/12/2025 11:00,20.918946,74.776388,SO2,NA,NA,NA
India,Maharashtra,Dhule,"Deopur, Dhule - MPCB",7/12/2025 11:00,20.918946,74.776388,OZONE,14,67,15
India,Maharashtra,Jalgaon,"Prabhat Colony, Jalgaon - MPCB",7/12/2025 11:00,21.001264,75.565602,NO2,4,32,11
India,Maharashtra,Jalgaon,"Prabhat Colony, Jalgaon - MPCB",7/12/2025 11:00,21.001264,75.565602,CO,22,48,23
India,Maharashtra,Jalna,"Old MIDC, Jalna - MPCB",7/12/2025 11:00,19.854616,75.905894,OZONE,3,30,12
India,Maharashtra,Kalyan,"Khadakpada, Kalyan - MPCB",7/12/2025 11:00,19.25292,73.142019,NH3,1,1,1
India,Maharashtra,Aurangabad,"Rachnakar Colony, Aurangabad - MPCB",7/12/2025 11:00,19.863756,75.321188,PM2.5,102,314,177
India,Maharashtra,Aurangabad,"Rachnakar Colony, Aurangabad - MPCB",7/12/2025 11:00,19.863756,75.321188,SO2,9,39,20
India,Maharashtra,Badlapur,"Katrap, Badlapur - MPCB",7/12/2025 11:00,19.16485,73.23409,PM2.5,47,170,102
India,Maharashtra,Badlapur,"Katrap, Badlapur - MPCB",7/12/2025 11:00,19.16485,73.23409,OZONE,18,82,24
India,Maharashtra,Belapur,"CBD Belapur, Belapur - MPCB",7/12/2025 11:00,19.0243902,73.0406721,PM10,76,129,105
India,Maharashtra,Belapur,"CBD Belapur, Belapur - MPCB",7/12/2025 11:00,19.0243902,73.0406721,SO2,15,26,20
India,Maharashtra,Bhiwandi,"Gokul Nagar, Bhiwandi - MPCB",7/12/2025 11:00,19.309073,73.057223,PM2.5,51,188,120
India,Maharashtra,Bhiwandi,"Gokul Nagar, Bhiwandi - MPCB",7/12/2025 11:00,19.309073,73.057223,CO,20,57,38
India,Maharashtra,Boisar,"Khaira, Boisar - MPCB",7/12/2025 11:00,19.786089,72.757971,NH3,4,8,6
India,Maharashtra,Chandrapur,"Chauhan Colony, Chandrapur - MPCB",7/12/2025 11:00,19.9629,79.298714,NO2,30,35,32
India,Maharashtra,Chandrapur,"MIDC Khutala, Chandrapur - MPCB",7/12/2025 11:00,19.9775302,79.2337086,CO,36,41,40
India,Madhya Pradesh,Jabalpur,"Marhatal, Jabalpur - MPPCB",7/12/2025 11:00,23.168606,79.932247,PM2.5,68,453,194
India,Madhya Pradesh,Jabalpur,"Marhatal, Jabalpur - MPPCB",7/12/2025 11:00,23.168606,79.932247,SO2,23,49,29
India,Madhya Pradesh,Jabalpur,"Suhagi, Jabalpur - JMC",7/12/2025 11:00,23.218135,79.95777,PM10,66,175,113
India,Madhya Pradesh,Jabalpur,"Suhagi, Jabalpur - JMC",7/12/2025 11:00,23.218135,79.95777,OZONE,20,51,28
India,Madhya Pradesh,Maihar,"Sahilara, Maihar - KJS Cements",7/12/2025 11:00,24.2613009,80.7231783,SO2,17,17,17
India,Madhya Pradesh,Mandideep,"Sector-D Industrial Area, Mandideep - MPPCB",7/12/2025 11:00,23.10844,77.511428,SO2,38,111,65
India,Madhya Pradesh,Pithampur,"Sector-2 Industrial Area, Pithampur - MPPCB",7/12/2025 11:00,22.624758,75.675238,PM10,79,184,122
India,Madhya Pradesh,Pithampur,"Sector-2 Industrial Area, Pithampur - MPPCB",7/12/2025 11:00,22.624758,75.675238,NH3,2,3,2
India,Madhya Pradesh,Pithampur,"Sector-2 Industrial Area, Pithampur - MPPCB",7/12/2025 11:00,22.624758,75.675238,SO2,7,14,11
India,Madhya Pradesh,Pithampur,"Sector-2 Industrial Area, Pithampur - MPPCB",7/12/2025 11:00,22.624758,75.675238,OZONE,23,50,41
India,Maharashtra,Kalyan,"Pimpleshwar Mandir, Kalyan - MPCB",7/12/2025 11:00,19.192056,72.9585188,PM2.5,NA,NA,NA
India,Maharashtra,Kalyan,"Pimpleshwar Mandir, Kalyan - MPCB",7/12/2025 11:00,19.192056,72.9585188,NO2,16,24,19
India,Maharashtra,Kalyan,"Pimpleshwar Mandir, Kalyan - MPCB",7/12/2025 11:00,19.192056,72.9585188,SO2,25,76,40
India,Maharashtra,Latur,"Sawe Wadi, Latur - MPCB",7/12/2025 11:00,18.39963,76.57452,PM10,76,123,101
India,Maharashtra,Latur,"Sawe Wadi, Latur - MPCB",7/12/2025 11:00,18.39963,76.57452,NO2,15,76,31
India,Maharashtra,Mumbai,"Bandra Kurla Complex, Mumbai - MPCB",7/12/2025 11:00,19.065931,72.862131,PM2.5,62,244,139
India,Maharashtra,Mumbai,"Bandra Kurla Complex, Mumbai - MPCB",7/12/2025 11:00,19.065931,72.862131,NO2,36,97,65
India,Maharashtra,Mumbai,"Bandra Kurla Complex, Mumbai - MPCB",7/12/2025 11:00,19.065931,72.862131,NH3,2,10,4
India,Maharashtra,Mumbai,"Borivali East, Mumbai - IITM",7/12/2025 11:00,19.23241,72.86895,PM2.5,68,107,82
India,Maharashtra,Mumbai,"Borivali East, Mumbai - MPCB",7/12/2025 11:00,19.2243333,72.8658113,NO2,4,15,10
India,Maharashtra,Mumbai,"Borivali East, Mumbai - MPCB",7/12/2025 11:00,19.2243333,72.8658113,NH3,2,2,2
India,Maharashtra,Mumbai,"Borivali East, Mumbai - MPCB",7/12/2025 11:00,19.2243333,72.8658113,SO2,15,16,15
India,Maharashtra,Mumbai,"Byculla, Mumbai - BMC",7/12/2025 11:00,18.9767,72.838,PM10,121,144,132
India,Maharashtra,Mumbai,"Byculla, Mumbai - BMC",7/12/2025 11:00,18.9767,72.838,CO,34,81,55
India,Maharashtra,Nagpur,"Mahal, Nagpur - MPCB",7/12/2025 11:00,21.14472,79.107595,NH3,3,6,4
India,Maharashtra,Nagpur,"Opp GPO Civil Lines, Nagpur - MPCB",7/12/2025 11:00,21.152875,79.0517531,PM2.5,41,204,90
India,Maharashtra,Nagpur,"Opp GPO Civil Lines, Nagpur - MPCB",7/12/2025 11:00,21.152875,79.0517531,PM10,76,167,111
India,Maharashtra,Nagpur,"Opp GPO Civil Lines, Nagpur - MPCB",7/12/2025 11:00,21.152875,79.0517531,NH3,1,15,5
India,Maharashtra,Nagpur,"Opp GPO Civil Lines, Nagpur - MPCB",7/12/2025 11:00,21.152875,79.0517531,OZONE,2,60,13
India,Maharashtra,Nagpur,"Ram Nagar, Nagpur - MPCB",7/12/2025 11:00,21.143383,79.048912,NO2,13,57,29
India,Maharashtra,Nanded,"Sneh Nagar, Nanded - MPCB",7/12/2025 11:00,19.173852,77.296291,CO,18,26,23
India,Maharashtra,Mumbai,"Kandivali West, Mumbai - BMC",7/12/2025 11:00,19.215859,72.831718,PM2.5,37,87,59
India,Maharashtra,Mumbai,"Kandivali West, Mumbai - BMC",7/12/2025 11:00,19.215859,72.831718,NH3,2,3,2
India,Maharashtra,Mumbai,"Kherwadi_Bandra East, Mumbai - MPCB",7/12/2025 11:00,19.0632143,72.8456324,PM2.5,113,229,161
India,Maharashtra,Mumbai,"Kherwadi_Bandra East, Mumbai - MPCB",7/12/2025 11:00,19.0632143,72.8456324,NH3,9,16,13
India,Maharashtra,Mumbai,"Khindipada-Bhandup West, Mumbai - IITM",7/12/2025 11:00,19.1653323,72.922099,NO2,13,31,23
India,Maharashtra,Mumbai,"Khindipada-Bhandup West, Mumbai - IITM",7/12/2025 11:00,19.1653323,72.922099,SO2,4,21,12
India,Maharashtra,Mumbai,"Kurla, Mumbai - MPCB",7/12/2025 11:00,19.0863,72.8888,SO2,36,37,37
India,Maharashtra,Mumbai,"Chakala-Andheri East, Mumbai - IITM",7/12/2025 11:00,19.11074,72.86084,NH3,10,28,15
India,Maharashtra,Mumbai,"Chembur, Mumbai - MPCB",7/12/2025 11:00,19.0364585,72.8954371,NH3,1,4,1
India,Maharashtra,Mumbai,"Deonar, Mumbai - IITM",7/12/2025 11:00,19.04946,72.923,NH3,9,14,12
India,Maharashtra,Mumbai,"Deonar, Mumbai - IITM",7/12/2025 11:00,19.04946,72.923,SO2,4,12,7
India,Maharashtra,Mumbai,"Deonar, Mumbai - IITM",7/12/2025 11:00,19.04946,72.923,OZONE,1,38,8
India,Maharashtra,Mumbai,"Ghatkopar, Mumbai - BMC",7/12/2025 11:00,19.083694,72.920967,SO2,1,7,3
India,Maharashtra,Mumbai,"Siddharth Nagar-Worli, Mumbai - IITM",7/12/2025 11:00,19.000083,72.813993,CO,33,54,37
India,Maharashtra,Mumbai,"Sion, Mumbai - MPCB",7/12/2025 11:00,19.047,72.8746,PM10,57,287,131
India,Maharashtra,Mumbai,"Sion, Mumbai - MPCB",7/12/2025 11:00,19.047,72.8746,NH3,5,7,6
India,Maharashtra,Mumbai,"Vile Parle West, Mumbai - MPCB",7/12/2025 11:00,19.10861,72.83622,NH3,2,5,4
India,Maharashtra,Mumbai,"Worli, Mumbai - MPCB",7/12/2025 11:00,18.9936162,72.8128113,OZONE,20,21,20
India,Maharashtra,Mumbai,"Powai, Mumbai - MPCB",7/12/2025 11:00,19.1375,72.915056,NH3,2,2,2
India,Maharashtra,Mumbai,"Sewri, Mumbai - BMC",7/12/2025 11:00,19.000084,72.85673,PM10,38,81,53
India,Maharashtra,Mumbai,"Sewri, Mumbai - BMC",7/12/2025 11:00,19.000084,72.85673,OZONE,69,140,125
India,Maharashtra,Mumbai,"Shivaji Nagar, Mumbai - BMC",7/12/2025 11:00,19.060498,72.923356,NO2,NA,NA,NA
India,Maharashtra,Mumbai,"Siddharth Nagar-Worli, Mumbai - IITM",7/12/2025 11:00,19.000083,72.813993,NH3,6,9,7
India,Maharashtra,Mumbai,"Mulund West, Mumbai - MPCB",7/12/2025 11:00,19.175,72.9419,NH3,3,4,4
India,Maharashtra,Mumbai,"Mulund West, Mumbai - MPCB",7/12/2025 11:00,19.175,72.9419,SO2,NA,NA,NA
India,Maharashtra,Mumbai,"Navy Nagar-Colaba, Mumbai - IITM",7/12/2025 11:00,18.897756,72.81332,NO2,28,157,94
India,Maharashtra,Nashik,"Hirawadi, Nashik - MPCB",7/12/2025 11:00,20.021503,73.813844,PM2.5,75,132,99
India,Maharashtra,Nashik,"Hirawadi, Nashik - MPCB",7/12/2025 11:00,20.021503,73.813844,PM10,97,144,114
India,Maharashtra,Nashik,"Pandav Nagari, Nashik - MPCB",7/12/2025 11:00,19.9591346,73.7788008,PM2.5,72,126,96
India,Maharashtra,Nashik,"Gangapur Road, Nashik - MPCB",7/12/2025 11:00,20.0073285,73.7762427,NO2,5,5,5
India,Maharashtra,Pune,"Panchawati_Pashan, Pune - IITM",7/12/2025 11:00,18.536457,73.805454,OZONE,1,47,15
India,Maharashtra,Pune,"Revenue Colony-Shivajinagar, Pune - IITM",7/12/2025 11:00,18.530085,73.849598,OZONE,6,81,14
India,Maharashtra,Pune,"Savitribai Phule Pune University, Pune - MPCB",7/12/2025 11:00,18.547056,73.826908,PM2.5,30,199,101
India,Maharashtra,Pune,"Savitribai Phule Pune University, Pune - MPCB",7/12/2025 11:00,18.547056,73.826908,NO2,1,31,13
India,Maharashtra,Pune,"Savitribai Phule Pune University, Pune - MPCB",7/12/2025 11:00,18.547056,73.826908,NH3,1,10,4
India,Maharashtra,Pune,"Savitribai Phule Pune University, Pune - MPCB",7/12/2025 11:00,18.547056,73.826908,OZONE,1,142,25
India,Maharashtra,Pune,"Transport Nagar-Nigdi, Pune - IITM",7/12/2025 11:00,18.664282,73.763966,CO,42,104,71
India,Maharashtra,Pune,"Transport Nagar-Nigdi, Pune - IITM",7/12/2025 11:00,18.664282,73.763966,OZONE,7,69,23
India,Odisha,Balasore,"Kalidaspur, Balasore - OSPCB",7/12/2025 11:00,21.51161,86.89088,PM2.5,98,402,238
India,Odisha,Balasore,"Kalidaspur, Balasore - OSPCB",7/12/2025 11:00,21.51161,86.89088,OZONE,14,55,30
India,Odisha,Barbil,"Forest Office, Barbil - OSPCB",7/12/2025 11:00,22.1166054,85.3945546,NO2,14,44,24
India,Odisha,Barbil,"Forest Office, Barbil - OSPCB",7/12/2025 11:00,22.1166054,85.3945546,OZONE,2,58,14
India,Odisha,Bhubaneswar,"Lingraj Mandir, Bhubaneswar - OSPCB",7/12/2025 11:00,20.24079,85.836784,NH3,2,11,7
India,Odisha,Bhubaneswar,"Lingraj Mandir, Bhubaneswar - OSPCB",7/12/2025 11:00,20.24079,85.836784,CO,12,129,36
India,Maharashtra,Navi Mumbai,"Sanpada, Navi Mumbai - MPCB",7/12/2025 11:00,19.0575752,73.0151367,CO,22,111,51
India,Maharashtra,Navi Mumbai,"Tondare-Taloja, Navi Mumbai - MPCB",7/12/2025 11:00,19.063,73.1209,CO,30,66,52
India,Maharashtra,Parbhani,"Masoom Colony, Parbhani - MPCB",7/12/2025 11:00,19.265594,76.761463,NO2,26,97,46
India,Maharashtra,Parbhani,"Masoom Colony, Parbhani - MPCB",7/12/2025 11:00,19.265594,76.761463,SO2,1,13,5
India,Maharashtra,Pimpri-Chinchwad,"Gavalinagar, Pimpri Chinchwad - MPCB",7/12/2025 11:00,18.63673,73.82487,SO2,2,6,4
India,Maharashtra,Pimpri-Chinchwad,"Gavalinagar, Pimpri Chinchwad - MPCB",7/12/2025 11:00,18.63673,73.82487,CO,29,121,48
India,Maharashtra,Pimpri-Chinchwad,"Gavalinagar, Pimpri Chinchwad - MPCB",7/12/2025 11:00,18.63673,73.82487,OZONE,2,101,22
India,Maharashtra,Pimpri-Chinchwad,"Thergaon, Pimpri Chinchwad - MPCB",7/12/2025 11:00,18.616318,73.765797,SO2,1,7,5
India,Maharashtra,Pimpri-Chinchwad,"Thergaon, Pimpri Chinchwad - MPCB",7/12/2025 11:00,18.616318,73.765797,OZONE,1,71,23
India,Mizoram,Aizawl,"Sikulpuikawn, Aizawl - Mizoram PCB",7/12/2025 11:00,23.7176342,92.7192841,PM2.5,36,40,38
India,Mizoram,Aizawl,"Sikulpuikawn, Aizawl - Mizoram PCB",7/12/2025 11:00,23.7176342,92.7192841,SO2,14,15,14
India,Nagaland,Kohima,"PWD Junction, Kohima - NPCB",7/12/2025 11:00,25.6635413,94.0989878,PM2.5,15,66,32
India,Nagaland,Kohima,"PWD Junction, Kohima - NPCB",7/12/2025 11:00,25.6635413,94.0989878,PM10,13,56,27
India,Nagaland,Kohima,"PWD Junction, Kohima - NPCB",7/12/2025 11:00,25.6635413,94.0989878,SO2,72,75,73
India,Maharashtra,Navi Mumbai,"Mahape, Navi Mumbai - MPCB",7/12/2025 11:00,19.1135051,73.008978,SO2,24,25,25
India,Maharashtra,Navi Mumbai,"Nerul, Navi Mumbai - MPCB",7/12/2025 11:00,19.008751,73.01662,NH3,4,4,4
India,Maharashtra,Navi Mumbai,"Nerul, Navi Mumbai - MPCB",7/12/2025 11:00,19.008751,73.01662,SO2,NA,NA,NA
India,Maharashtra,Navi Mumbai,"Sanpada, Navi Mumbai - MPCB",7/12/2025 11:00,19.0575752,73.0151367,PM2.5,64,213,112
India,Maharashtra,Pune,"Hadapsar, Pune - IITM",7/12/2025 11:00,18.501793,73.927532,OZONE,2,92,7
India,Maharashtra,Pune,"Mhada Colony, Pune - IITM",7/12/2025 11:00,18.57304,73.927715,PM10,105,176,135
India,Maharashtra,Pune,"Mhada Colony, Pune - IITM",7/12/2025 11:00,18.57304,73.927715,OZONE,3,121,17
India,Maharashtra,Pune,"Panchawati_Pashan, Pune - IITM",7/12/2025 11:00,18.536457,73.805454,PM2.5,80,215,132
India,Maharashtra,Solapur,"Dnyaneshwar Nagar, Solapur - MPCB",7/12/2025 11:00,17.6336264,75.9132495,NH3,5,70,12
India,Maharashtra,Thane,"Kasarvadavali, Thane - MPCB",7/12/2025 11:00,19.26777,72.97182,NO2,12,64,33
India,Maharashtra,Thane,"Upvan Fort, Thane - MPCB",7/12/2025 11:00,19.222279,72.957979,SO2,1,8,4
India,Maharashtra,Ulhasnagar,"Sidhi Vinayak Nagar, Ulhasnagar - MPCB",7/12/2025 11:00,19.235581,73.159121,PM2.5,83,273,138
India,Maharashtra,Ulhasnagar,"Sidhi Vinayak Nagar, Ulhasnagar - MPCB",7/12/2025 11:00,19.235581,73.159121,NH3,4,6,5
India,Maharashtra,Ulhasnagar,"Sidhi Vinayak Nagar, Ulhasnagar - MPCB",7/12/2025 11:00,19.235581,73.159121,SO2,1,21,8
India,Odisha,Bhubaneswar,"Patia, Bhubaneswar - OSPCB",7/12/2025 11:00,20.34652,85.8163,CO,NA,NA,NA
India,Odisha,Bileipada,"Tata Township, Bileipada - OSPCB",7/12/2025 11:00,22.06156703,85.47409613,NO2,6,7,7
India,Odisha,Brajrajnagar,"GM Office, Brajrajnagar - OSPCB",7/12/2025 11:00,21.8004996,83.8396977,NO2,13,13,13
India,Odisha,Brajrajnagar,"GM Office, Brajrajnagar - OSPCB",7/12/2025 11:00,21.8004996,83.8396977,CO,2,34,7
India,Odisha,Brajrajnagar,"GM Office, Brajrajnagar - OSPCB",7/12/2025 11:00,21.8004996,83.8396977,OZONE,25,29,27
India,Odisha,Byasanagar,"Ferro Chrome Colony, Byasanagar - OSPCB",7/12/2025 11:00,20.94185,86.1151,SO2,13,38,22
India,Odisha,Byasanagar,"Ferro Chrome Colony, Byasanagar - OSPCB",7/12/2025 11:00,20.94185,86.1151,OZONE,6,175,165
India,Odisha,Cuttack,"CDA Area, Cuttack - OSPCB",7/12/2025 11:00,20.48891,85.84768,PM2.5,72,355,184
India,Odisha,Cuttack,"CDA Area, Cuttack - OSPCB",7/12/2025 11:00,20.48891,85.84768,NO2,23,153,62
India,Odisha,Keonjhar,"Jagamohanpur, Keonjhar - OSPCB",7/12/2025 11:00,21.6439,85.599355,PM2.5,54,72,62
India,Odisha,Nayagarh,"Dabuna, Nayagarh - OSPCB",7/12/2025 11:00,21.847279,85.416905,NO2,8,10,9
India,Odisha,Nayagarh,"Dabuna, Nayagarh - OSPCB",7/12/2025 11:00,21.847279,85.416905,CO,18,32,25
India,Odisha,Rairangpur,"Divisional Forest Office, Rairangpur - OSPCB",7/12/2025 11:00,22.265816,86.174829,CO,29,69,43
India,Odisha,Rourkela,"Fertilizer Township, Rourkela - OSPCB",7/12/2025 11:00,22.18972222,84.86277778,PM2.5,88,144,96
India,Odisha,Rourkela,"Fertilizer Township, Rourkela - OSPCB",7/12/2025 11:00,22.18972222,84.86277778,PM10,101,111,103
India,Odisha,Rourkela,"Fertilizer Township, Rourkela - OSPCB",7/12/2025 11:00,22.18972222,84.86277778,SO2,8,10,10
India,Odisha,Rourkela,"Raghunathpali, Rourkela - OSPCB",7/12/2025 11:00,22.220833,84.809444,NO2,1,18,9
India,Odisha,Rourkela,"Raghunathpali, Rourkela - OSPCB",7/12/2025 11:00,22.220833,84.809444,SO2,3,5,4
India,Odisha,Rourkela,"Raghunathpali, Rourkela - OSPCB",7/12/2025 11:00,22.220833,84.809444,OZONE,3,11,3
India,Odisha,Suakati,"OMC Colony, Suakati - OSPCB",7/12/2025 11:00,21.606865,85.510538,PM2.5,45,79,57
India,Odisha,Talcher,"Talcher Coalfields,Talcher - OSPCB",7/12/2025 11:00,20.9360711,85.1707021,CO,56,118,105
India,Odisha,Tensa,"Barsua Iron Ore Mines, Tensa - OSPCB",7/12/2025 11:00,21.869985,85.167016,CO,30,44,38
India,Rajasthan,Ajmer,"Civil Lines,  Ajmer - RSPCB",7/12/2025 11:00,26.470859,74.646594,SO2,18,22,20
India,Rajasthan,Banswara,"Rati Talai, Banswara - RSPCB",7/12/2025 11:00,23.55519,74.44001,NO2,21,97,48
India,Rajasthan,Banswara,"Rati Talai, Banswara - RSPCB",7/12/2025 11:00,23.55519,74.44001,NH3,2,4,3
India,Rajasthan,Baran,"Bamboliya, Baran - RSPCB",7/12/2025 11:00,25.106006,76.469948,PM2.5,3,253,74
India,Rajasthan,Baran,"Bamboliya, Baran - RSPCB",7/12/2025 11:00,25.106006,76.469948,PM10,82,253,126
India,Rajasthan,Barmer,"Railway Colony, Barmer - RSPCB",7/12/2025 11:00,25.747299,71.393989,PM2.5,32,233,66
India,Rajasthan,Barmer,"Railway Colony, Barmer - RSPCB",7/12/2025 11:00,25.747299,71.393989,NH3,2,26,6
India,Rajasthan,Barmer,"Railway Colony, Barmer - RSPCB",7/12/2025 11:00,25.747299,71.393989,SO2,3,13,7
India,Rajasthan,Barmer,"Railway Colony, Barmer - RSPCB",7/12/2025 11:00,25.747299,71.393989,OZONE,5,78,57
India,Rajasthan,Bharatpur,"Krishna Nagar, Bharatpur - RSPCB",7/12/2025 11:00,27.215415,77.50873,PM2.5,66,321,133
India,Rajasthan,Bhilwara,"Pratap Nagar, Bhilwara - RSPCB",7/12/2025 11:00,25.339605,74.618883,NH3,7,17,12
India,Rajasthan,Bhilwara,"Pratap Nagar, Bhilwara - RSPCB",7/12/2025 11:00,25.339605,74.618883,SO2,1,55,10
India,Punjab,Khanna,"Kalal Majra, Khanna - PPCB",7/12/2025 11:00,30.736056,76.209694,NO2,25,31,28
India,Punjab,Ludhiana,"Punjab Agricultural University, Ludhiana - PPCB",7/12/2025 11:00,30.9028,75.8086,PM2.5,93,170,129
India,Punjab,Mandi Gobindgarh,"RIMT University, Mandi Gobindgarh - PPCB",7/12/2025 11:00,30.649961,76.331442,NH3,6,6,6
India,Punjab,Patiala,"Model Town, Patiala - PPCB",7/12/2025 11:00,30.349388,76.366642,SO2,15,75,33
India,Puducherry,Puducherry,"Jawahar Nagar, Puducherry - PPCC",7/12/2025 11:00,11.9309,79.8027,NO2,7,30,15
India,Punjab,Bathinda,"Hardev Nagar, Bathinda - PPCB",7/12/2025 11:00,30.233011,74.907758,PM2.5,10,90,58
India,Punjab,Bathinda,"Hardev Nagar, Bathinda - PPCB",7/12/2025 11:00,30.233011,74.907758,PM10,9,63,44
India,Punjab,Bathinda,"Hardev Nagar, Bathinda - PPCB",7/12/2025 11:00,30.233011,74.907758,SO2,11,22,16
India,Punjab,Jalandhar,"Civil Line, Jalandhar - PPCB",7/12/2025 11:00,31.321907,75.578914,NO2,33,37,35
India,Rajasthan,Bhiwadi,"Vasundhara Nagar_UIT, Bhiwadi - RSPCB",7/12/2025 11:00,28.207266,76.829265,SO2,3,27,10
India,Rajasthan,Bhiwadi,"Vasundhara Nagar_UIT, Bhiwadi - RSPCB",7/12/2025 11:00,28.207266,76.829265,CO,51,118,59
India,Rajasthan,Bikaner,"MM Ground, Bikaner - RSPCB",7/12/2025 11:00,28.018792,73.292658,NH3,9,17,13
India,Rajasthan,Bikaner,"MM Ground, Bikaner - RSPCB",7/12/2025 11:00,28.018792,73.292658,SO2,3,10,7
India,Rajasthan,Bikaner,"MM Ground, Bikaner - RSPCB",7/12/2025 11:00,28.018792,73.292658,OZONE,2,135,14
India,Rajasthan,Bhiwadi,"RIICO Ind. Area III, Bhiwadi - RSPCB",7/12/2025 11:00,28.194909,76.862296,NH3,4,15,9
India,Rajasthan,Jaipur,"Sector-2 Murlipura, Jaipur - RSPCB",7/12/2025 11:00,26.960669,75.771817,CO,24,135,41
India,Rajasthan,Jaipur,"Shastri Nagar, Jaipur - RSPCB",7/12/2025 11:00,26.9502929,75.730943,SO2,2,77,33
India,Rajasthan,Jaisalmer,"Sadar Bazar, Jaisalmer - RSPCB",7/12/2025 11:00,26.912329,70.909168,PM2.5,50,308,112
India,Rajasthan,Jaisalmer,"Sadar Bazar, Jaisalmer - RSPCB",7/12/2025 11:00,26.912329,70.909168,SO2,6,16,11
India,Rajasthan,Jaisalmer,"Sadar Bazar, Jaisalmer - RSPCB",7/12/2025 11:00,26.912329,70.909168,CO,21,60,34
India,Rajasthan,Jalore,"Mudtra Sili, Jalore - RSPCB",7/12/2025 11:00,25.344694,72.626208,SO2,3,8,6
India,Rajasthan,Jalore,"Mudtra Sili, Jalore - RSPCB",7/12/2025 11:00,25.344694,72.626208,CO,24,112,38
India,Rajasthan,Jalore,"Mudtra Sili, Jalore - RSPCB",7/12/2025 11:00,25.344694,72.626208,OZONE,6,113,47
India,Rajasthan,Jhalawar,"Rajlaxmi Nagar, Jhalawar - RSPCB",7/12/2025 11:00,24.588397,76.172782,NH3,2,3,3
India,Rajasthan,Dholpur,"Raja Ganj, Dholpur - RSPCB",7/12/2025 11:00,26.699557,77.898881,SO2,3,24,12
India,Rajasthan,Dungarpur,"Bhoiwada, Dungarpur - RSPCB",7/12/2025 11:00,23.837789,73.714926,NO2,12,57,28
India,Rajasthan,Hanumangarh,"Housing Board, Hanumangarh - RSPCB",7/12/2025 11:00,29.61075,74.283608,PM2.5,35,170,68
India,Rajasthan,Hanumangarh,"Housing Board, Hanumangarh - RSPCB",7/12/2025 11:00,29.61075,74.283608,NH3,14,29,18
India,Rajasthan,Hanumangarh,"Housing Board, Hanumangarh - RSPCB",7/12/2025 11:00,29.61075,74.283608,SO2,1,23,5
India,Rajasthan,Hanumangarh,"Housing Board, Hanumangarh - RSPCB",7/12/2025 11:00,29.61075,74.283608,CO,31,116,55
India,Rajasthan,Jaipur,"Adarsh Nagar, Jaipur - RSPCB",7/12/2025 11:00,26.902909,75.836858,PM2.5,83,330,198
India,Rajasthan,Jaipur,"Adarsh Nagar, Jaipur - RSPCB",7/12/2025 11:00,26.902909,75.836858,NH3,13,68,31
India,Rajasthan,Jaipur,"Adarsh Nagar, Jaipur - RSPCB",7/12/2025 11:00,26.902909,75.836858,CO,42,118,66
India,Rajasthan,Sikar,"Radhakishan Pura, Sikar - RSPCB",7/12/2025 11:00,27.608912,75.153302,PM2.5,88,500,301
India,Rajasthan,Sikar,"Radhakishan Pura, Sikar - RSPCB",7/12/2025 11:00,27.608912,75.153302,OZONE,7,127,27
India,Rajasthan,Sirohi,"Vedhaynath Colony, Sirohi - RSPCB",7/12/2025 11:00,24.885261,72.857549,NO2,16,107,51
India,Rajasthan,Sirohi,"Vedhaynath Colony, Sirohi - RSPCB",7/12/2025 11:00,24.885261,72.857549,SO2,3,88,13
India,Rajasthan,Sirohi,"Vedhaynath Colony, Sirohi - RSPCB",7/12/2025 11:00,24.885261,72.857549,CO,5,55,30
India,Rajasthan,Sri Ganganagar,"Old City, Sri Ganganagar - RSPCB",7/12/2025 11:00,29.931624,73.864511,NO2,41,133,59
India,Rajasthan,Udaipur,"Ashok Nagar, Udaipur - RSPCB",7/12/2025 11:00,24.5886166,73.6321397,PM2.5,39,241,101
India,Rajasthan,Pali,"Indira Colony Vistar, Pali - RSPCB",7/12/2025 11:00,25.771061,73.340227,PM2.5,48,156,88
India,Rajasthan,Pali,"Indira Colony Vistar, Pali - RSPCB",7/12/2025 11:00,25.771061,73.340227,SO2,8,13,11
India,Rajasthan,Pratapgarh,"Pragati Nagar, Pratapgarh - RSPCB",7/12/2025 11:00,24.041198,74.780702,SO2,2,19,7
India,Rajasthan,Pratapgarh,"Pragati Nagar, Pratapgarh - RSPCB",7/12/2025 11:00,24.041198,74.780702,CO,18,42,23
India,Rajasthan,Rajsamand,"Dhoinda, Rajsamand - RSPCB",7/12/2025 11:00,25.03636,73.883502,PM2.5,45,308,103
India,Rajasthan,Rajsamand,"Dhoinda, Rajsamand - RSPCB",7/12/2025 11:00,25.03636,73.883502,NO2,12,78,29
India,Rajasthan,Rajsamand,"Dhoinda, Rajsamand - RSPCB",7/12/2025 11:00,25.03636,73.883502,NH3,7,30,10
India,Rajasthan,Rajsamand,"Dhoinda, Rajsamand - RSPCB",7/12/2025 11:00,25.03636,73.883502,OZONE,1,172,46
India,Rajasthan,Jhunjhunu,"Indra Nagar, Jhunjhunu - RSPCB",7/12/2025 11:00,28.108988,75.386577,NH3,9,17,12
India,Rajasthan,Jodhpur,"Collectorate, Jodhpur - RSPCB",7/12/2025 11:00,26.268249,73.0193853,PM10,68,177,123
India,Rajasthan,Jodhpur,"Collectorate, Jodhpur - RSPCB",7/12/2025 11:00,26.268249,73.0193853,OZONE,17,73,51
India,Rajasthan,Jodhpur,"Digari Kalan, Jodhpur - RSPCB",7/12/2025 11:00,26.29581,73.082283,PM10,64,264,122
India,Rajasthan,Kota,"Dhanmandi, Kota - RSPCB",7/12/2025 11:00,25.16409,75.858137,NH3,5,9,6
India,Rajasthan,Kota,"Shrinath Puram, Kota - RSPCB",7/12/2025 11:00,25.14389,75.821256,PM2.5,115,323,198
India,Rajasthan,Kota,"Shrinath Puram, Kota - RSPCB",7/12/2025 11:00,25.14389,75.821256,PM10,88,170,115
India,Rajasthan,Nagaur,"Karni Colony, Nagaur - RSPCB",7/12/2025 11:00,27.213494,73.734444,PM2.5,40,334,159
India,Rajasthan,Chittorgarh,"Shastri Nagar, Chittorgarh - RSPCB",7/12/2025 11:00,24.892047,74.623527,NO2,30,101,52
India,Rajasthan,Churu,"Subash Chowk, Churu - RSPCB",7/12/2025 11:00,28.296139,74.961696,PM10,106,354,183
India,Rajasthan,Churu,"Subash Chowk, Churu - RSPCB",7/12/2025 11:00,28.296139,74.961696,NO2,12,104,44
India,Rajasthan,Dholpur,"Raja Ganj, Dholpur - RSPCB",7/12/2025 11:00,26.699557,77.898881,PM10,50,149,79
India,Rajasthan,Jodhpur,"Samrat Ashok Udhyan, Jodhpur - RSPCB",7/12/2025 11:00,26.253384,72.976571,PM2.5,40,341,126
India,Rajasthan,Jaipur,"Police Commissionerate, Jaipur - RSPCB",7/12/2025 11:00,26.9164092,75.7994901,CO,50,76,56
India,TamilNadu,Tirupur,"Kumaran College, Tirupur - TNPCB",7/12/2025 11:00,11.0973603,77.3228673,CO,26,52,39
India,TamilNadu,Tirupur,"Kumaran College, Tirupur - TNPCB",7/12/2025 11:00,11.0973603,77.3228673,OZONE,3,3,3
India,TamilNadu,Vellore,"Vasanthapuram, Vellore - TNPCB",7/12/2025 11:00,12.909494,79.131861,SO2,20,20,20
India,TamilNadu,Virudhunagar,"Collectorate Office, Virudhunagar - TNPCB",7/12/2025 11:00,9.559382,77.948828,NO2,1,2,1
India,TamilNadu,Virudhunagar,"Collectorate Office, Virudhunagar - TNPCB",7/12/2025 11:00,9.559382,77.948828,SO2,25,26,26
India,TamilNadu,Virudhunagar,"Collectorate Office, Virudhunagar - TNPCB",7/12/2025 11:00,9.559382,77.948828,CO,52,60,55
India,Telangana,Hyderabad,"Bollaram Industrial Area, Hyderabad - TSPCB",7/12/2025 11:00,17.540891,78.358528,PM10,89,159,120
India,Telangana,Hyderabad,"Bollaram Industrial Area, Hyderabad - TSPCB",7/12/2025 11:00,17.540891,78.358528,NO2,10,50,35
India,Telangana,Hyderabad,"Bollaram Industrial Area, Hyderabad - TSPCB",7/12/2025 11:00,17.540891,78.358528,NH3,1,6,4
India,Telangana,Hyderabad,"Bollaram Industrial Area, Hyderabad - TSPCB",7/12/2025 11:00,17.540891,78.358528,SO2,2,10,7
India,Telangana,Hyderabad,"Bollaram Industrial Area, Hyderabad - TSPCB",7/12/2025 11:00,17.540891,78.358528,OZONE,43,56,45
India,Telangana,Hyderabad,"Central University, Hyderabad - TSPCB",7/12/2025 11:00,17.460103,78.334361,PM2.5,69,163,119
India,TamilNadu,Chennai,"Manali, Chennai - CPCB",7/12/2025 11:00,13.164544,80.26285,PM10,90,122,107
India,TamilNadu,Chennai,"Manali, Chennai - CPCB",7/12/2025 11:00,13.164544,80.26285,SO2,11,20,14
India,TamilNadu,Chennai,"Perungudi, Chennai - TNPCB",7/12/2025 11:00,12.9533,80.2357,PM2.5,70,177,116
India,TamilNadu,Chennai,"Perungudi, Chennai - TNPCB",7/12/2025 11:00,12.9533,80.2357,NO2,3,21,7
India,TamilNadu,Chennai,"Perungudi, Chennai - TNPCB",7/12/2025 11:00,12.9533,80.2357,SO2,2,7,4
India,TamilNadu,Chennai,"Perungudi, Chennai - TNPCB",7/12/2025 11:00,12.9533,80.2357,CO,40,64,51
India,TamilNadu,Chennai,"Velachery Res. Area, Chennai - CPCB",7/12/2025 11:00,13.0052189,80.2398125,NH3,3,3,3
India,TamilNadu,Coimbatore,"PSG College of Arts and Science, Coimbatore - TNPCB",7/12/2025 11:00,11.0328,77.0349,PM2.5,147,304,220
India,TamilNadu,Madurai,"Uchapatti, Madurai - TNPCB",7/12/2025 11:00,9.865935,78.022669,PM10,NA,NA,NA
India,TamilNadu,Nagapattinam,"Velippalayam, Nagapattinam - TNPCB",7/12/2025 11:00,10.798548,79.838212,NH3,2,2,2
India,TamilNadu,Nagapattinam,"Velippalayam, Nagapattinam - TNPCB",7/12/2025 11:00,10.798548,79.838212,SO2,1,11,8
India,TamilNadu,Ooty,"Bombay Castel, Ooty - TNPCB",7/12/2025 11:00,11.4068288,76.7138973,PM2.5,NA,NA,NA
India,TamilNadu,Ooty,"Bombay Castel, Ooty - TNPCB",7/12/2025 11:00,11.4068288,76.7138973,SO2,NA,NA,NA
India,TamilNadu,Perundurai,"SIPCOT Industrial Park, Perundurai - TNPCB",7/12/2025 11:00,11.258242,77.552761,NH3,2,4,3
India,TamilNadu,Pudukottai,"SIPCOT Nathampannai, Pudukottai - TNPCB",7/12/2025 11:00,10.423417,78.784889,PM2.5,90,246,151
India,Rajasthan,Udaipur,"Ashok Nagar, Udaipur - RSPCB",7/12/2025 11:00,24.5886166,73.6321397,SO2,7,11,9
India,Sikkim,Gangtok,"Zero Point GICI, Gangtok - SSPCB",7/12/2025 11:00,27.33853,88.614099,NH3,1,1,1
India,Sikkim,Gangtok,"Zero Point GICI, Gangtok - SSPCB",7/12/2025 11:00,27.33853,88.614099,SO2,1,1,1
India,Sikkim,Gangtok,"Zero Point GICI, Gangtok - SSPCB",7/12/2025 11:00,27.33853,88.614099,OZONE,3,6,4
India,TamilNadu,Ariyalur,"Keelapalur, Ariyalur - TNPCB",7/12/2025 11:00,11.06825,79.07033,PM10,53,99,82
India,TamilNadu,Ariyalur,"Keelapalur, Ariyalur - TNPCB",7/12/2025 11:00,11.06825,79.07033,SO2,13,13,13
India,TamilNadu,Chennai,"Arumbakkam, Chennai - TNPCB",7/12/2025 11:00,13.0664,80.2112,PM10,NA,NA,NA
India,TamilNadu,Chennai,"Arumbakkam, Chennai - TNPCB",7/12/2025 11:00,13.0664,80.2112,SO2,NA,NA,NA
India,TamilNadu,Coimbatore,"SIDCO Kurichi, Coimbatore - TNPCB",7/12/2025 11:00,10.942451,76.978996,CO,27,55,35
India,TamilNadu,Coimbatore,"SIDCO Kurichi, Coimbatore - TNPCB",7/12/2025 11:00,10.942451,76.978996,OZONE,11,37,18
India,TamilNadu,Cuddalore,"Kudikadu, Cuddalore - TNPCB",7/12/2025 11:00,11.6829898,79.7532099,OZONE,12,14,14
India,TamilNadu,Dindigul,"Mendonsa Colony, Dindigul - TNPCB",7/12/2025 11:00,10.358535,77.984321,NO2,4,11,8
India,TamilNadu,Dindigul,"Mendonsa Colony, Dindigul - TNPCB",7/12/2025 11:00,10.358535,77.984321,NH3,2,3,2
India,TamilNadu,Dindigul,"Mendonsa Colony, Dindigul - TNPCB",7/12/2025 11:00,10.358535,77.984321,CO,23,32,26
India,TamilNadu,Gummidipoondi,"Anthoni Pillai Nagar, Gummidipoondi - TNPCB",7/12/2025 11:00,13.4127,80.1081,NO2,1,3,2
India,Telangana,Hyderabad,"Kompally Municipal Office, Hyderabad - TSPCB",7/12/2025 11:00,17.544899,78.486949,NH3,2,4,3
India,Telangana,Hyderabad,"Kompally Municipal Office, Hyderabad - TSPCB",7/12/2025 11:00,17.544899,78.486949,SO2,NA,NA,NA
India,Telangana,Hyderabad,"Nacharam_TSIIC IALA, Hyderabad - TSPCB",7/12/2025 11:00,17.429398,78.569354,NO2,12,13,13
India,Telangana,Hyderabad,"New Malakpet, Hyderabad - TSPCB",7/12/2025 11:00,17.37206,78.50864,NO2,14,17,15
India,Telangana,Hyderabad,"Ramachandrapuram, Hyderabad - TSPCB",7/12/2025 11:00,17.528544,78.286195,CO,27,42,37
India,Telangana,Hyderabad,"Sanathnagar, Hyderabad - TSPCB",7/12/2025 11:00,17.4559458,78.4332152,NO2,26,30,27
India,Telangana,Hyderabad,"Sanathnagar, Hyderabad - TSPCB",7/12/2025 11:00,17.4559458,78.4332152,OZONE,13,16,14
India,Telangana,Hyderabad,"Somajiguda, Hyderabad - TSPCB",7/12/2025 11:00,17.417094,78.457437,SO2,16,20,17
India,Telangana,Hyderabad,"Zoo Park, Hyderabad - TSPCB",7/12/2025 11:00,17.349694,78.451437,NO2,24,47,35
India,Telangana,Hyderabad,"Zoo Park, Hyderabad - TSPCB",7/12/2025 11:00,17.349694,78.451437,OZONE,21,24,22
India,Tripura,Agartala,"Bardowali, Agartala - Tripura SPCB",7/12/2025 11:00,23.8175497,91.2726974,PM2.5,NA,NA,NA
India,Tripura,Agartala,"Bardowali, Agartala - Tripura SPCB",7/12/2025 11:00,23.8175497,91.2726974,SO2,NA,NA,NA
India,Telangana,Hyderabad,"ECIL Kapra, Hyderabad - TSPCB",7/12/2025 11:00,17.470431,78.566959,NH3,3,3,3
India,Telangana,Hyderabad,"ECIL Kapra, Hyderabad - TSPCB",7/12/2025 11:00,17.470431,78.566959,CO,21,36,29
India,Telangana,Hyderabad,"IITH Kandi, Hyderabad - TSPCB",7/12/2025 11:00,17.585705,78.126199,NO2,11,15,14
India,Telangana,Hyderabad,"IITH Kandi, Hyderabad - TSPCB",7/12/2025 11:00,17.585705,78.126199,NH3,3,4,3
India,Telangana,Hyderabad,"Kokapet, Hyderabad - TSPCB",7/12/2025 11:00,17.393559,78.339194,OZONE,14,25,15
India,Telangana,Hyderabad,"Kompally Municipal Office, Hyderabad - TSPCB",7/12/2025 11:00,17.544899,78.486949,PM10,NA,NA,NA
India,TamilNadu,Ramanathapuram,"Chalai Bazaar, Ramanathapuram - TNPCB",7/12/2025 11:00,9.36399,78.831977,OZONE,4,6,5
India,TamilNadu,Thanjavur,"Parisutham Nagar, Thanjavur - TNPCB",7/12/2025 11:00,10.7654824,79.1389968,NO2,4,5,4
India,TamilNadu,Tirunelveli,"Municipal Corporation Office, Tirunelveli - TNPCB",7/12/2025 11:00,8.728442,77.6962,SO2,NA,NA,NA
India,TamilNadu,Tirupur,"Kumaran College, Tirupur - TNPCB",7/12/2025 11:00,11.0973603,77.3228673,PM2.5,91,347,197
India,Uttar_Pradesh,Greater Noida,"Knowledge Park - III, Greater Noida - UPPCB",7/12/2025 11:00,28.47272,77.482,NH3,8,10,9
India,Uttar_Pradesh,Greater Noida,"Knowledge Park - III, Greater Noida - UPPCB",7/12/2025 11:00,28.47272,77.482,OZONE,4,111,17
India,Uttar_Pradesh,Greater Noida,"Knowledge Park - V, Greater Noida - UPPCB",7/12/2025 11:00,28.557054,77.453663,PM10,178,361,264
India,Uttar_Pradesh,Hapur,"Anand Vihar, Hapur - UPPCB",7/12/2025 11:00,28.725645,77.749675,PM10,107,199,133
India,Uttar_Pradesh,Hapur,"Anand Vihar, Hapur - UPPCB",7/12/2025 11:00,28.725645,77.749675,SO2,22,51,33
India,Uttar_Pradesh,Jhansi,"Shivaji Nagar, Jhansi - UPPCB",7/12/2025 11:00,25.4547,78.6039,PM2.5,21,58,35
India,Uttar_Pradesh,Jhansi,"Shivaji Nagar, Jhansi - UPPCB",7/12/2025 11:00,25.4547,78.6039,NO2,6,6,6
India,Uttar_Pradesh,Kanpur,"FTI Kidwai Nagar, Kanpur - UPPCB",7/12/2025 11:00,26.428282,80.327067,PM2.5,54,138,87
India,Uttar_Pradesh,Kanpur,"FTI Kidwai Nagar, Kanpur - UPPCB",7/12/2025 11:00,26.428282,80.327067,CO,36,44,39
India,Uttar_Pradesh,Kanpur,"FTI Kidwai Nagar, Kanpur - UPPCB",7/12/2025 11:00,26.428282,80.327067,OZONE,13,17,15
India,Uttar_Pradesh,Kanpur,"NSI Kalyanpur, Kanpur - UPPCB",7/12/2025 11:00,26.509954,80.249612,NO2,22,22,22
India,Uttar_Pradesh,Kanpur,"Nehru Nagar, Kanpur - UPPCB",7/12/2025 11:00,26.4703136,80.3229863,PM10,51,139,77
India,Uttar_Pradesh,Khurja,"Kalindi Kunj, Khurja - UPPCB",7/12/2025 11:00,28.2348927,77.8683002,NH3,1,1,1
India,Uttar_Pradesh,Khurja,"Kalindi Kunj, Khurja - UPPCB",7/12/2025 11:00,28.2348927,77.8683002,CO,30,60,51
India,Uttar_Pradesh,Ghaziabad,"Loni, Ghaziabad - UPPCB",7/12/2025 11:00,28.757294,77.278792,PM2.5,232,442,361
India,Uttar_Pradesh,Ghaziabad,"Loni, Ghaziabad - UPPCB",7/12/2025 11:00,28.757294,77.278792,PM10,203,442,306
India,Uttar_Pradesh,Ghaziabad,"Sanjay Nagar, Ghaziabad - UPPCB",7/12/2025 11:00,28.685382,77.453839,CO,NA,NA,NA
India,Uttar_Pradesh,Ghaziabad,"Vasundhara, Ghaziabad - UPPCB",7/12/2025 11:00,28.6603346,77.3572563,NH3,9,20,16
India,Uttar_Pradesh,Gorakhpur,"Madan Mohan Malaviya University of Technology, Gorakhpur - UPPCB",7/12/2025 11:00,26.730136,83.433859,NO2,11,12,11
India,Uttar_Pradesh,Gorakhpur,"Madan Mohan Malaviya University of Technology, Gorakhpur - UPPCB",7/12/2025 11:00,26.730136,83.433859,NH3,1,1,1
India,Uttar_Pradesh,Lucknow,"B R Ambedkar University, Lucknow - UPPCB",7/12/2025 11:00,26.766433,80.927299,PM10,121,264,162
India,Uttar_Pradesh,Lucknow,"B R Ambedkar University, Lucknow - UPPCB",7/12/2025 11:00,26.766433,80.927299,NH3,5,9,7
India,Uttar_Pradesh,Lucknow,"B R Ambedkar University, Lucknow - UPPCB",7/12/2025 11:00,26.766433,80.927299,SO2,23,24,24
India,Uttar_Pradesh,Lucknow,"B R Ambedkar University, Lucknow - UPPCB",7/12/2025 11:00,26.766433,80.927299,CO,34,44,39
India,Uttar_Pradesh,Lucknow,"Kendriya Vidyalaya, Lucknow - CPCB",7/12/2025 11:00,26.906111,80.948222,SO2,3,22,10
India,Uttar_Pradesh,Lucknow,"Kukrail Picnic Spot-1, Lucknow - UPPCB",7/12/2025 11:00,26.90723,80.98579,PM10,121,226,168
India,Uttar_Pradesh,Lucknow,"Kukrail Picnic Spot-1, Lucknow - UPPCB",7/12/2025 11:00,26.90723,80.98579,NH3,5,5,5
India,Uttar_Pradesh,Bareilly,"Rajendra Nagar, Bareilly - UPPCB",7/12/2025 11:00,28.38910936,79.42963708,CO,12,86,26
India,Uttar_Pradesh,Bulandshahr,"Yamunapuram, Bulandshahr - UPPCB",7/12/2025 11:00,28.406963,77.849831,NH3,12,18,14
India,Uttar_Pradesh,Firozabad,"Nagla Bhau, Firozabad - UPPCB",7/12/2025 11:00,27.168897,78.37696,OZONE,1,2,1
India,Uttar_Pradesh,Firozabad,"Vibhab Nagar, Firozabad - UPPCB",7/12/2025 11:00,27.1594,78.3953,NO2,22,34,28
India,Uttar_Pradesh,Agra,"Shahjahan Garden, Agra - UPPCB",7/12/2025 11:00,27.169338,78.03582,OZONE,NA,NA,NA
India,Uttar_Pradesh,Agra,"Shastripuram, Agra - UPPCB",7/12/2025 11:00,27.19862,77.92066,NH3,3,3,3
India,Uttar_Pradesh,Agra,"Shastripuram, Agra - UPPCB",7/12/2025 11:00,27.19862,77.92066,SO2,12,20,15
India,Uttar_Pradesh,Baghpat,"Sardar Patel Inter College, Baghpat - UPPCB",7/12/2025 11:00,28.964949,77.278761,NO2,17,57,33
India,Uttar_Pradesh,Baghpat,"Sardar Patel Inter College, Baghpat - UPPCB",7/12/2025 11:00,28.964949,77.278761,NH3,2,5,3
India,Uttar_Pradesh,Meerut,"Pallavpuram Phase 2, Meerut - UPPCB",7/12/2025 11:00,29.06351,77.709723,NH3,9,9,9
India,Uttar_Pradesh,Moradabad,"Buddhi Vihar, Moradabad - UPPCB",7/12/2025 11:00,28.83526,78.7446,PM2.5,70,306,128
India,Uttar_Pradesh,Moradabad,"Eco Herbal Park, Moradabad - UPPCB",7/12/2025 11:00,28.840739,78.697531,NO2,29,78,45
India,Uttar_Pradesh,Moradabad,"Eco Herbal Park, Moradabad - UPPCB",7/12/2025 11:00,28.840739,78.697531,CO,5,103,14
India,Uttar_Pradesh,Lucknow,"Kukrail Picnic Spot-1, Lucknow - UPPCB",7/12/2025 11:00,26.90723,80.98579,OZONE,7,33,13
India,Uttar_Pradesh,Lucknow,"Lalbagh, Lucknow - CPCB",7/12/2025 11:00,26.8458805,80.9365541,NH3,15,24,20
India,Uttar_Pradesh,Lucknow,"Talkatora District Industries Center, Lucknow - CPCB",7/12/2025 11:00,26.83399722,80.8917361,NH3,10,21,12
India,Uttar_Pradesh,Agra,"Manoharpur, Agra - UPPCB",7/12/2025 11:00,27.23711,78.01936,PM10,76,137,106
India,Uttar_Pradesh,Moradabad,"Employment Office, Moradabad - UPPCB",7/12/2025 11:00,28.88528,78.7388,SO2,20,26,21
India,Uttar_Pradesh,Moradabad,"Jigar Colony, Moradabad - UPPCB",7/12/2025 11:00,28.856664,78.772638,NO2,24,25,25
India,Uttar_Pradesh,Moradabad,"Kashiram Nagar, Moradabad - UPPCB",7/12/2025 11:00,28.849399,78.742362,PM10,102,308,148
India,Uttar_Pradesh,Moradabad,"Kashiram Nagar, Moradabad - UPPCB",7/12/2025 11:00,28.849399,78.742362,SO2,1,109,42
India,Uttar_Pradesh,Moradabad,"Kashiram Nagar, Moradabad - UPPCB",7/12/2025 11:00,28.849399,78.742362,OZONE,22,88,24
India,Uttar_Pradesh,Moradabad,"Transport Nagar, Moradabad - UPPCB",7/12/2025 11:00,28.802625,78.753728,PM10,78,176,108
India,Uttar_Pradesh,Muzaffarnagar,"New Mandi, Muzaffarnagar - UPPCB",7/12/2025 11:00,29.4723508,77.7194031,PM2.5,124,317,242
India,West_Bengal,Kolkata,"Ballygunge, Kolkata - WBPCB",7/12/2025 11:00,22.5367507,88.3638022,SO2,7,40,18
India,West_Bengal,Kolkata,"Ballygunge, Kolkata - WBPCB",7/12/2025 11:00,22.5367507,88.3638022,CO,8,113,43
India,West_Bengal,Kolkata,"Ballygunge, Kolkata - WBPCB",7/12/2025 11:00,22.5367507,88.3638022,OZONE,6,35,13
India,West_Bengal,Kolkata,"Bidhannagar, Kolkata - WBPCB",7/12/2025 11:00,22.58157048,88.41002457,PM10,115,246,157
India,West_Bengal,Kolkata,"Bidhannagar, Kolkata - WBPCB",7/12/2025 11:00,22.58157048,88.41002457,NH3,4,20,11
India,West_Bengal,Kolkata,"Bidhannagar, Kolkata - WBPCB",7/12/2025 11:00,22.58157048,88.41002457,OZONE,12,45,17
India,West_Bengal,Kolkata,"Fort William, Kolkata - WBPCB",7/12/2025 11:00,22.55664,88.342674,PM2.5,164,346,265
India,West_Bengal,Kolkata,"Jadavpur, Kolkata - WBPCB",7/12/2025 11:00,22.49929,88.36917,PM10,120,336,197
India,West_Bengal,Durgapur,"Mahishkapur Road_B-Zone, Durgapur - WBPCB",7/12/2025 11:00,23.567923,87.306843,NH3,2,2,2
India,West_Bengal,Durgapur,"Mahishkapur Road_B-Zone, Durgapur - WBPCB",7/12/2025 11:00,23.567923,87.306843,SO2,13,73,23
India,West_Bengal,Durgapur,"PCBL Residential Complex, Durgapur - WBPCB",7/12/2025 11:00,23.508764,87.35444,SO2,1,6,2
India,West_Bengal,Durgapur,"Womens College_City Center, Durgapur - WBPCB (Formerly known as Sidhu Kanhu Indoor Stadium)",7/12/2025 11:00,23.549395,87.300496,PM10,99,193,134
India,West_Bengal,Durgapur,"Womens College_City Center, Durgapur - WBPCB (Formerly known as Sidhu Kanhu Indoor Stadium)",7/12/2025 11:00,23.549395,87.300496,SO2,18,28,22
India,West_Bengal,Durgapur,"Womens College_City Center, Durgapur - WBPCB (Formerly known as Sidhu Kanhu Indoor Stadium)",7/12/2025 11:00,23.549395,87.300496,CO,33,63,53
India,Uttar_Pradesh,Varanasi,"Bhelupur, Varanasi - UPPCB",7/12/2025 11:00,25.301778,82.996789,CO,16,69,23
India,Uttar_Pradesh,Varanasi,"IESD Banaras Hindu University, Varanasi - UPPCB",7/12/2025 11:00,25.262326,82.995408,PM10,77,169,116
India,Uttar_Pradesh,Varanasi,"IESD Banaras Hindu University, Varanasi - UPPCB",7/12/2025 11:00,25.262326,82.995408,CO,10,48,20
India,Uttar_Pradesh,Varanasi,"Maldahiya, Varanasi - UPPCB",7/12/2025 11:00,25.32393,82.99687,CO,18,47,32
India,Uttar_Pradesh,Vrindavan,"Omex Eternity, Vrindavan - UPPCB",7/12/2025 11:00,27.571409,77.655757,NO2,12,12,12
India,Uttar_Pradesh,Vrindavan,"Omex Eternity, Vrindavan - UPPCB",7/12/2025 11:00,27.571409,77.655757,CO,30,70,46
India,Uttarakhand,Rishikesh,"Shivaji Nagar, Rishikesh - UKPCB",7/12/2025 11:00,30.075911,78.2859547,NO2,19,33,24
India,West_Bengal,Asansol,"Asansol Court Area, Asansol - WBPCB",7/12/2025 11:00,23.685297,86.945968,PM10,83,144,122
India,West_Bengal,Asansol,"Evelyn Lodge, Asansol - WBPCB",7/12/2025 11:00,23.697936,86.944395,PM10,53,148,118
India,West_Bengal,Asansol,"Evelyn Lodge, Asansol - WBPCB",7/12/2025 11:00,23.697936,86.944395,NH3,3,4,4
India,West_Bengal,Asansol,"Mahabir Colliery, Asansol - WBPCB",7/12/2025 11:00,23.618183,87.105718,PM2.5,74,341,245
India,West_Bengal,Asansol,"Mahabir Colliery, Asansol - WBPCB",7/12/2025 11:00,23.618183,87.105718,SO2,4,11,6
India,West_Bengal,Asansol,"Trivenidevi Bhalotia College, Asansol - WBPCB",7/12/2025 11:00,23.616515,87.119133,PM2.5,74,246,156
India,West_Bengal,Barrackpore,"SVSPA Campus, Barrackpore - WBPCB",7/12/2025 11:00,22.7605581,88.3617589,CO,54,96,66
India,West_Bengal,Howrah,"Belur Math, Howrah - WBPCB",7/12/2025 11:00,22.629801,88.352017,CO,20,105,34
India,West_Bengal,Howrah,"Belur Math, Howrah - WBPCB",7/12/2025 11:00,22.629801,88.352017,OZONE,14,65,25
India,West_Bengal,Howrah,"Botanical Garden, Howrah - WBPCB",7/12/2025 11:00,22.554954,88.292568,CO,14,91,34
India,West_Bengal,Howrah,"Dasnagar, Howrah - WBPCB",7/12/2025 11:00,22.6025571,88.3105664,NH3,1,2,2
India,West_Bengal,Howrah,"Dasnagar, Howrah - WBPCB",7/12/2025 11:00,22.6025571,88.3105664,SO2,5,37,14
India,Uttar_Pradesh,Muzaffarnagar,"New Mandi, Muzaffarnagar - UPPCB",7/12/2025 11:00,29.4723508,77.7194031,CO,21,72,39
India,Uttar_Pradesh,Noida,"Sector - 62, Noida - IMD",7/12/2025 11:00,28.6245479,77.3577104,CO,39,82,47
India,Uttar_Pradesh,Noida,"Sector - 62, Noida - IMD",7/12/2025 11:00,28.6245479,77.3577104,OZONE,24,130,33
India,Uttar_Pradesh,Noida,"Sector-116, Noida - UPPCB",7/12/2025 11:00,28.56923,77.393848,NO2,60,161,108
India,Uttar_Pradesh,Noida,"Sector-116, Noida - UPPCB",7/12/2025 11:00,28.56923,77.393848,OZONE,13,241,44
India,Uttar_Pradesh,Prayagraj,"Jhunsi, Prayagraj - UPPCB",7/12/2025 11:00,25.425602,81.917152,SO2,8,17,10
India,Uttar_Pradesh,Prayagraj,"Motilal Nehru NIT, Prayagraj - UPPCB",7/12/2025 11:00,25.494,81.863,OZONE,5,60,22
India,West_Bengal,Kolkata,"Jadavpur, Kolkata - WBPCB",7/12/2025 11:00,22.49929,88.36917,NH3,6,19,11
India,West_Bengal,Kolkata,"Jadavpur, Kolkata - WBPCB",7/12/2025 11:00,22.49929,88.36917,CO,29,116,80
India,West_Bengal,Kolkata,"Rabindra Sarobar, Kolkata - WBPCB",7/12/2025 11:00,22.51106,88.35142,PM2.5,91,255,146
India,West_Bengal,Kolkata,"Rabindra Sarobar, Kolkata - WBPCB",7/12/2025 11:00,22.51106,88.35142,NH3,9,41,20
India,West_Bengal,Kolkata,"Victoria, Kolkata - WBPCB",7/12/2025 11:00,22.5448082,88.3403691,PM2.5,237,394,311
India,West_Bengal,Kolkata,"Victoria, Kolkata - WBPCB",7/12/2025 11:00,22.5448082,88.3403691,CO,50,112,61
India,West_Bengal,Kolkata,"Victoria, Kolkata - WBPCB",7/12/2025 11:00,22.5448082,88.3403691,OZONE,5,86,30
India,West_Bengal,Siliguri,"Ward-32 Bapupara, Siliguri - WBPCB",7/12/2025 11:00,26.6879226,88.4152495,PM2.5,50,189,87
India,West_Bengal,Siliguri,"Ward-32 Bapupara, Siliguri - WBPCB",7/12/2025 11:00,26.6879226,88.4152495,PM10,56,179,101
India,West_Bengal,Siliguri,"Ward-32 Bapupara, Siliguri - WBPCB",7/12/2025 11:00,26.6879226,88.4152495,NO2,13,31,19
India,Andhra_Pradesh,Vijayawada,"Rajiv Nagar, Vijayawada - APPCB",7/12/2025 11:00,16.554731,80.64911,SO2,8,26,18
India,Andhra_Pradesh,Vijayawada,"Rajiv Nagar, Vijayawada - APPCB",7/12/2025 11:00,16.554731,80.64911,OZONE,86,166,109
India,Andhra_Pradesh,Visakhapatnam,"GVM Corporation, Visakhapatnam - APPCB",7/12/2025 11:00,17.72,83.3,PM10,125,158,145
India,Andhra_Pradesh,Visakhapatnam,"GVM Corporation, Visakhapatnam - APPCB",7/12/2025 11:00,17.72,83.3,SO2,20,56,29
India,Andhra_Pradesh,Visakhapatnam,"GVM Corporation, Visakhapatnam - APPCB",7/12/2025 11:00,17.72,83.3,CO,30,60,37
India,Arunachal_Pradesh,Naharlagun,"Naharlagun, Naharlagun - APSPCB",7/12/2025 11:00,27.103358,93.679645,NH3,1,1,1
India,Assam,Byrnihat,"Central Academy for SFS, Byrnihat - PCBA",7/12/2025 11:00,26.071318,91.87488,NO2,5,8,7
India,Bihar,Bhagalpur,"DM Office_Kachari Chowk, Bhagalpur - BSPCB",7/12/2025 11:00,25.251013,86.989001,CO,14,19,17
India,Bihar,Bhagalpur,"Mayaganj, Bhagalpur - BSPCB",7/12/2025 11:00,25.265194,87.012947,PM2.5,42,163,90
India,Bihar,Bihar Sharif,"D M Colony, Bihar Sharif - BSPCB",7/12/2025 11:00,25.204762,85.51496,CO,2,28,3
India,Bihar,Buxar,"Charitra Van, Buxar - BSPCB",7/12/2025 11:00,25.56752,83.966379,NO2,5,10,9
India,Bihar,Buxar,"Charitra Van, Buxar - BSPCB",7/12/2025 11:00,25.56752,83.966379,SO2,5,12,8
India,Bihar,Buxar,"Charitra Van, Buxar - BSPCB",7/12/2025 11:00,25.56752,83.966379,OZONE,18,144,44
India,Bihar,Chhapra,"Darshan Nagar, Chhapra - BSPCB",7/12/2025 11:00,25.7808257,84.7446768,PM2.5,68,287,161
India,Assam,Guwahati,"IITG, Guwahati - PCBA",7/12/2025 11:00,26.2028636,91.70046436,NH3,5,5,5
India,Assam,Guwahati,"LGBI Airport, Guwahati - PCBA",7/12/2025 11:00,26.10887,91.589544,PM10,53,187,132
India,Assam,Guwahati,"LGBI Airport, Guwahati - PCBA",7/12/2025 11:00,26.10887,91.589544,NH3,5,5,5
India,Assam,Guwahati,"Pan Bazaar, Guwahati - PCBA",7/12/2025 11:00,26.1875,91.744194,PM10,37,129,87
India,Assam,Guwahati,"Railway Colony, Guwahati - PCBA",7/12/2025 11:00,26.181742,91.78063,CO,28,102,62
India,Assam,Nagaon,"Christianpatty, Nagaon - PCBA",7/12/2025 11:00,26.349082,92.68449,SO2,12,13,13
India,Andhra_Pradesh,Chittoor,"Gangineni Cheruvu, Chittoor - APPCB",7/12/2025 11:00,13.20488,79.097889,NO2,17,23,21
India,Andhra_Pradesh,Chittoor,"Gangineni Cheruvu, Chittoor - APPCB",7/12/2025 11:00,13.20488,79.097889,CO,36,60,48
India,Andhra_Pradesh,Kadapa,"Yerramukkapalli, Kadapa - APPCB",7/12/2025 11:00,14.465052,78.824187,NO2,21,21,21
India,Andhra_Pradesh,Kadapa,"Yerramukkapalli, Kadapa - APPCB",7/12/2025 11:00,14.465052,78.824187,CO,34,56,37
India,Andhra_Pradesh,Rajamahendravaram,"Anand Kala Kshetram, Rajamahendravaram - APPCB",7/12/2025 11:00,16.9872867,81.7363176,NO2,17,55,30
India,Andhra_Pradesh,Rajamahendravaram,"Anand Kala Kshetram, Rajamahendravaram - APPCB",7/12/2025 11:00,16.9872867,81.7363176,SO2,7,26,17
India,Assam,Nalbari,"Bata Chowk, Nalbari - PCBA",7/12/2025 11:00,26.446912,91.439057,OZONE,14,16,15
India,Assam,Sivasagar,"Girls College, Sivasagar - PCBA",7/12/2025 11:00,26.987634,94.636574,CO,10,91,39
India,Bihar,Araria,"Kharahiya Basti, Araria - BSPCB",7/12/2025 11:00,26.146529,87.454184,PM2.5,50,302,171
India,Bihar,Arrah,"New DM Office, Arrah - BSPCB",7/12/2025 11:00,25.5626095,84.663264,PM10,81,183,143
India,Bihar,Aurangabad,"Gurdeo Nagar, Aurangabad - BSPCB",7/12/2025 11:00,24.75746,84.366208,OZONE,3,54,28
India,Bihar,Begusarai,"Lohiyanagar, Begusarai - BSPCB",7/12/2025 11:00,25.42742023,86.13886079,PM10,5,189,27
India,Bihar,Begusarai,"Lohiyanagar, Begusarai - BSPCB",7/12/2025 11:00,25.42742023,86.13886079,NO2,17,25,20
India,Bihar,Begusarai,"Lohiyanagar, Begusarai - BSPCB",7/12/2025 11:00,25.42742023,86.13886079,SO2,1,64,7
India,Bihar,Bettiah,"Kamalnath Nagar, Bettiah - BSPCB",7/12/2025 11:00,26.80365,84.51954,SO2,2,9,6
India,Bihar,Gaya,"Collectorate, Gaya - BSPCB",7/12/2025 11:00,24.7955,84.9994,OZONE,18,20,20
India,Bihar,Gaya,"Kareemganj, Gaya - BSPCB",7/12/2025 11:00,24.792403,84.992416,CO,38,44,41
India,Bihar,Gaya,"SFTI Kusdihra, Gaya - BSPCB",7/12/2025 11:00,24.762518,84.982348,CO,20,46,44
India,Bihar,Hajipur,"Industrial Area, Hajipur - BSPCB",7/12/2025 11:00,25.697189,85.2459,NH3,6,11,9
India,Andhra_Pradesh,Vijayawada,"HB Colony, Vijayawada - APPCB",7/12/2025 11:00,16.536107,80.594233,SO2,13,20,16
India,Andhra_Pradesh,Vijayawada,"Kanuru, Vijayawada - APPCB",7/12/2025 11:00,16.486692,80.699436,OZONE,39,90,39
India,Andhra_Pradesh,Vijayawada,"Rajiv Gandhi Park, Vijayawada - APPCB",7/12/2025 11:00,16.509717,80.612222,PM10,67,94,80
India,Andhra_Pradesh,Vijayawada,"Rajiv Gandhi Park, Vijayawada - APPCB",7/12/2025 11:00,16.509717,80.612222,NH3,3,7,6
India,Andhra_Pradesh,Amaravati,"Secretariat, Amaravati - APPCB",7/12/2025 11:00,16.5150833,80.5181667,PM2.5,128,304,205
India,Andhra_Pradesh,Tirumala,"Toll Gate, Tirumala - APPCB",7/12/2025 11:00,13.67,79.35,OZONE,4,134,41
India,Chhattisgarh,Raipur,"Krishak Nagar, Raipur - CECB",7/12/2025 11:00,21.237755,81.705301,PM2.5,43,157,102
India,Chhattisgarh,Raipur,"Krishak Nagar, Raipur - CECB",7/12/2025 11:00,21.237755,81.705301,NO2,20,35,26
India,Chhattisgarh,Raipur,"Krishak Nagar, Raipur - CECB",7/12/2025 11:00,21.237755,81.705301,SO2,5,15,7
India,Chhattisgarh,Raipur,"Siltara Phase-II, Raipur - CECB",7/12/2025 11:00,21.371751,81.664929,PM10,57,161,99
India,Chhattisgarh,Raipur,"Siltara Phase-II, Raipur - CECB",7/12/2025 11:00,21.371751,81.664929,NH3,3,3,3
India,Chhattisgarh,Tumidih,"OP Jindal Industrial Park, Tumidih - CECB",7/12/2025 11:00,22.06631475,83.33820077,PM2.5,42,91,71
India,Chhattisgarh,Bhilai,"Civic Center, Bhilai - Bhilai Steel Plant",7/12/2025 11:00,21.185571,81.343175,SO2,7,11,8
India,Chhattisgarh,Bhilai,"Hathkhoj, Bhilai - CECB",7/12/2025 11:00,21.224231,81.40835,NH3,3,6,4
India,Chhattisgarh,Bhilai,"Hathkhoj, Bhilai - CECB",7/12/2025 11:00,21.224231,81.40835,CO,18,104,61
India,Chhattisgarh,Chhal,"Nawapara SECL Colony, Chhal - CECB",7/12/2025 11:00,22.118125,83.140608,NH3,6,6,6
India,Chhattisgarh,Korba,"Rampur, Korba - CECB",7/12/2025 11:00,22.368195,82.746431,SO2,15,65,22
India,Bihar,Munger,"Town Hall, Munger - BSPCB",7/12/2025 11:00,25.376776,86.471523,CO,18,42,26
India,Bihar,Munger,"Town Hall, Munger - BSPCB",7/12/2025 11:00,25.376776,86.471523,OZONE,12,26,23
India,Bihar,Muzaffarpur,"Buddha Colony, Muzaffarpur - BSPCB",7/12/2025 11:00,26.11442,85.39813,PM2.5,76,218,149
India,Bihar,Muzaffarpur,"Buddha Colony, Muzaffarpur - BSPCB",7/12/2025 11:00,26.11442,85.39813,NH3,6,11,9
India,Bihar,Muzaffarpur,"MIT-Daudpur Kothi, Muzaffarpur - BSPCB",7/12/2025 11:00,26.1403345,85.3650192,PM10,60,78,69
India,Bihar,Samastipur,"DM Office_Kasipur, Samastipur - BSPCB",7/12/2025 11:00,25.859655,85.77944,CO,48,87,55
India,Bihar,Sasaram,"Dada Peer, Sasaram - BSPCB",7/12/2025 11:00,24.952822,84.002396,PM10,140,450,220
India,Bihar,Sasaram,"Dada Peer, Sasaram - BSPCB",7/12/2025 11:00,24.952822,84.002396,CO,48,67,53
India,Chandigarh,Chandigarh,"Sector 22, Chandigarh - CPCC",7/12/2025 11:00,30.735567,76.775714,PM10,83,177,127
India,Chhattisgarh,Korba,"Urja Nagar, Korba - CECB",7/12/2025 11:00,22.348441,82.549611,PM2.5,70,86,71
India,Chhattisgarh,Raipur,"AIIMS, Raipur - CECB",7/12/2025 11:00,21.258815,81.578979,PM10,NA,NA,NA
India,Chhattisgarh,Raipur,"AIIMS, Raipur - CECB",7/12/2025 11:00,21.258815,81.578979,NO2,NA,NA,NA
India,Chhattisgarh,Raipur,"AIIMS, Raipur - CECB",7/12/2025 11:00,21.258815,81.578979,SO2,NA,NA,NA
India,Chhattisgarh,Raipur,"Bhatagaon New ISBT, Raipur - CECB",7/12/2025 11:00,21.219665,81.630094,PM2.5,29,192,110
India,Chandigarh,Chandigarh,"Sector-25, Chandigarh - CPCC",7/12/2025 11:00,30.751462,76.762879,NH3,3,3,3
India,Chandigarh,Chandigarh,"Sector-25, Chandigarh - CPCC",7/12/2025 11:00,30.751462,76.762879,OZONE,3,70,12
India,Chhattisgarh,Bhilai,"32Bungalows, Bhilai - CECB",7/12/2025 11:00,21.194815,81.31477,OZONE,3,77,10
India,Chhattisgarh,Bhilai,"Civic Center, Bhilai - Bhilai Steel Plant",7/12/2025 11:00,21.185571,81.343175,NH3,5,5,5
India,Bihar,Patna,"Rajbansi Nagar, Patna - BSPCB",7/12/2025 11:00,25.599486,85.113666,PM10,78,127,108
India,Bihar,Patna,"Rajbansi Nagar, Patna - BSPCB",7/12/2025 11:00,25.599486,85.113666,NH3,2,10,7
India,Bihar,Rajgir,"Dangi Tola, Rajgir - BSPCB",7/12/2025 11:00,25.0328,85.41948,NH3,NA,NA,NA
India,Bihar,Rajgir,"Dangi Tola, Rajgir - BSPCB",7/12/2025 11:00,25.0328,85.41948,OZONE,NA,NA,NA
India,Bihar,Katihar,"Mirchaibari, Katihar - BSPCB",7/12/2025 11:00,25.560083,87.553265,PM10,52,113,83
India,Bihar,Manguraha,"Forest Rest House, Manguraha - BSPCB",7/12/2025 11:00,27.308328,84.531742,PM2.5,32,325,79
India,Bihar,Patna,"Govt. High School Shikarpur, Patna - BSPCB",7/12/2025 11:00,25.592539,85.227158,PM2.5,59,72,66
India,Bihar,Patna,"Govt. High School Shikarpur, Patna - BSPCB",7/12/2025 11:00,25.592539,85.227158,SO2,9,13,11
India,Delhi,Delhi,"Bawana, Delhi - DPCC",7/12/2025 11:00,28.7762,77.051074,SO2,8,32,16
India,Delhi,Delhi,"Burari Crossing, Delhi - IMD",7/12/2025 11:00,28.7256504,77.2011573,PM2.5,180,376,318
India,Delhi,Delhi,"Burari Crossing, Delhi - IMD",7/12/2025 11:00,28.7256504,77.2011573,NO2,50,135,95
India,Delhi,Delhi,"Chandni Chowk, Delhi - IITM",7/12/2025 11:00,28.656756,77.227234,PM10,169,401,248
India,Delhi,Delhi,"Chandni Chowk, Delhi - IITM",7/12/2025 11:00,28.656756,77.227234,NO2,27,43,35
India,Delhi,Delhi,"DTU, Delhi - CPCB",7/12/2025 11:00,28.7500499,77.1112615,CO,14,47,33
India,Delhi,Delhi,"DTU, Delhi - CPCB",7/12/2025 11:00,28.7500499,77.1112615,OZONE,15,27,16
India,Delhi,Delhi,"IIT Delhi, Delhi - IITM",7/12/2025 11:00,28.54246,77.191651,OZONE,3,36,9
India,Delhi,Delhi,"ITO, Delhi - CPCB",7/12/2025 11:00,28.628624,77.24106,NH3,2,4,3
India,Delhi,Delhi,"Jahangirpuri, Delhi - DPCC",7/12/2025 11:00,28.73282,77.170633,CO,22,107,71
India,Delhi,Delhi,"Lodhi Road, Delhi - IITM",7/12/2025 11:00,28.588333,77.221667,SO2,9,21,15
India,Delhi,Delhi,"Lodhi Road, Delhi - IMD",7/12/2025 11:00,28.5918245,77.2273074,NO2,16,45,28
India,Delhi,Delhi,"Alipur, Delhi - DPCC",7/12/2025 11:00,28.815329,77.15301,SO2,10,21,14
India,Delhi,Delhi,"Alipur, Delhi - DPCC",7/12/2025 11:00,28.815329,77.15301,CO,56,78,68
India,Delhi,Delhi,"Anand Vihar, Delhi - DPCC",7/12/2025 11:00,28.647622,77.315809,NO2,62,179,117
India,Delhi,Delhi,"Anand Vihar, Delhi - DPCC",7/12/2025 11:00,28.647622,77.315809,SO2,8,68,54
India,Delhi,Delhi,"Aya Nagar, Delhi - IMD",7/12/2025 11:00,28.4706914,77.1099364,PM10,123,270,203
India,Delhi,Delhi,"Dwarka-Sector 8, Delhi - DPCC ",7/12/2025 11:00,28.5710274,77.0719006,PM2.5,193,363,304
India,Delhi,Delhi,"IIT Delhi, Delhi - IITM",7/12/2025 11:00,28.54246,77.191651,PM2.5,148,328,259
India,Delhi,Delhi,"IIT Delhi, Delhi - IITM",7/12/2025 11:00,28.54246,77.191651,PM10,151,228,180
India,Delhi,Delhi,"Narela, Delhi - DPCC",7/12/2025 11:00,28.822836,77.101981,NO2,16,79,32
India,Delhi,Delhi,"Narela, Delhi - DPCC",7/12/2025 11:00,28.822836,77.101981,SO2,8,22,14
India,Delhi,Delhi,"Nehru Nagar, Delhi - DPCC",7/12/2025 11:00,28.56789,77.250515,OZONE,2,274,35
India,Delhi,Delhi,"Punjabi Bagh, Delhi - DPCC",7/12/2025 11:00,28.674045,77.131023,NO2,27,74,42
India,Delhi,Delhi,"Pusa, Delhi - DPCC",7/12/2025 11:00,28.639652,77.146275,PM10,218,479,305
India,Delhi,Delhi,"Major Dhyan Chand National Stadium, Delhi - DPCC",7/12/2025 11:00,28.611281,77.237738,SO2,14,29,22
India,Delhi,Delhi,"NSIT Dwarka, Delhi - CPCB",7/12/2025 11:00,28.60909,77.0325413,PM10,161,305,215
India,Delhi,Delhi,"Lodhi Road, Delhi - IMD",7/12/2025 11:00,28.5918245,77.2273074,OZONE,5,101,18
India,Gujarat,Ahmedabad,"SVPI Airport Hansol, Ahmedabad - IITM",7/12/2025 11:00,23.076793,72.627874,PM2.5,47,85,60
India,Gujarat,Ahmedabad,"SVPI Airport Hansol, Ahmedabad - IITM",7/12/2025 11:00,23.076793,72.627874,NO2,22,88,50
India,Gujarat,Ahmedabad,"SVPI Airport Hansol, Ahmedabad - IITM",7/12/2025 11:00,23.076793,72.627874,SO2,5,11,8
India,Gujarat,Ahmedabad,"SVPI Airport Hansol, Ahmedabad - IITM",7/12/2025 11:00,23.076793,72.627874,CO,20,84,54
India,Gujarat,Ankleshwar,"GIDC, Ankleshwar - GPCB",7/12/2025 11:00,21.613267,73.010555,NH3,6,6,6
India,Gujarat,Gandhinagar,"IIPHG Lekawada, Gandhinagar - IITM",7/12/2025 11:00,23.243639,72.68994,NO2,7,8,7
India,Gujarat,Gandhinagar,"IIPHG Lekawada, Gandhinagar - IITM",7/12/2025 11:00,23.243639,72.68994,SO2,3,9,6
India,Gujarat,Gandhinagar,"Sector-10, Gandhinagar - GPCB",7/12/2025 11:00,23.221714,72.654328,PM10,67,106,83
India,Gujarat,Gandhinagar,"Sector-10, Gandhinagar - GPCB",7/12/2025 11:00,23.221714,72.654328,NO2,14,27,19
India,Gujarat,Gandhinagar,"Sector-10, Gandhinagar - GPCB",7/12/2025 11:00,23.221714,72.654328,OZONE,9,91,23
India,Gujarat,Nandesari,"GIDC, Nandesari - Nandesari Ind. Association",7/12/2025 11:00,22.410802,73.097923,PM10,106,205,161
India,Gujarat,Surat,"Science Center, Surat - SMC",7/12/2025 11:00,21.170046,72.795405,PM10,23,500,142
India,Gujarat,Vapi,"Phase-1 GIDC, Vapi - GPCB",7/12/2025 11:00,20.362421,72.918013,NH3,4,5,5
India,Gujarat,Vapi,"Phase-1 GIDC, Vapi - GPCB",7/12/2025 11:00,20.362421,72.918013,OZONE,8,26,8
India,Gujarat,Vatva,"Phase-4 GIDC, Vatva - GPCB",7/12/2025 11:00,22.969611,72.6435,NH3,1,5,4
India,Haryana,Ambala,"Patti Mehar, Ambala - HSPCB",7/12/2025 11:00,30.379589,76.778328,NH3,9,11,10
India,Delhi,Delhi,"Sirifort, Delhi - CPCB",7/12/2025 11:00,28.5504249,77.2159377,NH3,10,13,11
India,Delhi,Delhi,"Sri Aurobindo Marg, Delhi - DPCC",7/12/2025 11:00,28.531346,77.190156,PM2.5,167,332,283
India,Delhi,Delhi,"Sri Aurobindo Marg, Delhi - DPCC",7/12/2025 11:00,28.531346,77.190156,PM10,145,217,178
India,Delhi,Delhi,"Sri Aurobindo Marg, Delhi - DPCC",7/12/2025 11:00,28.531346,77.190156,CO,54,87,72
India,Delhi,Delhi,"Sri Aurobindo Marg, Delhi - DPCC",7/12/2025 11:00,28.531346,77.190156,OZONE,1,99,20
India,Delhi,Delhi,"Vivek Vihar, Delhi - DPCC",7/12/2025 11:00,28.672342,77.31526,PM2.5,157,383,316
India,Delhi,Delhi,"Pusa, Delhi - DPCC",7/12/2025 11:00,28.639652,77.146275,CO,42,112,60
India,Delhi,Delhi,"Pusa, Delhi - IMD",7/12/2025 11:00,28.63611,77.173332,PM2.5,182,378,302
India,Delhi,Delhi,"R K Puram, Delhi - DPCC",7/12/2025 11:00,28.563262,77.186937,PM2.5,187,416,319
India,Delhi,Delhi,"R K Puram, Delhi - DPCC",7/12/2025 11:00,28.563262,77.186937,CO,18,106,58
India,Delhi,Delhi,"Rohini, Delhi - DPCC",7/12/2025 11:00,28.732528,77.11992,PM10,148,346,245
India,Gujarat,Ahmedabad,"Raikhad, Ahmedabad - IITM",7/12/2025 11:00,23.020509,72.579261,SO2,9,12,10
India,Gujarat,Ahmedabad,"Raikhad, Ahmedabad - IITM",7/12/2025 11:00,23.020509,72.579261,CO,15,78,19
India,Gujarat,Ahmedabad,"SAC ISRO Bopal, Ahmedabad - IITM",7/12/2025 11:00,23.041137,72.456691,NH3,10,15,12
India,Gujarat,Ahmedabad,"SAC ISRO Bopal, Ahmedabad - IITM",7/12/2025 11:00,23.041137,72.456691,SO2,2,17,4
India,Gujarat,Ahmedabad,"SAC ISRO Satellite, Ahmedabad - IITM",7/12/2025 11:00,23.023389,72.515201,PM2.5,54,75,63
India,Delhi,Delhi,"Wazirpur, Delhi - DPCC",7/12/2025 11:00,28.699793,77.165453,OZONE,4,145,32
India,Gujarat,Ahmedabad,"Maninagar, Ahmedabad - GPCB",7/12/2025 11:00,23.002657,72.591912,PM2.5,67,157,107
India,Gujarat,Ahmedabad,"Maninagar, Ahmedabad - GPCB",7/12/2025 11:00,23.002657,72.591912,SO2,33,47,41
India,Gujarat,Ahmedabad,"Raikhad, Ahmedabad - IITM",7/12/2025 11:00,23.020509,72.579261,PM2.5,75,160,120
India,Haryana,Dharuhera,"Municipal Corporation Office, Dharuhera -  HSPCB",7/12/2025 11:00,28.2068,76.7997,NO2,10,35,27
India,Haryana,Faridabad,"New Industrial Town, Faridabad - HSPCB",7/12/2025 11:00,28.39072,77.30059,PM2.5,222,238,231
India,Haryana,Faridabad,"Sector 11, Faridabad - HSPCB",7/12/2025 11:00,28.376058,77.315741,PM10,91,214,139
India,Haryana,Bahadurgarh,"Arya Nagar, Bahadurgarh - HSPCB",7/12/2025 11:00,28.6701,76.9254,NO2,NA,NA,NA
India,Haryana,Bahadurgarh,"Arya Nagar, Bahadurgarh - HSPCB",7/12/2025 11:00,28.6701,76.9254,CO,11,52,11
India,Haryana,Bahadurgarh,"Arya Nagar, Bahadurgarh - HSPCB",7/12/2025 11:00,28.6701,76.9254,OZONE,16,19,19
India,Haryana,Bhiwani,"H.B. Colony, Bhiwani - HSPCB",7/12/2025 11:00,28.806223,76.141105,CO,11,14,12
India,Delhi,Delhi,"Rohini, Delhi - DPCC",7/12/2025 11:00,28.732528,77.11992,NO2,27,92,53
India,Delhi,Delhi,"Shadipur, Delhi - CPCB",7/12/2025 11:00,28.6514781,77.1473105,NH3,9,12,10
India,Delhi,Delhi,"Shadipur, Delhi - CPCB",7/12/2025 11:00,28.6514781,77.1473105,SO2,8,17,13
India,Jammu_and_Kashmir,Srinagar,"Rajbagh, Srinagar - JKSPCB",7/12/2025 11:00,34.066206,74.81982,SO2,3,4,3
India,Jharkhand,Dhanbad,"Sardar Patel Nagar, Dhanbad - JSPCB",7/12/2025 11:00,23.80569,86.44268,PM2.5,52,306,133
India,Jharkhand,Jorapokhar,"Tata Stadium, Jorapokhar - JSPCB",7/12/2025 11:00,23.707909,86.41467,SO2,NA,NA,NA
India,Jharkhand,Jorapokhar,"Tata Stadium, Jorapokhar - JSPCB",7/12/2025 11:00,23.707909,86.41467,OZONE,NA,NA,NA
India,Karnataka,Bagalkot,"Vidayagiri, Bagalkot - KSPCB",7/12/2025 11:00,16.172806,75.659694,PM2.5,35,36,35
India,Karnataka,Bengaluru,"BTM Layout, Bengaluru - CPCB",7/12/2025 11:00,12.9135218,77.5950804,PM2.5,85,151,98
India,Karnataka,Bengaluru,"BTM Layout, Bengaluru - CPCB",7/12/2025 11:00,12.9135218,77.5950804,NH3,2,6,6
India,Karnataka,Bengaluru,"BWSSB Kadabesanahalli, Bengaluru - CPCB",7/12/2025 11:00,12.9352049,77.6814488,OZONE,19,52,39
India,Karnataka,Bengaluru,"City Railway Station, Bengaluru - KSPCB",7/12/2025 11:00,12.9756843,77.5660749,CO,86,88,86
India,Karnataka,Bengaluru,"Hebbal, Bengaluru - KSPCB",7/12/2025 11:00,13.029152,77.585901,PM10,82,134,105
India,Karnataka,Bengaluru,"Hebbal, Bengaluru - KSPCB",7/12/2025 11:00,13.029152,77.585901,SO2,3,11,6
India,Karnataka,Bengaluru,"Hombegowda Nagar, Bengaluru - KSPCB",7/12/2025 11:00,12.938539,77.5901,PM10,85,113,101
India,Karnataka,Bengaluru,"Jayanagar 5th Block, Bengaluru - KSPCB",7/12/2025 11:00,12.920984,77.584908,CO,12,62,26
India,Haryana,Faridabad,"Sector 30, Faridabad - HSPCB",7/12/2025 11:00,28.4417,77.3217,PM2.5,182,213,199
India,Haryana,Faridabad,"Sector 30, Faridabad - HSPCB",7/12/2025 11:00,28.4417,77.3217,PM10,148,153,151
India,Haryana,Faridabad,"Sector 30, Faridabad - HSPCB",7/12/2025 11:00,28.4417,77.3217,CO,59,66,62
India,Haryana,Fatehabad,"Huda Sector, Fatehabad - HSPCB",7/12/2025 11:00,29.503664,75.467934,OZONE,15,18,15
India,Haryana,Gurugram,"Sector-51, Gurugram - HSPCB",7/12/2025 11:00,28.4227,77.0667,PM10,123,432,173
India,Haryana,Gurugram,"Sector-51, Gurugram - HSPCB",7/12/2025 11:00,28.4227,77.0667,SO2,2,17,11
India,Haryana,Gurugram,"Sector-51, Gurugram - HSPCB",7/12/2025 11:00,28.4227,77.0667,CO,17,22,19
India,Haryana,Sirsa,"F-Block, Sirsa - HSPCB",7/12/2025 11:00,29.5364,75.0158,NO2,10,31,21
India,Haryana,Sirsa,"F-Block, Sirsa - HSPCB",7/12/2025 11:00,29.5364,75.0158,NH3,10,16,13
India,Haryana,Sonipat,"Murthal, Sonipat - HSPCB",7/12/2025 11:00,29.0272,77.0621,PM10,121,247,180
India,Haryana,Sonipat,"Murthal, Sonipat - HSPCB",7/12/2025 11:00,29.0272,77.0621,SO2,6,10,8
India,Haryana,Yamuna Nagar,"Gobind Pura, Yamuna Nagar - HSPCB",7/12/2025 11:00,30.1480566,77.2893471,SO2,10,15,12
India,Haryana,Manesar,"Sector-2 IMT, Manesar - HSPCB",7/12/2025 11:00,28.360699,76.93609,CO,22,45,27
India,Haryana,Narnaul,"Shastri Nagar, Narnaul - HSPCB",7/12/2025 11:00,28.060249,76.113115,PM10,113,164,140
India,Haryana,Narnaul,"Shastri Nagar, Narnaul - HSPCB",7/12/2025 11:00,28.060249,76.113115,NO2,100,195,156
India,Haryana,Palwal,"Shyam Nagar, Palwal - HSPCB",7/12/2025 11:00,28.1485564,77.3320667,PM10,94,130,108
India,Haryana,Panchgaon,"Amity University, Panchgaon - IITM",7/12/2025 11:00,28.3153,76.9143,SO2,1,11,5
India,Haryana,Panipat,"Sector-18, Panipat - HSPCB",7/12/2025 11:00,29.432304,76.972765,PM2.5,46,313,175
India,Haryana,Panipat,"Sector-18, Panipat - HSPCB",7/12/2025 11:00,29.432304,76.972765,PM10,163,183,172
India,Haryana,Sirsa,"F-Block, Sirsa - HSPCB",7/12/2025 11:00,29.5364,75.0158,PM2.5,67,125,95
India,Haryana,Gurugram,"Teri Gram, Gurugram - HSPCB",7/12/2025 11:00,28.4275,77.1465,OZONE,9,43,14
India,Haryana,Hisar,"Urban Estate-II, Hisar - HSPCB",7/12/2025 11:00,29.14056,75.744941,CO,55,78,63
India,Haryana,Jind,"Police Lines, Jind - HSPCB",7/12/2025 11:00,29.307814,76.337619,PM10,100,131,113
India,Haryana,Kaithal,"Rishi Nagar, Kaithal - HSPCB",7/12/2025 11:00,29.8006,76.4155,NO2,NA,NA,NA
India,Haryana,Karnal,"Sector-12, Karnal - HSPCB",7/12/2025 11:00,29.6953,77.0027,CO,44,62,50
India,Karnataka,Bengaluru,"Kasturi Nagar, Bengaluru - KSPCB",7/12/2025 11:00,13.003872,77.664217,PM2.5,60,61,60
India,Karnataka,Bengaluru,"Kasturi Nagar, Bengaluru - KSPCB",7/12/2025 11:00,13.003872,77.664217,CO,43,64,50
India,Madhya Pradesh,Dewas,"Bhopal Chauraha, Dewas - MPPCB",7/12/2025 11:00,22.9682591,76.064118,PM2.5,40,167,89
India,Madhya Pradesh,Dewas,"Bhopal Chauraha, Dewas - MPPCB",7/12/2025 11:00,22.9682591,76.064118,OZONE,23,27,24
India,Madhya Pradesh,Gwalior,"City Center, Gwalior - MPPCB",7/12/2025 11:00,26.203442,78.193251,NO2,18,118,49
India,Madhya Pradesh,Gwalior,"City Center, Gwalior - MPPCB",7/12/2025 11:00,26.203442,78.193251,SO2,8,20,17
India,Madhya Pradesh,Gwalior,"City Center, Gwalior - MPPCB",7/12/2025 11:00,26.203442,78.193251,CO,26,114,33
India,Madhya Pradesh,Gwalior,"Deen Dayal Nagar, Gwalior - MPPCB",7/12/2025 11:00,26.259242,78.216432,PM10,64,366,147
India,Madhya Pradesh,Gwalior,"Deen Dayal Nagar, Gwalior - MPPCB",7/12/2025 11:00,26.259242,78.216432,NO2,16,135,55
India,Madhya Pradesh,Gwalior,"Deen Dayal Nagar, Gwalior - MPPCB",7/12/2025 11:00,26.259242,78.216432,SO2,6,14,10
India,Madhya Pradesh,Gwalior,"Deen Dayal Nagar, Gwalior - MPPCB",7/12/2025 11:00,26.259242,78.216432,CO,16,130,33
India,Madhya Pradesh,Gwalior,"Maharaj Bada, Gwalior - MPPCB",7/12/2025 11:00,26.200388,78.147714,OZONE,10,50,18
India,Madhya Pradesh,Indore,"Airport Area, Indore - IMC",7/12/2025 11:00,22.7289,75.8076,PM10,49,128,83
India,Karnataka,Chamarajanagar,"Urban, Chamarajanagar - KSPCB",7/12/2025 11:00,11.55358,76.55521,SO2,4,4,4
India,Karnataka,Chamarajanagar,"Urban, Chamarajanagar - KSPCB",7/12/2025 11:00,11.55358,76.55521,CO,22,120,22
India,Karnataka,Chikkamagaluru,"Kalyana Nagara, Chikkamagaluru - KSPCB",7/12/2025 11:00,13.328028,75.797056,NH3,2,3,2
India,Karnataka,Chikkamagaluru,"Kalyana Nagara, Chikkamagaluru - KSPCB",7/12/2025 11:00,13.328028,75.797056,OZONE,10,49,19
India,Karnataka,Davanagere,"Devaraj Urs Badavane, Davanagere - KSPCB",7/12/2025 11:00,14.4758,75.9052,PM10,95,129,104
India,Karnataka,Davanagere,"Devaraj Urs Badavane, Davanagere - KSPCB",7/12/2025 11:00,14.4758,75.9052,NH3,1,25,3
India,Karnataka,Davanagere,"Devaraj Urs Badavane, Davanagere - KSPCB",7/12/2025 11:00,14.4758,75.9052,SO2,2,6,4
India,Karnataka,Hubballi,"Lingaraj Nagar, Hubballi - KSPCB",7/12/2025 11:00,15.3714823,75.1160168,PM10,56,77,62
India,Karnataka,Hubballi,"Lingaraj Nagar, Hubballi - KSPCB",7/12/2025 11:00,15.3714823,75.1160168,OZONE,18,25,23
India,Kerala,Kannur,"Thavakkara, Kannur - Kerala PCB",7/12/2025 11:00,11.875,75.3732,NO2,15,17,16
India,Kerala,Kannur,"Thavakkara, Kannur - Kerala PCB",7/12/2025 11:00,11.875,75.3732,NH3,2,2,2
India,Kerala,Kannur,"Thavakkara, Kannur - Kerala PCB",7/12/2025 11:00,11.875,75.3732,CO,14,17,15
India,Kerala,Kollam,"Polayathode, Kollam - Kerala PCB",7/12/2025 11:00,8.8787,76.6073,SO2,2,3,2
India,Kerala,Kollam,"Polayathode, Kollam - Kerala PCB",7/12/2025 11:00,8.8787,76.6073,CO,14,16,15
India,Kerala,Kollam,"Polayathode, Kollam - Kerala PCB",7/12/2025 11:00,8.8787,76.6073,OZONE,31,35,33
India,Kerala,Thiruvananthapuram,"Kariavattom, Thiruvananthapuram - Kerala PCB",7/12/2025 11:00,8.5637,76.8865,SO2,1,18,5
India,Kerala,Thiruvananthapuram,"Plammoodu, Thiruvananthapuram - Kerala PCB",7/12/2025 11:00,8.5149093,76.9435879,SO2,7,22,16
India,Kerala,Thrissur,"Corporation Ground, Thrissur - Kerala PCB",7/12/2025 11:00,10.5324,76.2159,OZONE,31,32,31
India,Madhya Pradesh,Bhopal,"Idgah Hills, Bhopal - MPPCB",7/12/2025 11:00,23.264759,77.381568,NO2,20,75,34
India,Madhya Pradesh,Bhopal,"Idgah Hills, Bhopal - MPPCB",7/12/2025 11:00,23.264759,77.381568,SO2,11,14,12
India,Madhya Pradesh,Bhopal,"T T Nagar, Bhopal - MPPCB",7/12/2025 11:00,23.233584,77.400574,NH3,6,7,7
India,Madhya Pradesh,Damoh,"Shrivastav Colony, Damoh - MPPCB",7/12/2025 11:00,23.81748678,79.446246,PM10,12,78,31
India,Karnataka,Bengaluru,"RVCE-Mailasandra, Bengaluru - KSPCB",7/12/2025 11:00,12.921418,77.502466,SO2,NA,NA,NA
India,Karnataka,Bengaluru,"RVCE-Mailasandra, Bengaluru - KSPCB",7/12/2025 11:00,12.921418,77.502466,CO,NA,NA,NA
India,Karnataka,Bengaluru,"Shivapura_Peenya, Bengaluru - KSPCB",7/12/2025 11:00,13.0246342,77.5080115,NO2,21,21,21
India,Karnataka,Bengaluru,"Shivapura_Peenya, Bengaluru - KSPCB",7/12/2025 11:00,13.0246342,77.5080115,SO2,8,12,10
India,Karnataka,Bengaluru,"Silk Board, Bengaluru - KSPCB",7/12/2025 11:00,12.917348,77.622813,PM2.5,65,104,85
India,Karnataka,Bengaluru,"Silk Board, Bengaluru - KSPCB",7/12/2025 11:00,12.917348,77.622813,NO2,9,16,12
India,Karnataka,Mysuru,"Hebbal 1st Stage, Mysuru - KSPCB",7/12/2025 11:00,12.21041,76.37376,NH3,3,6,5
India,Karnataka,Mysuru,"Hebbal 1st Stage, Mysuru - KSPCB",7/12/2025 11:00,12.21041,76.37376,OZONE,9,69,19
India,Karnataka,Yadgir,"Collector Office, Yadgir - KSPCB",7/12/2025 11:00,16.7602,77.1428,CO,16,44,27
India,Kerala,Eloor,"Udyogamandal, Eloor - Kerala PCB",7/12/2025 11:00,10.073232,76.302765,OZONE,10,18,13
India,Madhya Pradesh,Indore,"Chhoti Gwaltoli, Indore - MPPCB",7/12/2025 11:00,22.431,75.5213,NH3,3,16,12
India,Madhya Pradesh,Indore,"Maguda Nagar, Indore - IMC",7/12/2025 11:00,22.7524,75.8872,SO2,30,44,37
India,Madhya Pradesh,Indore,"Regional Park, Indore - IMC",7/12/2025 11:00,22.678,75.8559,PM10,34,85,57
India,Karnataka,Kalaburagi,"Mahatma Basaveswar Colony, Kalaburgi - KSPCB",7/12/2025 11:00,17.336318,76.847397,NH3,3,4,3
India,Karnataka,Kalaburagi,"Mahatma Basaveswar Colony, Kalaburgi - KSPCB",7/12/2025 11:00,17.336318,76.847397,SO2,2,5,4
India,Karnataka,Kalaburagi,"Mahatma Basaveswar Colony, Kalaburgi - KSPCB",7/12/2025 11:00,17.336318,76.847397,CO,38,57,48
India,Madhya Pradesh,Indore,"Residency Area, Indore - IMC",7/12/2025 11:00,22.7084,75.8815,PM2.5,31,80,46
India,Madhya Pradesh,Indore,"Residency Area, Indore - IMC",7/12/2025 11:00,22.7084,75.8815,NO2,10,23,15
India,Madhya Pradesh,Jabalpur,"Suhagi, Jabalpur - JMC",7/12/2025 11:00,23.218135,79.95777,NH3,2,5,4
India,Madhya Pradesh,Jabalpur,"Suhagi, Jabalpur - JMC",7/12/2025 11:00,23.218135,79.95777,CO,2,117,15
India,Madhya Pradesh,Katni,"Gole Bazar, Katni - MPPCB",7/12/2025 11:00,23.50016,80.23284,NH3,5,6,6
India,Madhya Pradesh,Katni,"Gole Bazar, Katni - MPPCB",7/12/2025 11:00,23.50016,80.23284,SO2,20,59,33
India,Madhya Pradesh,Maihar,"Sahilara, Maihar - KJS Cements",7/12/2025 11:00,24.2613009,80.7231783,PM10,41,85,62
India,Madhya Pradesh,Maihar,"Sahilara, Maihar - KJS Cements",7/12/2025 11:00,24.2613009,80.7231783,CO,24,75,36
India,Madhya Pradesh,Mandideep,"Sector-D Industrial Area, Mandideep - MPPCB",7/12/2025 11:00,23.10844,77.511428,PM10,52,486,200
India,Madhya Pradesh,Mandideep,"Sector-D Industrial Area, Mandideep - MPPCB",7/12/2025 11:00,23.10844,77.511428,CO,20,107,82
India,Madhya Pradesh,Pithampur,"Sector-2 Industrial Area, Pithampur - MPPCB",7/12/2025 11:00,22.624758,75.675238,PM2.5,65,260,135
India,Madhya Pradesh,Pithampur,"Sector-2 Industrial Area, Pithampur - MPPCB",7/12/2025 11:00,22.624758,75.675238,NO2,18,34,28
India,Madhya Pradesh,Ratlam,"Shasthri Nagar, Ratlam - IPCA Lab",7/12/2025 11:00,23.331731,75.045981,PM10,94,162,124
India,Madhya Pradesh,Sagar,"Civil Lines, Sagar - MPPCB",7/12/2025 11:00,23.838586,78.759431,PM10,68,128,103
India,Madhya Pradesh,Sagar,"Civil Lines, Sagar - MPPCB",7/12/2025 11:00,23.838586,78.759431,SO2,7,26,15
India,Madhya Pradesh,Sagar,"Civil Lines, Sagar - MPPCB",7/12/2025 11:00,23.838586,78.759431,CO,22,62,37
India,Madhya Pradesh,Sagar,"Deen Dayal Nagar, Sagar - MPPCB",7/12/2025 11:00,23.8640158,78.80289321,NO2,9,102,53
India,Madhya Pradesh,Singrauli,"Suryakiran Bhawan NCL, Singrauli - MPPCB",7/12/2025 11:00,24.10897,82.64558,PM2.5,69,263,160
India,Maharashtra,Kolhapur,"Shivaji University, Kolhapur - MPCB",7/12/2025 11:00,16.6870449,74.2505872,OZONE,1,101,27
India,Maharashtra,Kolhapur,"Sinchan Bhavan, Kolhapur - MPCB",7/12/2025 11:00,16.7143745,74.2426398,PM10,86,180,122
India,Maharashtra,Latur,"Sawe Wadi, Latur - MPCB",7/12/2025 11:00,18.39963,76.57452,PM2.5,73,199,104
India,Maharashtra,Latur,"Sawe Wadi, Latur - MPCB",7/12/2025 11:00,18.39963,76.57452,SO2,2,13,6
India,Maharashtra,Mahad,"Kamble Tarf Birwadi, Mahad - MPCB",7/12/2025 11:00,18.1023399,73.4783687,NO2,11,65,26
India,Maharashtra,Mahad,"Kamble Tarf Birwadi, Mahad - MPCB",7/12/2025 11:00,18.1023399,73.4783687,SO2,13,115,38
India,Madhya Pradesh,Singrauli,"Suryakiran Bhawan NCL, Singrauli - MPPCB",7/12/2025 11:00,24.10897,82.64558,CO,30,103,95
India,Maharashtra,Ahmednagar,"Tarakpur, Ahmednagar - MPCB",7/12/2025 11:00,19.10122,74.73339,NH3,1,16,6
India,Maharashtra,Ahmednagar,"Tarakpur, Ahmednagar - MPCB",7/12/2025 11:00,19.10122,74.73339,OZONE,5,111,44
India,Maharashtra,Amravati,"Shivneri Colony, Amravati - MPCB",7/12/2025 11:00,20.9402359,77.7895248,PM10,70,141,100
India,Maharashtra,Amravati,"Shivneri Colony, Amravati - MPCB",7/12/2025 11:00,20.9402359,77.7895248,NH3,1,4,3
India,Maharashtra,Chandrapur,"Chauhan Colony, Chandrapur - MPCB",7/12/2025 11:00,19.9629,79.298714,SO2,34,34,34
India,Maharashtra,Chandrapur,"MIDC Khutala, Chandrapur - MPCB",7/12/2025 11:00,19.9775302,79.2337086,NH3,2,18,6
India,Maharashtra,Chandrapur,"MIDC Khutala, Chandrapur - MPCB",7/12/2025 11:00,19.9775302,79.2337086,OZONE,17,19,18
India,Maharashtra,Dhule,"Deopur, Dhule - MPCB",7/12/2025 11:00,20.918946,74.776388,NH3,1,4,2
India,Maharashtra,Jalgaon,"Prabhat Colony, Jalgaon - MPCB",7/12/2025 11:00,21.001264,75.565602,OZONE,10,86,56
India,Madhya Pradesh,Indore,"Residency Area, Indore - IMC",7/12/2025 11:00,22.7084,75.8815,NH3,NA,NA,NA
India,Madhya Pradesh,Indore,"Residency Area, Indore - IMC",7/12/2025 11:00,22.7084,75.8815,OZONE,12,17,14
India,Madhya Pradesh,Jabalpur,"Govindh Bhavan Colony, Jabalpur - JMC",7/12/2025 11:00,23.163174,79.973061,PM10,51,103,74
India,Madhya Pradesh,Jabalpur,"Govindh Bhavan Colony, Jabalpur - JMC",7/12/2025 11:00,23.163174,79.973061,NH3,1,2,2
India,Madhya Pradesh,Jabalpur,"Suhagi, Jabalpur - JMC",7/12/2025 11:00,23.218135,79.95777,PM2.5,50,312,144
India,Maharashtra,Kalyan,"Khadakpada, Kalyan - MPCB",7/12/2025 11:00,19.25292,73.142019,CO,72,106,82
India,Maharashtra,Kalyan,"Pimpleshwar Mandir, Kalyan - MPCB",7/12/2025 11:00,19.192056,72.9585188,NH3,2,5,3
India,Maharashtra,Kolhapur,"Shivaji University, Kolhapur - MPCB",7/12/2025 11:00,16.6870449,74.2505872,PM2.5,110,264,186
India,Maharashtra,Kolhapur,"Shivaji University, Kolhapur - MPCB",7/12/2025 11:00,16.6870449,74.2505872,NO2,23,120,57
India,Maharashtra,Amravati,"Shri Shivaji Science College, Amravati - MPCB",7/12/2025 11:00,20.939198,77.765701,NH3,1,22,6
India,Maharashtra,Aurangabad,"MIDC Chilkalthana, Aurangabad - MPCB",7/12/2025 11:00,19.87562,75.38731,NH3,2,3,2
India,Maharashtra,Aurangabad,"MIDC Chilkalthana, Aurangabad - MPCB",7/12/2025 11:00,19.87562,75.38731,SO2,1,2,1
India,Maharashtra,Aurangabad,"Rachnakar Colony, Aurangabad - MPCB",7/12/2025 11:00,19.863756,75.321188,PM10,87,178,118
India,Maharashtra,Belapur,"CBD Belapur, Belapur - MPCB",7/12/2025 11:00,19.0243902,73.0406721,PM2.5,28,159,105
India,Maharashtra,Belapur,"CBD Belapur, Belapur - MPCB",7/12/2025 11:00,19.0243902,73.0406721,OZONE,7,57,12
India,Maharashtra,Bhiwandi,"Gokul Nagar, Bhiwandi - MPCB",7/12/2025 11:00,19.309073,73.057223,NO2,16,25,19
India,Maharashtra,Bhiwandi,"Gokul Nagar, Bhiwandi - MPCB",7/12/2025 11:00,19.309073,73.057223,OZONE,18,87,24
India,Maharashtra,Mumbai,"Shivaji Nagar, Mumbai - BMC",7/12/2025 11:00,19.060498,72.923356,PM2.5,NA,NA,NA
India,Maharashtra,Mumbai,"Shivaji Nagar, Mumbai - BMC",7/12/2025 11:00,19.060498,72.923356,PM10,NA,NA,NA
India,Maharashtra,Mumbai,"Shivaji Nagar, Mumbai - BMC",7/12/2025 11:00,19.060498,72.923356,SO2,NA,NA,NA
India,Maharashtra,Mumbai,"Shivaji Nagar, Mumbai - BMC",7/12/2025 11:00,19.060498,72.923356,OZONE,NA,NA,NA
India,Maharashtra,Mumbai,"Siddharth Nagar-Worli, Mumbai - IITM",7/12/2025 11:00,19.000083,72.813993,PM2.5,78,186,118
India,Maharashtra,Mumbai,"Siddharth Nagar-Worli, Mumbai - IITM",7/12/2025 11:00,19.000083,72.813993,PM10,89,133,113
India,Maharashtra,Mumbai,"Siddharth Nagar-Worli, Mumbai - IITM",7/12/2025 11:00,19.000083,72.813993,OZONE,24,72,34
India,Maharashtra,Mumbai,"Sion, Mumbai - MPCB",7/12/2025 11:00,19.047,72.8746,PM2.5,11,197,61
India,Maharashtra,Mumbai,"Sion, Mumbai - MPCB",7/12/2025 11:00,19.047,72.8746,NO2,41,55,48
India,Maharashtra,Mumbai,"Sion, Mumbai - MPCB",7/12/2025 11:00,19.047,72.8746,OZONE,7,12,10
India,Maharashtra,Mumbai,"Vile Parle West, Mumbai - MPCB",7/12/2025 11:00,19.10861,72.83622,OZONE,10,27,21
India,Maharashtra,Mumbai,"Mindspace-Malad West, Mumbai - MPCB",7/12/2025 11:00,19.1878657,72.8304069,NH3,5,20,9
India,Maharashtra,Mumbai,"Mindspace-Malad West, Mumbai - MPCB",7/12/2025 11:00,19.1878657,72.8304069,CO,37,98,43
India,Maharashtra,Mumbai,"Mindspace-Malad West, Mumbai - MPCB",7/12/2025 11:00,19.1878657,72.8304069,OZONE,1,66,7
India,Maharashtra,Mumbai,"Navy Nagar-Colaba, Mumbai - IITM",7/12/2025 11:00,18.897756,72.81332,NH3,10,20,14
India,Maharashtra,Mumbai,"Navy Nagar-Colaba, Mumbai - IITM",7/12/2025 11:00,18.897756,72.81332,CO,22,75,51
India,Maharashtra,Mumbai,"Navy Nagar-Colaba, Mumbai - IITM",7/12/2025 11:00,18.897756,72.81332,OZONE,10,118,28
India,Maharashtra,Mumbai,"Powai, Mumbai - MPCB",7/12/2025 11:00,19.1375,72.915056,NO2,7,8,8
India,Maharashtra,Mumbai,"Sewri, Mumbai - BMC",7/12/2025 11:00,19.000084,72.85673,NO2,2,29,8
India,Maharashtra,Mumbai,"Sewri, Mumbai - BMC",7/12/2025 11:00,19.000084,72.85673,NH3,10,28,18
India,Maharashtra,Mumbai,"Sewri, Mumbai - BMC",7/12/2025 11:00,19.000084,72.85673,CO,1,135,18
India,Maharashtra,Mumbai,"Khindipada-Bhandup West, Mumbai - IITM",7/12/2025 11:00,19.1653323,72.922099,CO,21,38,29
India,Maharashtra,Mumbai,"Malad West, Mumbai - IITM",7/12/2025 11:00,19.19709,72.82204,NH3,5,9,7
India,Maharashtra,Mumbai,"Mazgaon, Mumbai - IITM",7/12/2025 11:00,18.96702,72.84214,NO2,34,115,76
India,Maharashtra,Mumbai,"Mazgaon, Mumbai - IITM",7/12/2025 11:00,18.96702,72.84214,SO2,8,22,15
India,Maharashtra,Mumbai,"Mindspace-Malad West, Mumbai - MPCB",7/12/2025 11:00,19.1878657,72.8304069,PM2.5,44,96,62
India,Maharashtra,Mumbai,"Mindspace-Malad West, Mumbai - MPCB",7/12/2025 11:00,19.1878657,72.8304069,NO2,23,84,40
India,Maharashtra,Mumbai,"Deonar, Mumbai - IITM",7/12/2025 11:00,19.04946,72.923,NO2,14,96,39
India,Maharashtra,Mumbai,"Ghatkopar, Mumbai - BMC",7/12/2025 11:00,19.083694,72.920967,NH3,2,7,5
India,Maharashtra,Mumbai,"Kandivali West, Mumbai - BMC",7/12/2025 11:00,19.215859,72.831718,OZONE,9,67,33
India,Maharashtra,Mumbai,"Kherwadi_Bandra East, Mumbai - MPCB",7/12/2025 11:00,19.0632143,72.8456324,PM10,126,170,136
India,Maharashtra,Mumbai,"Khindipada-Bhandup West, Mumbai - IITM",7/12/2025 11:00,19.1653323,72.922099,NH3,1,2,2
India,Maharashtra,Malegaon,"Mahesh Nagar, Malegaon - MPCB",7/12/2025 11:00,20.555712,74.529236,OZONE,4,79,10
India,Maharashtra,Mumbai,"Bandra Kurla Complex, Mumbai - IITM",7/12/2025 11:00,19.053536,72.84643,NH3,NA,NA,NA
India,Maharashtra,Mumbai,"Bandra Kurla Complex, Mumbai - IITM",7/12/2025 11:00,19.053536,72.84643,OZONE,NA,NA,NA
India,Maharashtra,Mumbai,"Borivali East, Mumbai - IITM",7/12/2025 11:00,19.23241,72.86895,CO,14,71,33
India,Maharashtra,Mumbai,"Borivali East, Mumbai - MPCB",7/12/2025 11:00,19.2243333,72.8658113,PM2.5,61,83,72
India,Maharashtra,Mumbai,"Borivali East, Mumbai - MPCB",7/12/2025 11:00,19.2243333,72.8658113,PM10,91,116,105
India,Maharashtra,Mumbai,"Byculla, Mumbai - BMC",7/12/2025 11:00,18.9767,72.838,OZONE,2,47,8
India,Maharashtra,Mumbai,"Chakala-Andheri East, Mumbai - IITM",7/12/2025 11:00,19.11074,72.86084,OZONE,7,70,44
India,Maharashtra,Mumbai,"Chembur, Mumbai - MPCB",7/12/2025 11:00,19.0364585,72.8954371,PM10,92,152,125
India,Maharashtra,Mumbai,"Chembur, Mumbai - MPCB",7/12/2025 11:00,19.0364585,72.8954371,CO,30,82,45
India,Maharashtra,Nagpur,"Ram Nagar, Nagpur - MPCB",7/12/2025 11:00,21.143383,79.048912,PM10,94,152,111
India,Maharashtra,Nagpur,"Ram Nagar, Nagpur - MPCB",7/12/2025 11:00,21.143383,79.048912,NH3,3,12,6
India,Maharashtra,Nanded,"Sneh Nagar, Nanded - MPCB",7/12/2025 11:00,19.173852,77.296291,PM2.5,74,129,91
India,Maharashtra,Nashik,"Gangapur Road, Nashik - MPCB",7/12/2025 11:00,20.0073285,73.7762427,PM10,74,160,112
India,Maharashtra,Mumbai,"Worli, Mumbai - MPCB",7/12/2025 11:00,18.9936162,72.8128113,CO,5,28,11
India,Maharashtra,Nagpur,"Ambazari, Nagpur - MPCB",7/12/2025 11:00,21.121801,79.04952,PM10,88,115,101
India,Maharashtra,Nagpur,"Mahal, Nagpur - MPCB",7/12/2025 11:00,21.14472,79.107595,PM10,77,199,119
India,Maharashtra,Nashik,"Gangapur Road, Nashik - MPCB",7/12/2025 11:00,20.0073285,73.7762427,OZONE,8,73,54
India,Maharashtra,Navi Mumbai,"Mahape, Navi Mumbai - MPCB",7/12/2025 11:00,19.1135051,73.008978,CO,21,28,24
India,Maharashtra,Navi Mumbai,"Mahape, Navi Mumbai - MPCB",7/12/2025 11:00,19.1135051,73.008978,OZONE,6,10,10
India,Maharashtra,Navi Mumbai,"Nerul, Navi Mumbai - MPCB",7/12/2025 11:00,19.008751,73.01662,NO2,35,38,36
India,Maharashtra,Navi Mumbai,"Sanpada, Navi Mumbai - MPCB",7/12/2025 11:00,19.0575752,73.0151367,SO2,9,26,15
India,Maharashtra,Navi Mumbai,"Sector-2E Kalamboli, Navi Mumbai - MPCB",7/12/2025 11:00,19.02579,73.10297,NO2,22,147,55
India,Maharashtra,Navi Mumbai,"Sector-2E Kalamboli, Navi Mumbai - MPCB",7/12/2025 11:00,19.02579,73.10297,NH3,5,18,9
India,Maharashtra,Navi Mumbai,"Sector-2E Kalamboli, Navi Mumbai - MPCB",7/12/2025 11:00,19.02579,73.10297,SO2,1,10,6
India,Maharashtra,Navi Mumbai,"Sector-2E Kalamboli, Navi Mumbai - MPCB",7/12/2025 11:00,19.02579,73.10297,CO,2,92,15
India,Maharashtra,Navi Mumbai,"Sector-2E Kalamboli, Navi Mumbai - MPCB",7/12/2025 11:00,19.02579,73.10297,OZONE,1,45,5
India,Maharashtra,Navi Mumbai,"Tondare-Taloja, Navi Mumbai - MPCB",7/12/2025 11:00,19.063,73.1209,PM2.5,48,128,92
India,Maharashtra,Navi Mumbai,"Tondare-Taloja, Navi Mumbai - MPCB",7/12/2025 11:00,19.063,73.1209,PM10,9,162,114
India,Maharashtra,Navi Mumbai,"Tondare-Taloja, Navi Mumbai - MPCB",7/12/2025 11:00,19.063,73.1209,NO2,17,38,25
India,Maharashtra,Navi Mumbai,"Tondare-Taloja, Navi Mumbai - MPCB",7/12/2025 11:00,19.063,73.1209,NH3,6,13,9
India,Maharashtra,Navi Mumbai,"Tondare-Taloja, Navi Mumbai - MPCB",7/12/2025 11:00,19.063,73.1209,SO2,2,3,3
India,Maharashtra,Pimpri-Chinchwad,"Thergaon, Pimpri Chinchwad - MPCB",7/12/2025 11:00,18.616318,73.765797,NO2,23,65,36
India,Maharashtra,Pimpri-Chinchwad,"Thergaon, Pimpri Chinchwad - MPCB",7/12/2025 11:00,18.616318,73.765797,NH3,3,5,4
India,Maharashtra,Pune,"Bhumkar Nagar, Pune - IITM",7/12/2025 11:00,18.60577,73.749976,CO,24,132,73
India,Maharashtra,Pune,"Bhumkar Nagar, Pune - IITM",7/12/2025 11:00,18.60577,73.749976,OZONE,1,63,13
India,Maharashtra,Pune,"Dhankawadi, Pune - IITM",7/12/2025 11:00,18.459883,73.852193,NO2,31,39,34
India,Maharashtra,Pune,"Hadapsar, Pune - IITM",7/12/2025 11:00,18.501793,73.927532,PM2.5,82,366,253
India,Maharashtra,Solapur,"Dnyaneshwar Nagar, Solapur - MPCB",7/12/2025 11:00,17.6336264,75.9132495,PM2.5,25,147,82
India,Maharashtra,Solapur,"Dnyaneshwar Nagar, Solapur - MPCB",7/12/2025 11:00,17.6336264,75.9132495,PM10,37,152,102
India,Maharashtra,Solapur,"Dnyaneshwar Nagar, Solapur - MPCB",7/12/2025 11:00,17.6336264,75.9132495,NO2,8,82,24
India,Maharashtra,Solapur,"Dnyaneshwar Nagar, Solapur - MPCB",7/12/2025 11:00,17.6336264,75.9132495,SO2,1,15,4
India,Maharashtra,Solapur,"Ratandeep Housing Society, Solapur - MPCB",7/12/2025 11:00,17.65439,75.90649,NO2,14,130,44
India,Maharashtra,Solapur,"Ratandeep Housing Society, Solapur - MPCB",7/12/2025 11:00,17.65439,75.90649,NH3,1,19,5
India,Maharashtra,Thane,"Kasarvadavali, Thane - MPCB",7/12/2025 11:00,19.26777,72.97182,PM10,77,185,135
India,Maharashtra,Thane,"Kasarvadavali, Thane - MPCB",7/12/2025 11:00,19.26777,72.97182,SO2,5,21,11
India,Maharashtra,Thane,"Kasarvadavali, Thane - MPCB",7/12/2025 11:00,19.26777,72.97182,OZONE,1,63,12
India,Maharashtra,Thane,"Upvan Fort, Thane - MPCB",7/12/2025 11:00,19.222279,72.957979,CO,10,36,15
India,Maharashtra,Virar,"Bolinj, Virar - MPCB",7/12/2025 11:00,19.445821,72.7988231,NH3,9,9,9
India,Maharashtra,Virar,"Bolinj, Virar - MPCB",7/12/2025 11:00,19.445821,72.7988231,SO2,8,14,11
India,Maharashtra,Parbhani,"Masoom Colony, Parbhani - MPCB",7/12/2025 11:00,19.265594,76.761463,CO,7,15,10
India,Maharashtra,Pimpri-Chinchwad,"Gavalinagar, Pimpri Chinchwad - MPCB",7/12/2025 11:00,18.63673,73.82487,PM2.5,51,240,108
India,Maharashtra,Pimpri-Chinchwad,"Park Street Wakad, Pimpri Chinchwad - MPCB",7/12/2025 11:00,18.59051,73.77946,NH3,1,5,3
India,Odisha,Angul,"Hakimapada, Angul - OSPCB",7/12/2025 11:00,20.832874,85.104082,NO2,17,105,32
India,Odisha,Balasore,"Kalidaspur, Balasore - OSPCB",7/12/2025 11:00,21.51161,86.89088,PM10,103,404,163
India,Odisha,Balasore,"Kalidaspur, Balasore - OSPCB",7/12/2025 11:00,21.51161,86.89088,NH3,2,4,2
India,Odisha,Balasore,"Kalidaspur, Balasore - OSPCB",7/12/2025 11:00,21.51161,86.89088,SO2,6,20,11
India,Maharashtra,Virar,"Bolinj, Virar - MPCB",7/12/2025 11:00,19.445821,72.7988231,OZONE,21,89,46
India,Meghalaya,Shillong,"JN Stadium, Shillong - Meghalaya PCB",7/12/2025 11:00,25.5803419,91.8942571,SO2,12,23,18
India,Meghalaya,Shillong,"JN Stadium, Shillong - Meghalaya PCB",7/12/2025 11:00,25.5803419,91.8942571,OZONE,NA,NA,NA
India,Maharashtra,Pune,"Katraj Dairy, Pune - MPCB",7/12/2025 11:00,18.45445,73.854155,CO,3,106,47
India,Maharashtra,Pune,"Savitribai Phule Pune University, Pune - MPCB",7/12/2025 11:00,18.547056,73.826908,PM10,59,169,119
India,Maharashtra,Nashik,"Hirawadi, Nashik - MPCB",7/12/2025 11:00,20.021503,73.813844,NO2,7,57,20
India,Maharashtra,Nashik,"MIDC Ambad, Nashik - MPCB",7/12/2025 11:00,19.95022,73.73148,PM2.5,88,133,102
India,Odisha,Suakati,"OMC Colony, Suakati - OSPCB",7/12/2025 11:00,21.606865,85.510538,OZONE,45,47,46
India,Odisha,Talcher,"Talcher Coalfields,Talcher - OSPCB",7/12/2025 11:00,20.9360711,85.1707021,PM2.5,54,359,204
India,Odisha,Talcher,"Talcher Coalfields,Talcher - OSPCB",7/12/2025 11:00,20.9360711,85.1707021,PM10,103,415,197
India,Odisha,Talcher,"Talcher Coalfields,Talcher - OSPCB",7/12/2025 11:00,20.9360711,85.1707021,NO2,64,104,80
India,Odisha,Tensa,"Barsua Iron Ore Mines, Tensa - OSPCB",7/12/2025 11:00,21.869985,85.167016,OZONE,12,40,20
India,Puducherry,Puducherry,"Jawahar Nagar, Puducherry - PPCC",7/12/2025 11:00,11.9309,79.8027,PM10,78,101,88
India,Puducherry,Puducherry,"Jawahar Nagar, Puducherry - PPCC",7/12/2025 11:00,11.9309,79.8027,SO2,5,9,8
India,Punjab,Amritsar,"Golden Temple, Amritsar - PPCB",7/12/2025 11:00,31.62,74.876512,CO,32,77,42
India,Odisha,Bhubaneswar,"Lingraj Mandir, Bhubaneswar - OSPCB",7/12/2025 11:00,20.24079,85.836784,SO2,3,61,16
India,Odisha,Bhubaneswar,"Patia, Bhubaneswar - OSPCB",7/12/2025 11:00,20.34652,85.8163,PM2.5,65,375,180
India,Odisha,Bhubaneswar,"Patia, Bhubaneswar - OSPCB",7/12/2025 11:00,20.34652,85.8163,PM10,95,405,172
India,Odisha,Bhubaneswar,"Patia, Bhubaneswar - OSPCB",7/12/2025 11:00,20.34652,85.8163,NH3,5,25,10
India,Odisha,Bileipada,"Tata Township, Bileipada - OSPCB",7/12/2025 11:00,22.06156703,85.47409613,PM2.5,117,317,235
India,Odisha,Bileipada,"Tata Township, Bileipada - OSPCB",7/12/2025 11:00,22.06156703,85.47409613,PM10,118,186,148
India,Odisha,Bileipada,"Tata Township, Bileipada - OSPCB",7/12/2025 11:00,22.06156703,85.47409613,NH3,4,4,4
India,Odisha,Bileipada,"Tata Township, Bileipada - OSPCB",7/12/2025 11:00,22.06156703,85.47409613,CO,26,68,41
India,Odisha,Brajrajnagar,"GM Office, Brajrajnagar - OSPCB",7/12/2025 11:00,21.8004996,83.8396977,NH3,11,11,11
India,Rajasthan,Banswara,"Rati Talai, Banswara - RSPCB",7/12/2025 11:00,23.55519,74.44001,SO2,1,6,3
India,Rajasthan,Baran,"Bamboliya, Baran - RSPCB",7/12/2025 11:00,25.106006,76.469948,OZONE,3,153,24
India,Rajasthan,Bharatpur,"Krishna Nagar, Bharatpur - RSPCB",7/12/2025 11:00,27.215415,77.50873,SO2,4,22,10
India,Rajasthan,Bharatpur,"Krishna Nagar, Bharatpur - RSPCB",7/12/2025 11:00,27.215415,77.50873,CO,28,128,46
India,Rajasthan,Bhilwara,"Pratap Nagar, Bhilwara - RSPCB",7/12/2025 11:00,25.339605,74.618883,PM2.5,42,230,129
India,Odisha,Cuttack,"CDA Area, Cuttack - OSPCB",7/12/2025 11:00,20.48891,85.84768,NH3,3,6,4
India,Odisha,Cuttack,"CDA Area, Cuttack - OSPCB",7/12/2025 11:00,20.48891,85.84768,SO2,5,66,14
India,Odisha,Keonjhar,"Jagamohanpur, Keonjhar - OSPCB",7/12/2025 11:00,21.6439,85.599355,SO2,14,38,21
India,Odisha,Keonjhar,"Jagamohanpur, Keonjhar - OSPCB",7/12/2025 11:00,21.6439,85.599355,OZONE,16,19,18
India,Odisha,Nayagarh,"Dabuna, Nayagarh - OSPCB",7/12/2025 11:00,21.847279,85.416905,SO2,7,16,9
India,Odisha,Rairangpur,"Divisional Forest Office, Rairangpur - OSPCB",7/12/2025 11:00,22.265816,86.174829,NH3,1,1,1
India,Odisha,Rairangpur,"Divisional Forest Office, Rairangpur - OSPCB",7/12/2025 11:00,22.265816,86.174829,OZONE,19,78,29
India,Odisha,Suakati,"OMC Colony, Suakati - OSPCB",7/12/2025 11:00,21.606865,85.510538,SO2,4,9,5
India,Punjab,Jalandhar,"Civil Line, Jalandhar - PPCB",7/12/2025 11:00,31.321907,75.578914,OZONE,42,48,45
India,Punjab,Ludhiana,"Punjab Agricultural University, Ludhiana - PPCB",7/12/2025 11:00,30.9028,75.8086,CO,31,70,50
India,Punjab,Ludhiana,"Punjab Agricultural University, Ludhiana - PPCB",7/12/2025 11:00,30.9028,75.8086,OZONE,18,55,24
India,Rajasthan,Bhiwadi,"RIICO Ind. Area III, Bhiwadi - RSPCB",7/12/2025 11:00,28.194909,76.862296,OZONE,7,56,16
India,Rajasthan,Bikaner,"MM Ground, Bikaner - RSPCB",7/12/2025 11:00,28.018792,73.292658,PM10,152,435,288
India,Punjab,Patiala,"Model Town, Patiala - PPCB",7/12/2025 11:00,30.349388,76.366642,OZONE,10,43,12
India,Rajasthan,Ajmer,"Civil Lines,  Ajmer - RSPCB",7/12/2025 11:00,26.470859,74.646594,NO2,7,47,18
India,Punjab,Patiala,"Model Town, Patiala - PPCB",7/12/2025 11:00,30.349388,76.366642,PM10,114,153,130
India,Punjab,Patiala,"Model Town, Patiala - PPCB",7/12/2025 11:00,30.349388,76.366642,NO2,16,20,18
India,Rajasthan,Churu,"Subash Chowk, Churu - RSPCB",7/12/2025 11:00,28.296139,74.961696,SO2,3,18,9
India,Rajasthan,Churu,"Subash Chowk, Churu - RSPCB",7/12/2025 11:00,28.296139,74.961696,OZONE,10,136,32
India,Rajasthan,Dausa,"Khatikan Mohalla, Dausa - RSPCB",7/12/2025 11:00,26.895552,76.334753,NH3,7,20,10
India,Rajasthan,Dausa,"Khatikan Mohalla, Dausa - RSPCB",7/12/2025 11:00,26.895552,76.334753,OZONE,3,108,42
India,Rajasthan,Dholpur,"Raja Ganj, Dholpur - RSPCB",7/12/2025 11:00,26.699557,77.898881,NO2,3,6,6
India,Rajasthan,Dholpur,"Raja Ganj, Dholpur - RSPCB",7/12/2025 11:00,26.699557,77.898881,CO,1,113,4
India,Rajasthan,Dungarpur,"Bhoiwada, Dungarpur - RSPCB",7/12/2025 11:00,23.837789,73.714926,SO2,1,28,7
India,Rajasthan,Jodhpur,"Digari Kalan, Jodhpur - RSPCB",7/12/2025 11:00,26.29581,73.082283,OZONE,9,105,54
India,Rajasthan,Jodhpur,"Jhalamand, Jodhpur - RSPCB",7/12/2025 11:00,26.215415,73.070156,PM10,57,129,96
India,Rajasthan,Jodhpur,"Jhalamand, Jodhpur - RSPCB",7/12/2025 11:00,26.215415,73.070156,CO,16,56,29
India,Rajasthan,Jodhpur,"Mandor, Jodhpur - RSPCB",7/12/2025 11:00,26.358805,73.047444,PM10,53,140,99
India,Rajasthan,Jodhpur,"Mandor, Jodhpur - RSPCB",7/12/2025 11:00,26.358805,73.047444,SO2,6,21,11
India,Rajasthan,Jodhpur,"Samrat Ashok Udhyan, Jodhpur - RSPCB",7/12/2025 11:00,26.253384,72.976571,PM10,85,431,156
India,Rajasthan,Jaipur,"RIICO Sitapura, Jaipur - RSPCB",7/12/2025 11:00,26.786682,75.827928,SO2,3,7,4
India,Rajasthan,Jaipur,"Sector-2 Murlipura, Jaipur - RSPCB",7/12/2025 11:00,26.960669,75.771817,PM2.5,72,325,194
India,Rajasthan,Jaipur,"Sector-2 Murlipura, Jaipur - RSPCB",7/12/2025 11:00,26.960669,75.771817,PM10,80,287,157
India,Rajasthan,Jaipur,"Sector-2 Murlipura, Jaipur - RSPCB",7/12/2025 11:00,26.960669,75.771817,NO2,37,143,88
India,Rajasthan,Jaipur,"Sector-2 Murlipura, Jaipur - RSPCB",7/12/2025 11:00,26.960669,75.771817,SO2,3,8,6
India,Rajasthan,Jaisalmer,"Sadar Bazar, Jaisalmer - RSPCB",7/12/2025 11:00,26.912329,70.909168,NO2,11,96,34
India,Rajasthan,Rajsamand,"Dhoinda, Rajsamand - RSPCB",7/12/2025 11:00,25.03636,73.883502,PM10,54,178,90
India,Rajasthan,Rajsamand,"Dhoinda, Rajsamand - RSPCB",7/12/2025 11:00,25.03636,73.883502,CO,8,83,39
India,Rajasthan,Sawai Madhopur,"Sahu Nagar, Sawai Madhopur - RSPCB",7/12/2025 11:00,26.031443,76.359327,CO,23,130,39
India,Rajasthan,Sikar,"Radhakishan Pura, Sikar - RSPCB",7/12/2025 11:00,27.608912,75.153302,NH3,8,23,15
India,Rajasthan,Sirohi,"Vedhaynath Colony, Sirohi - RSPCB",7/12/2025 11:00,24.885261,72.857549,OZONE,3,89,29
India,Rajasthan,Jodhpur,"Samrat Ashok Udhyan, Jodhpur - RSPCB",7/12/2025 11:00,26.253384,72.976571,NO2,18,132,51
India,Rajasthan,Jodhpur,"Samrat Ashok Udhyan, Jodhpur - RSPCB",7/12/2025 11:00,26.253384,72.976571,CO,28,81,35
India,Rajasthan,Karauli,"Satyawati Vihar, Karauli - RSPCB",7/12/2025 11:00,26.506177,77.025989,NH3,4,9,5
India,Rajasthan,Kota,"Dhanmandi, Kota - RSPCB",7/12/2025 11:00,25.16409,75.858137,NO2,20,108,53
India,Rajasthan,Kota,"Nayapura, Kota - RSPCB",7/12/2025 11:00,25.196024,75.855668,PM10,75,300,145
India,Rajasthan,Kota,"Shrinath Puram, Kota - RSPCB",7/12/2025 11:00,25.14389,75.821256,NO2,13,17,16
India,Rajasthan,Kota,"Shrinath Puram, Kota - RSPCB",7/12/2025 11:00,25.14389,75.821256,NH3,3,12,6
India,Rajasthan,Nagaur,"Karni Colony, Nagaur - RSPCB",7/12/2025 11:00,27.213494,73.734444,NO2,15,112,41
India,Rajasthan,Nagaur,"Karni Colony, Nagaur - RSPCB",7/12/2025 11:00,27.213494,73.734444,CO,20,107,39
India,Rajasthan,Pali,"Indira Colony Vistar, Pali - RSPCB",7/12/2025 11:00,25.771061,73.340227,PM10,76,148,113
India,Rajasthan,Jalore,"Mudtra Sili, Jalore - RSPCB",7/12/2025 11:00,25.344694,72.626208,PM2.5,35,200,92
India,Rajasthan,Jalore,"Mudtra Sili, Jalore - RSPCB",7/12/2025 11:00,25.344694,72.626208,NO2,14,146,61
India,Rajasthan,Jhalawar,"Rajlaxmi Nagar, Jhalawar - RSPCB",7/12/2025 11:00,24.588397,76.172782,OZONE,7,149,28
India,Rajasthan,Jhunjhunu,"Indra Nagar, Jhunjhunu - RSPCB",7/12/2025 11:00,28.108988,75.386577,OZONE,7,132,31
India,Rajasthan,Jaipur,"Adarsh Nagar, Jaipur - RSPCB",7/12/2025 11:00,26.902909,75.836858,SO2,8,41,24
India,Rajasthan,Jaipur,"Adarsh Nagar, Jaipur - RSPCB",7/12/2025 11:00,26.902909,75.836858,OZONE,15,91,24
India,Rajasthan,Churu,"Subash Chowk, Churu - RSPCB",7/12/2025 11:00,28.296139,74.961696,PM2.5,82,312,176
India,Rajasthan,Sri Ganganagar,"Old City, Sri Ganganagar - RSPCB",7/12/2025 11:00,29.931624,73.864511,NH3,2,15,4
India,Rajasthan,Sri Ganganagar,"Old City, Sri Ganganagar - RSPCB",7/12/2025 11:00,29.931624,73.864511,OZONE,1,135,16
India,Rajasthan,Tonk,"Shastri Nagar, Tonk - RSPCB",7/12/2025 11:00,26.159933,75.780517,NO2,17,107,46
India,Rajasthan,Tonk,"Shastri Nagar, Tonk - RSPCB",7/12/2025 11:00,26.159933,75.780517,NH3,7,13,11
India,Rajasthan,Udaipur,"Ashok Nagar, Udaipur - RSPCB",7/12/2025 11:00,24.5886166,73.6321397,PM10,60,169,109
India,Rajasthan,Udaipur,"Ashok Nagar, Udaipur - RSPCB",7/12/2025 11:00,24.5886166,73.6321397,NO2,8,81,44
India,Rajasthan,Udaipur,"Ashok Nagar, Udaipur - RSPCB",7/12/2025 11:00,24.5886166,73.6321397,CO,6,107,22
India,Sikkim,Gangtok,"Zero Point GICI, Gangtok - SSPCB",7/12/2025 11:00,27.33853,88.614099,PM2.5,6,58,29
India,TamilNadu,Chennai,"Velachery Res. Area, Chennai - CPCB",7/12/2025 11:00,13.0052189,80.2398125,PM10,103,132,117
India,TamilNadu,Chennai,"Velachery Res. Area, Chennai - CPCB",7/12/2025 11:00,13.0052189,80.2398125,CO,38,49,39
India,TamilNadu,Coimbatore,"PSG College of Arts and Science, Coimbatore - TNPCB",7/12/2025 11:00,11.0328,77.0349,PM10,94,138,114
India,TamilNadu,Coimbatore,"SIDCO Kurichi, Coimbatore - TNPCB",7/12/2025 11:00,10.942451,76.978996,NO2,7,44,21
India,TamilNadu,Coimbatore,"SIDCO Kurichi, Coimbatore - TNPCB",7/12/2025 11:00,10.942451,76.978996,NH3,1,1,1
India,TamilNadu,Coimbatore,"SIDCO Kurichi, Coimbatore - TNPCB",7/12/2025 11:00,10.942451,76.978996,SO2,21,23,22
India,TamilNadu,Cuddalore,"Kudikadu, Cuddalore - TNPCB",7/12/2025 11:00,11.6829898,79.7532099,SO2,19,20,19
India,Telangana,Hyderabad,"IITH Kandi, Hyderabad - TSPCB",7/12/2025 11:00,17.585705,78.126199,PM10,58,86,73
India,Telangana,Hyderabad,"IITH Kandi, Hyderabad - TSPCB",7/12/2025 11:00,17.585705,78.126199,SO2,10,12,11
India,Telangana,Hyderabad,"Kokapet, Hyderabad - TSPCB",7/12/2025 11:00,17.393559,78.339194,PM10,70,112,84
India,Telangana,Hyderabad,"Nacharam_TSIIC IALA, Hyderabad - TSPCB",7/12/2025 11:00,17.429398,78.569354,PM2.5,52,54,53
India,Telangana,Hyderabad,"Nacharam_TSIIC IALA, Hyderabad - TSPCB",7/12/2025 11:00,17.429398,78.569354,PM10,75,78,76
India,Telangana,Hyderabad,"Nacharam_TSIIC IALA, Hyderabad - TSPCB",7/12/2025 11:00,17.429398,78.569354,NH3,5,5,5
India,Telangana,Hyderabad,"New Malakpet, Hyderabad - TSPCB",7/12/2025 11:00,17.37206,78.50864,PM2.5,NA,NA,NA
India,TamilNadu,Ooty,"Bombay Castel, Ooty - TNPCB",7/12/2025 11:00,11.4068288,76.7138973,NO2,NA,NA,NA
India,TamilNadu,Ooty,"Bombay Castel, Ooty - TNPCB",7/12/2025 11:00,11.4068288,76.7138973,OZONE,5,8,6
India,TamilNadu,Perundurai,"SIPCOT Industrial Park, Perundurai - TNPCB",7/12/2025 11:00,11.258242,77.552761,PM2.5,78,131,99
India,TamilNadu,Pudukottai,"SIPCOT Nathampannai, Pudukottai - TNPCB",7/12/2025 11:00,10.423417,78.784889,PM10,108,174,135
India,TamilNadu,Thoothukudi,"Meelavittan, Thoothukudi - TNPCB",7/12/2025 11:00,8.816428,78.099039,NO2,8,13,11
India,TamilNadu,Chennai,"Manali Village, Chennai - TNPCB",7/12/2025 11:00,13.1662,80.2584,PM2.5,87,188,126
India,TamilNadu,Chennai,"Manali Village, Chennai - TNPCB",7/12/2025 11:00,13.1662,80.2584,NH3,1,2,2
India,TamilNadu,Chennai,"Manali Village, Chennai - TNPCB",7/12/2025 11:00,13.1662,80.2584,SO2,11,14,13
India,TamilNadu,Chennai,"Manali Village, Chennai - TNPCB",7/12/2025 11:00,13.1662,80.2584,CO,38,43,41
India,TamilNadu,Chennai,"Manali Village, Chennai - TNPCB",7/12/2025 11:00,13.1662,80.2584,OZONE,21,79,25
India,TamilNadu,Chennai,"Manali, Chennai - CPCB",7/12/2025 11:00,13.164544,80.26285,NO2,9,16,12
India,TamilNadu,Chennai,"Manali, Chennai - CPCB",7/12/2025 11:00,13.164544,80.26285,CO,11,74,26
India,TamilNadu,Gummidipoondi,"Anthoni Pillai Nagar, Gummidipoondi - TNPCB",7/12/2025 11:00,13.4127,80.1081,PM2.5,152,406,241
India,TamilNadu,Karur,"Kamadenu Nagar, Karur - TNPCB",7/12/2025 11:00,10.96782,78.080882,PM2.5,81,255,128
India,TamilNadu,Karur,"Kamadenu Nagar, Karur - TNPCB",7/12/2025 11:00,10.96782,78.080882,OZONE,6,9,7
India,TamilNadu,Madurai,"Uchapatti, Madurai - TNPCB",7/12/2025 11:00,9.865935,78.022669,NO2,7,11,8
India,TamilNadu,Thoothukudi,"Meelavittan, Thoothukudi - TNPCB",7/12/2025 11:00,8.816428,78.099039,SO2,4,8,6
India,TamilNadu,Tirunelveli,"Municipal Corporation Office, Tirunelveli - TNPCB",7/12/2025 11:00,8.728442,77.6962,NO2,NA,NA,NA
India,Telangana,Hyderabad,"Bollaram Industrial Area, Hyderabad - TSPCB",7/12/2025 11:00,17.540891,78.358528,PM2.5,NA,NA,NA
India,Telangana,Hyderabad,"Central University, Hyderabad - TSPCB",7/12/2025 11:00,17.460103,78.334361,OZONE,7,25,11
India,Telangana,Hyderabad,"ECIL Kapra, Hyderabad - TSPCB",7/12/2025 11:00,17.470431,78.566959,PM2.5,NA,NA,NA
India,Telangana,Hyderabad,"ICRISAT Patancheru, Hyderabad - TSPCB",7/12/2025 11:00,17.5184,78.278777,PM10,96,155,129
India,Telangana,Hyderabad,"Ramachandrapuram, Hyderabad - TSPCB",7/12/2025 11:00,17.528544,78.286195,SO2,12,16,13
India,Telangana,Hyderabad,"Ramachandrapuram, Hyderabad - TSPCB",7/12/2025 11:00,17.528544,78.286195,OZONE,25,34,33
India,Telangana,Hyderabad,"Somajiguda, Hyderabad - TSPCB",7/12/2025 11:00,17.417094,78.457437,PM10,36,95,62
India,Telangana,Hyderabad,"Somajiguda, Hyderabad - TSPCB",7/12/2025 11:00,17.417094,78.457437,NH3,3,3,3
India,Uttar_Pradesh,Baghpat,"Sardar Patel Inter College, Baghpat - UPPCB",7/12/2025 11:00,28.964949,77.278761,PM10,116,190,155
India,Uttar_Pradesh,Bareilly,"Civil Lines, Bareilly - UPPCB",7/12/2025 11:00,28.359581,79.414455,PM2.5,39,137,63
India,Uttar_Pradesh,Bareilly,"Civil Lines, Bareilly - UPPCB",7/12/2025 11:00,28.359581,79.414455,NH3,1,5,3
India,Uttar_Pradesh,Bareilly,"Civil Lines, Bareilly - UPPCB",7/12/2025 11:00,28.359581,79.414455,SO2,2,17,8
India,Uttar_Pradesh,Bareilly,"Civil Lines, Bareilly - UPPCB",7/12/2025 11:00,28.359581,79.414455,CO,64,160,82
India,Uttar_Pradesh,Bareilly,"Rajendra Nagar, Bareilly - UPPCB",7/12/2025 11:00,28.38910936,79.42963708,PM10,114,256,146
India,Uttar_Pradesh,Bulandshahr,"Yamunapuram, Bulandshahr - UPPCB",7/12/2025 11:00,28.406963,77.849831,PM10,141,227,181
India,Uttar_Pradesh,Bulandshahr,"Yamunapuram, Bulandshahr - UPPCB",7/12/2025 11:00,28.406963,77.849831,NO2,45,130,88
India,Uttar_Pradesh,Bulandshahr,"Yamunapuram, Bulandshahr - UPPCB",7/12/2025 11:00,28.406963,77.849831,SO2,4,32,14
India,Uttar_Pradesh,Bulandshahr,"Yamunapuram, Bulandshahr - UPPCB",7/12/2025 11:00,28.406963,77.849831,CO,64,102,91
India,Uttar_Pradesh,Firozabad,"Nagla Bhau, Firozabad - UPPCB",7/12/2025 11:00,27.168897,78.37696,NH3,2,2,2
India,Uttar_Pradesh,Firozabad,"Nagla Bhau, Firozabad - UPPCB",7/12/2025 11:00,27.168897,78.37696,SO2,16,19,17
India,Uttar_Pradesh,Firozabad,"Vibhab Nagar, Firozabad - UPPCB",7/12/2025 11:00,27.1594,78.3953,NH3,2,2,2
India,Uttar_Pradesh,Ghaziabad,"Indirapuram, Ghaziabad - UPPCB",7/12/2025 11:00,28.646233,77.358075,PM10,170,334,239
India,Uttar_Pradesh,Ghaziabad,"Indirapuram, Ghaziabad - UPPCB",7/12/2025 11:00,28.646233,77.358075,SO2,21,53,41
India,Uttar_Pradesh,Ghaziabad,"Indirapuram, Ghaziabad - UPPCB",7/12/2025 11:00,28.646233,77.358075,CO,44,107,59
India,Uttar_Pradesh,Ghaziabad,"Loni, Ghaziabad - UPPCB",7/12/2025 11:00,28.757294,77.278792,NO2,35,130,73
India,Uttar_Pradesh,Ghaziabad,"Loni, Ghaziabad - UPPCB",7/12/2025 11:00,28.757294,77.278792,SO2,2,36,18
India,Uttar_Pradesh,Ghaziabad,"Sanjay Nagar, Ghaziabad - UPPCB",7/12/2025 11:00,28.685382,77.453839,PM2.5,136,382,293
India,Uttar_Pradesh,Ghaziabad,"Sanjay Nagar, Ghaziabad - UPPCB",7/12/2025 11:00,28.685382,77.453839,NH3,7,11,9
India,Uttar_Pradesh,Kanpur,"NSI Kalyanpur, Kanpur - UPPCB",7/12/2025 11:00,26.509954,80.249612,OZONE,15,16,16
India,Uttar_Pradesh,Kanpur,"Nehru Nagar, Kanpur - UPPCB",7/12/2025 11:00,26.4703136,80.3229863,SO2,2,42,15
India,Uttar_Pradesh,Khurja,"Kalindi Kunj, Khurja - UPPCB",7/12/2025 11:00,28.2348927,77.8683002,NO2,6,7,7
India,Uttar_Pradesh,Khurja,"Kalindi Kunj, Khurja - UPPCB",7/12/2025 11:00,28.2348927,77.8683002,OZONE,9,19,16
India,Uttar_Pradesh,Lucknow,"B R Ambedkar University, Lucknow - UPPCB",7/12/2025 11:00,26.766433,80.927299,NO2,21,22,22
India,Uttar_Pradesh,Lucknow,"B R Ambedkar University, Lucknow - UPPCB",7/12/2025 11:00,26.766433,80.927299,OZONE,26,27,27
India,Uttar_Pradesh,Lucknow,"Gomti Nagar, Lucknow - UPPCB",7/12/2025 11:00,26.86812,81.005119,PM10,94,343,135
India,Uttar_Pradesh,Lucknow,"Gomti Nagar, Lucknow - UPPCB",7/12/2025 11:00,26.86812,81.005119,CO,29,36,30
India,Uttar_Pradesh,Ghaziabad,"Sanjay Nagar, Ghaziabad - UPPCB",7/12/2025 11:00,28.685382,77.453839,OZONE,12,50,24
India,Uttar_Pradesh,Ghaziabad,"Vasundhara, Ghaziabad - UPPCB",7/12/2025 11:00,28.6603346,77.3572563,NO2,75,190,115
India,Uttar_Pradesh,Ghaziabad,"Vasundhara, Ghaziabad - UPPCB",7/12/2025 11:00,28.6603346,77.3572563,CO,31,110,67
India,Uttar_Pradesh,Gorakhpur,"Madan Mohan Malaviya University of Technology, Gorakhpur - UPPCB",7/12/2025 11:00,26.730136,83.433859,CO,6,8,8
India,Uttar_Pradesh,Gorakhpur,"Madan Mohan Malaviya University of Technology, Gorakhpur - UPPCB",7/12/2025 11:00,26.730136,83.433859,OZONE,NA,NA,NA
India,Uttar_Pradesh,Greater Noida,"Knowledge Park - V, Greater Noida - UPPCB",7/12/2025 11:00,28.557054,77.453663,SO2,14,37,22
India,Uttar_Pradesh,Lucknow,"Gomti Nagar, Lucknow - UPPCB",7/12/2025 11:00,26.86812,81.005119,OZONE,25,36,27
India,Uttar_Pradesh,Lucknow,"Kendriya Vidyalaya, Lucknow - CPCB",7/12/2025 11:00,26.906111,80.948222,NH3,14,20,17
India,Uttar_Pradesh,Lucknow,"Kukrail Picnic Spot-1, Lucknow - UPPCB",7/12/2025 11:00,26.90723,80.98579,PM2.5,78,217,118
India,Uttar_Pradesh,Lucknow,"Talkatora District Industries Center, Lucknow - CPCB",7/12/2025 11:00,26.83399722,80.8917361,SO2,3,26,10
India,Uttar_Pradesh,Meerut,"Ganga Nagar, Meerut - UPPCB",7/12/2025 11:00,28.999264,77.7590354,NO2,42,104,63
India,Uttar_Pradesh,Meerut,"Jai Bhim Nagar, Meerut - UPPCB",7/12/2025 11:00,28.9535882,77.7622941,CO,34,126,72
India,Uttar_Pradesh,Meerut,"Jai Bhim Nagar, Meerut - UPPCB",7/12/2025 11:00,28.9535882,77.7622941,OZONE,19,162,51
India,Uttar_Pradesh,Meerut,"Pallavpuram Phase 2, Meerut - UPPCB",7/12/2025 11:00,29.06351,77.709723,PM10,166,363,236
India,Uttar_Pradesh,Meerut,"Pallavpuram Phase 2, Meerut - UPPCB",7/12/2025 11:00,29.06351,77.709723,OZONE,11,153,24
India,Uttar_Pradesh,Agra,"Sanjay Palace, Agra - UPPCB",7/12/2025 11:00,27.19865833,78.00598056,OZONE,10,51,19
India,Uttar_Pradesh,Agra,"Sector-3B Avas Vikas Colony, Agra - UPPCB",7/12/2025 11:00,27.19412,77.96237,NH3,6,12,10
India,Uttar_Pradesh,Agra,"Shastripuram, Agra - UPPCB",7/12/2025 11:00,27.19862,77.92066,NO2,41,42,42
India,Uttar_Pradesh,Hapur,"Anand Vihar, Hapur - UPPCB",7/12/2025 11:00,28.725645,77.749675,CO,10,78,14
India,Uttar_Pradesh,Kanpur,"FTI Kidwai Nagar, Kanpur - UPPCB",7/12/2025 11:00,26.428282,80.327067,NO2,25,25,25
India,Uttar_Pradesh,Kanpur,"FTI Kidwai Nagar, Kanpur - UPPCB",7/12/2025 11:00,26.428282,80.327067,NH3,2,2,2
India,Uttar_Pradesh,Agra,"Rohta, Agra - UPPCB",7/12/2025 11:00,27.106972,78.000111,OZONE,7,12,10
India,Uttar_Pradesh,Moradabad,"Buddhi Vihar, Moradabad - UPPCB",7/12/2025 11:00,28.83526,78.7446,SO2,78,79,78
India,Uttar_Pradesh,Moradabad,"Buddhi Vihar, Moradabad - UPPCB",7/12/2025 11:00,28.83526,78.7446,OZONE,9,31,15
India,Uttar_Pradesh,Moradabad,"Eco Herbal Park, Moradabad - UPPCB",7/12/2025 11:00,28.840739,78.697531,PM10,178,331,235
India,Uttar_Pradesh,Moradabad,"Eco Herbal Park, Moradabad - UPPCB",7/12/2025 11:00,28.840739,78.697531,NH3,7,13,10
India,Uttar_Pradesh,Moradabad,"Employment Office, Moradabad - UPPCB",7/12/2025 11:00,28.88528,78.7388,NH3,4,4,4
India,Uttar_Pradesh,Moradabad,"Employment Office, Moradabad - UPPCB",7/12/2025 11:00,28.88528,78.7388,OZONE,14,38,16
India,Uttar_Pradesh,Moradabad,"Jigar Colony, Moradabad - UPPCB",7/12/2025 11:00,28.856664,78.772638,PM10,116,247,156
India,Uttar_Pradesh,Moradabad,"Jigar Colony, Moradabad - UPPCB",7/12/2025 11:00,28.856664,78.772638,NH3,6,8,6
India,Uttar_Pradesh,Moradabad,"Jigar Colony, Moradabad - UPPCB",7/12/2025 11:00,28.856664,78.772638,CO,38,41,40
India,Uttar_Pradesh,Moradabad,"Jigar Colony, Moradabad - UPPCB",7/12/2025 11:00,28.856664,78.772638,OZONE,17,54,18
India,Uttar_Pradesh,Moradabad,"Kashiram Nagar, Moradabad - UPPCB",7/12/2025 11:00,28.849399,78.742362,PM2.5,80,377,171
India,Uttar_Pradesh,Varanasi,"Maldahiya, Varanasi - UPPCB",7/12/2025 11:00,25.32393,82.99687,OZONE,1,20,3
India,Uttar_Pradesh,Vrindavan,"Omex Eternity, Vrindavan - UPPCB",7/12/2025 11:00,27.571409,77.655757,SO2,11,22,13
India,Uttarakhand,Dehradun,"Doon University, Dehradun - UKPCB",7/12/2025 11:00,30.269444,78.044167,PM2.5,51,312,204
India,Uttarakhand,Dehradun,"Doon University, Dehradun - UKPCB",7/12/2025 11:00,30.269444,78.044167,NO2,2,5,3
India,Uttarakhand,Dehradun,"Doon University, Dehradun - UKPCB",7/12/2025 11:00,30.269444,78.044167,SO2,2,2,2
India,Uttarakhand,Kashipur,"Govt. Girls Inter College, Kashipur - UKPCB",7/12/2025 11:00,29.2124114,78.9611753,NO2,9,44,16
India,Uttarakhand,Rishikesh,"Shivaji Nagar, Rishikesh - UKPCB",7/12/2025 11:00,30.075911,78.2859547,NH3,7,11,8
India,Uttarakhand,Rishikesh,"Shivaji Nagar, Rishikesh - UKPCB",7/12/2025 11:00,30.075911,78.2859547,CO,24,64,36
India,Uttarakhand,Rishikesh,"Shivaji Nagar, Rishikesh - UKPCB",7/12/2025 11:00,30.075911,78.2859547,OZONE,17,65,42
India,Uttar_Pradesh,Prayagraj,"Nagar Nigam, Prayagraj - UPPCB",7/12/2025 11:00,25.44919916,81.82735986,PM10,57,500,108
India,Uttar_Pradesh,Prayagraj,"Nagar Nigam, Prayagraj - UPPCB",7/12/2025 11:00,25.44919916,81.82735986,OZONE,11,13,11
India,Uttar_Pradesh,Varanasi,"Ardhali Bazar, Varanasi - UPPCB",7/12/2025 11:00,25.3505986,82.9083074,PM10,77,178,129
India,Uttar_Pradesh,Varanasi,"Ardhali Bazar, Varanasi - UPPCB",7/12/2025 11:00,25.3505986,82.9083074,NO2,81,102,94
India,Uttar_Pradesh,Varanasi,"Ardhali Bazar, Varanasi - UPPCB",7/12/2025 11:00,25.3505986,82.9083074,SO2,9,11,11
India,Uttar_Pradesh,Varanasi,"Bhelupur, Varanasi - UPPCB",7/12/2025 11:00,25.301778,82.996789,PM2.5,57,216,99
India,Uttar_Pradesh,Varanasi,"IESD Banaras Hindu University, Varanasi - UPPCB",7/12/2025 11:00,25.262326,82.995408,PM2.5,32,149,69
India,Uttar_Pradesh,Varanasi,"Maldahiya, Varanasi - UPPCB",7/12/2025 11:00,25.32393,82.99687,PM10,57,127,91
India,Uttar_Pradesh,Moradabad,"Kashiram Nagar, Moradabad - UPPCB",7/12/2025 11:00,28.849399,78.742362,NO2,25,25,25
India,Uttar_Pradesh,Moradabad,"Transport Nagar, Moradabad - UPPCB",7/12/2025 11:00,28.802625,78.753728,NO2,29,30,30
India,Uttar_Pradesh,Moradabad,"Transport Nagar, Moradabad - UPPCB",7/12/2025 11:00,28.802625,78.753728,SO2,32,38,34
India,Uttar_Pradesh,Moradabad,"Transport Nagar, Moradabad - UPPCB",7/12/2025 11:00,28.802625,78.753728,OZONE,25,48,28
India,Uttar_Pradesh,Muzaffarnagar,"New Mandi, Muzaffarnagar - UPPCB",7/12/2025 11:00,29.4723508,77.7194031,PM10,117,170,139
India,Uttar_Pradesh,Noida,"Sector - 125, Noida - UPPCB",7/12/2025 11:00,28.5447608,77.3231257,PM10,192,348,259
India,Uttar_Pradesh,Noida,"Sector - 62, Noida - IMD",7/12/2025 11:00,28.6245479,77.3577104,PM2.5,94,350,281
India,West_Bengal,Howrah,"Dasnagar, Howrah - WBPCB",7/12/2025 11:00,22.6025571,88.3105664,CO,8,101,25
India,West_Bengal,Howrah,"Ghusuri, Howrah - WBPCB",7/12/2025 11:00,22.611968,88.347422,OZONE,11,51,19
India,West_Bengal,Howrah,"Padmapukur, Howrah - WBPCB",7/12/2025 11:00,22.5687319,88.2797276,PM2.5,130,346,244
India,West_Bengal,Kolkata,"Ballygunge, Kolkata - WBPCB",7/12/2025 11:00,22.5367507,88.3638022,PM10,111,237,163
India,West_Bengal,Kolkata,"Bidhannagar, Kolkata - WBPCB",7/12/2025 11:00,22.58157048,88.41002457,PM2.5,85,288,164
India,West_Bengal,Barrackpore,"SVSPA Campus, Barrackpore - WBPCB",7/12/2025 11:00,22.7605581,88.3617589,PM10,96,172,127
India,West_Bengal,Durgapur,"Mahishkapur Road_B-Zone, Durgapur - WBPCB",7/12/2025 11:00,23.567923,87.306843,PM10,69,145,108
India,West_Bengal,Durgapur,"Mahishkapur Road_B-Zone, Durgapur - WBPCB",7/12/2025 11:00,23.567923,87.306843,OZONE,17,99,51
India,West_Bengal,Durgapur,"PCBL Residential Complex, Durgapur - WBPCB",7/12/2025 11:00,23.508764,87.35444,CO,40,80,67
India,West_Bengal,Asansol,"Evelyn Lodge, Asansol - WBPCB",7/12/2025 11:00,23.697936,86.944395,PM2.5,67,274,192
India,West_Bengal,Asansol,"Evelyn Lodge, Asansol - WBPCB",7/12/2025 11:00,23.697936,86.944395,SO2,5,10,6
India,West_Bengal,Asansol,"Mahabir Colliery, Asansol - WBPCB",7/12/2025 11:00,23.618183,87.105718,OZONE,6,56,15
India,West_Bengal,Asansol,"Trivenidevi Bhalotia College, Asansol - WBPCB",7/12/2025 11:00,23.616515,87.119133,PM10,77,154,122
India,West_Bengal,Haldia,"Priyambada Housing Estate, Haldia - WBPCB",7/12/2025 11:00,22.06047,88.109737,PM10,120,188,150
India,West_Bengal,Haldia,"Priyambada Housing Estate, Haldia - WBPCB",7/12/2025 11:00,22.06047,88.109737,NO2,18,43,29
India,West_Bengal,Howrah,"Belur Math, Howrah - WBPCB",7/12/2025 11:00,22.629801,88.352017,PM2.5,224,412,320
India,West_Bengal,Howrah,"Botanical Garden, Howrah - WBPCB",7/12/2025 11:00,22.554954,88.292568,PM2.5,66,261,139
India,Uttar_Pradesh,Noida,"Sector-1, Noida - UPPCB",7/12/2025 11:00,28.5898,77.3101,PM2.5,230,367,312
India,Uttar_Pradesh,Noida,"Sector-1, Noida - UPPCB",7/12/2025 11:00,28.5898,77.3101,NO2,53,172,99
India,Uttar_Pradesh,Noida,"Sector-1, Noida - UPPCB",7/12/2025 11:00,28.5898,77.3101,SO2,12,30,20
India,Uttar_Pradesh,Prayagraj,"Jhunsi, Prayagraj - UPPCB",7/12/2025 11:00,25.425602,81.917152,PM2.5,44,180,91
India,Uttar_Pradesh,Prayagraj,"Jhunsi, Prayagraj - UPPCB",7/12/2025 11:00,25.425602,81.917152,NH3,5,5,5
India,West_Bengal,Kolkata,"Bidhannagar, Kolkata - WBPCB",7/12/2025 11:00,22.58157048,88.41002457,SO2,9,15,11
India,West_Bengal,Kolkata,"Bidhannagar, Kolkata - WBPCB",7/12/2025 11:00,22.58157048,88.41002457,CO,70,115,95
India,West_Bengal,Kolkata,"Fort William, Kolkata - WBPCB",7/12/2025 11:00,22.55664,88.342674,OZONE,14,100,42
India,West_Bengal,Kolkata,"Rabindra Bharati University, Kolkata - WBPCB",7/12/2025 11:00,22.627847,88.380669,PM10,101,233,139
India,West_Bengal,Kolkata,"Rabindra Bharati University, Kolkata - WBPCB",7/12/2025 11:00,22.627847,88.380669,OZONE,7,88,31
India,West_Bengal,Kolkata,"Rabindra Sarobar, Kolkata - WBPCB",7/12/2025 11:00,22.51106,88.35142,NO2,45,189,112
India,West_Bengal,Siliguri,"Ward-32 Bapupara, Siliguri - WBPCB",7/12/2025 11:00,26.6879226,88.4152495,NH3,11,11,11
India,West_Bengal,Siliguri,"Ward-32 Bapupara, Siliguri - WBPCB",7/12/2025 11:00,26.6879226,88.4152495,SO2,13,20,16
India,Andhra_Pradesh,Chittoor,"Gangineni Cheruvu, Chittoor - APPCB",7/12/2025 11:00,13.20488,79.097889,SO2,6,34,16
India,Andhra_Pradesh,Kadapa,"Yerramukkapalli, Kadapa - APPCB",7/12/2025 11:00,14.465052,78.824187,NH3,3,5,4
India,Andhra_Pradesh,Rajamahendravaram,"Anand Kala Kshetram, Rajamahendravaram - APPCB",7/12/2025 11:00,16.9872867,81.7363176,PM2.5,122,308,170
India,Andhra_Pradesh,Rajamahendravaram,"Anand Kala Kshetram, Rajamahendravaram - APPCB",7/12/2025 11:00,16.9872867,81.7363176,PM10,109,192,132
India,Andhra_Pradesh,Rajamahendravaram,"Anand Kala Kshetram, Rajamahendravaram - APPCB",7/12/2025 11:00,16.9872867,81.7363176,OZONE,11,34,16
India,Andhra_Pradesh,Tirumala,"Toll Gate, Tirumala - APPCB",7/12/2025 11:00,13.67,79.35,NH3,1,1,1
India,Andhra_Pradesh,Tirupati,"Vaikuntapuram, Tirupati - APPCB",7/12/2025 11:00,13.615387,79.40923,PM10,52,63,59
India,Assam,Silchar,"Tarapur, Silchar - PCBA",7/12/2025 11:00,24.82827,92.79525,NO2,19,23,21
India,Assam,Silchar,"Tarapur, Silchar - PCBA",7/12/2025 11:00,24.82827,92.79525,OZONE,1,5,1
India,Assam,Sivasagar,"Girls College, Sivasagar - PCBA",7/12/2025 11:00,26.987634,94.636574,PM10,25,96,59
India,Bihar,Araria,"Kharahiya Basti, Araria - BSPCB",7/12/2025 11:00,26.146529,87.454184,PM10,44,155,111
India,Bihar,Araria,"Kharahiya Basti, Araria - BSPCB",7/12/2025 11:00,26.146529,87.454184,NH3,4,5,4
India,Bihar,Arrah,"New DM Office, Arrah - BSPCB",7/12/2025 11:00,25.5626095,84.663264,NH3,1,1,1
India,Bihar,Aurangabad,"Gurdeo Nagar, Aurangabad - BSPCB",7/12/2025 11:00,24.75746,84.366208,PM2.5,43,143,72
India,Bihar,Aurangabad,"Gurdeo Nagar, Aurangabad - BSPCB",7/12/2025 11:00,24.75746,84.366208,PM10,85,167,110
India,Bihar,Aurangabad,"Gurdeo Nagar, Aurangabad - BSPCB",7/12/2025 11:00,24.75746,84.366208,NO2,7,8,8
India,Bihar,Begusarai,"Lohiyanagar, Begusarai - BSPCB",7/12/2025 11:00,25.42742023,86.13886079,PM2.5,10,302,37
India,Bihar,Bettiah,"Kamalnath Nagar, Bettiah - BSPCB",7/12/2025 11:00,26.80365,84.51954,PM10,40,161,97
India,Bihar,Bettiah,"Kamalnath Nagar, Bettiah - BSPCB",7/12/2025 11:00,26.80365,84.51954,CO,52,113,92
India,Bihar,Bettiah,"Kamalnath Nagar, Bettiah - BSPCB",7/12/2025 11:00,26.80365,84.51954,OZONE,21,23,22
India,Bihar,Bhagalpur,"DM Office_Kachari Chowk, Bhagalpur - BSPCB",7/12/2025 11:00,25.251013,86.989001,NO2,6,12,9
India,Bihar,Katihar,"Mirchaibari, Katihar - BSPCB",7/12/2025 11:00,25.560083,87.553265,SO2,20,28,24
India,Bihar,Kishanganj,"SDM Office_Khagra, Kishanganj - BSPCB",7/12/2025 11:00,26.0881305,87.93840336,PM10,46,178,129
India,Bihar,Kishanganj,"SDM Office_Khagra, Kishanganj - BSPCB",7/12/2025 11:00,26.0881305,87.93840336,NH3,3,4,3
India,Bihar,Kishanganj,"SDM Office_Khagra, Kishanganj - BSPCB",7/12/2025 11:00,26.0881305,87.93840336,SO2,6,8,7
India,Bihar,Manguraha,"Forest Rest House, Manguraha - BSPCB",7/12/2025 11:00,27.308328,84.531742,PM10,36,183,76
India,Bihar,Manguraha,"Forest Rest House, Manguraha - BSPCB",7/12/2025 11:00,27.308328,84.531742,CO,31,33,32
India,Bihar,Munger,"Town Hall, Munger - BSPCB",7/12/2025 11:00,25.376776,86.471523,PM10,81,141,116
India,Bihar,Bhagalpur,"Mayaganj, Bhagalpur - BSPCB",7/12/2025 11:00,25.265194,87.012947,SO2,48,80,63
India,Bihar,Bhagalpur,"Mayaganj, Bhagalpur - BSPCB",7/12/2025 11:00,25.265194,87.012947,CO,72,106,92
India,Bihar,Bihar Sharif,"D M Colony, Bihar Sharif - BSPCB",7/12/2025 11:00,25.204762,85.51496,PM2.5,40,293,158
India,Bihar,Buxar,"Charitra Van, Buxar - BSPCB",7/12/2025 11:00,25.56752,83.966379,CO,22,27,25
India,Bihar,Chhapra,"Darshan Nagar, Chhapra - BSPCB",7/12/2025 11:00,25.7808257,84.7446768,SO2,19,21,20
India,Andhra_Pradesh,Tirupati,"Vaikuntapuram, Tirupati - APPCB",7/12/2025 11:00,13.615387,79.40923,CO,14,37,20
India,Andhra_Pradesh,Tirupati,"Vaikuntapuram, Tirupati - APPCB",7/12/2025 11:00,13.615387,79.40923,OZONE,17,25,18
India,Andhra_Pradesh,Vijayawada,"HB Colony, Vijayawada - APPCB",7/12/2025 11:00,16.536107,80.594233,PM2.5,47,72,58
India,Andhra_Pradesh,Vijayawada,"Kanuru, Vijayawada - APPCB",7/12/2025 11:00,16.486692,80.699436,NO2,18,39,23
India,Andhra_Pradesh,Vijayawada,"Rajiv Gandhi Park, Vijayawada - APPCB",7/12/2025 11:00,16.509717,80.612222,OZONE,8,57,32
India,Andhra_Pradesh,Visakhapatnam,"GVM Corporation, Visakhapatnam - APPCB",7/12/2025 11:00,17.72,83.3,NH3,3,3,3
India,Arunachal_Pradesh,Naharlagun,"Naharlagun, Naharlagun - APSPCB",7/12/2025 11:00,27.103358,93.679645,NO2,6,9,7
India,Arunachal_Pradesh,Naharlagun,"Naharlagun, Naharlagun - APSPCB",7/12/2025 11:00,27.103358,93.679645,SO2,9,13,10
India,Assam,Byrnihat,"Central Academy for SFS, Byrnihat - PCBA",7/12/2025 11:00,26.071318,91.87488,NH3,4,4,4
India,Bihar,Gaya,"Collectorate, Gaya - BSPCB",7/12/2025 11:00,24.7955,84.9994,SO2,8,21,12
India,Bihar,Gaya,"Kareemganj, Gaya - BSPCB",7/12/2025 11:00,24.792403,84.992416,NH3,3,6,5
India,Bihar,Gaya,"SFTI Kusdihra, Gaya - BSPCB",7/12/2025 11:00,24.762518,84.982348,NH3,3,4,3
India,Bihar,Hajipur,"Industrial Area, Hajipur - BSPCB",7/12/2025 11:00,25.697189,85.2459,PM10,63,117,94
India,Assam,Guwahati,"LGBI Airport, Guwahati - PCBA",7/12/2025 11:00,26.10887,91.589544,SO2,5,24,14
India,Assam,Guwahati,"Pan Bazaar, Guwahati - PCBA",7/12/2025 11:00,26.1875,91.744194,OZONE,17,21,19
India,Assam,Guwahati,"Railway Colony, Guwahati - PCBA",7/12/2025 11:00,26.181742,91.78063,PM10,41,198,127
India,Assam,Guwahati,"Railway Colony, Guwahati - PCBA",7/12/2025 11:00,26.181742,91.78063,SO2,32,34,33
India,Andhra_Pradesh,Anantapur,"Gulzarpet, Anantapur - APPCB",7/12/2025 11:00,14.675886,77.593027,NO2,14,14,14
India,Andhra_Pradesh,Anantapur,"Gulzarpet, Anantapur - APPCB",7/12/2025 11:00,14.675886,77.593027,NH3,5,5,5
India,Bihar,Saharsa,"Police Line, Saharsa - BSPCB",7/12/2025 11:00,25.892357,86.590325,OZONE,9,11,10
India,Bihar,Samastipur,"DM Office_Kasipur, Samastipur - BSPCB",7/12/2025 11:00,25.859655,85.77944,NH3,1,2,1
India,Bihar,Sasaram,"Dada Peer, Sasaram - BSPCB",7/12/2025 11:00,24.952822,84.002396,NO2,2,4,2
India,Bihar,Siwan,"Chitragupta Nagar, Siwan - BSPCB",7/12/2025 11:00,26.2271665,84.3570427,PM2.5,27,110,72
India,Bihar,Siwan,"Chitragupta Nagar, Siwan - BSPCB",7/12/2025 11:00,26.2271665,84.3570427,PM10,38,90,67
India,Bihar,Siwan,"Chitragupta Nagar, Siwan - BSPCB",7/12/2025 11:00,26.2271665,84.3570427,NO2,1,1,1
India,Bihar,Siwan,"Chitragupta Nagar, Siwan - BSPCB",7/12/2025 11:00,26.2271665,84.3570427,CO,31,36,32
India,Chandigarh,Chandigarh,"Sector 22, Chandigarh - CPCC",7/12/2025 11:00,30.735567,76.775714,NH3,13,17,15
India,Delhi,Delhi,"Alipur, Delhi - DPCC",7/12/2025 11:00,28.815329,77.15301,PM10,155,312,223
India,Delhi,Delhi,"Alipur, Delhi - DPCC",7/12/2025 11:00,28.815329,77.15301,NO2,28,76,45
India,Delhi,Delhi,"Anand Vihar, Delhi - DPCC",7/12/2025 11:00,28.647622,77.315809,PM2.5,137,397,327
India,Delhi,Delhi,"Anand Vihar, Delhi - DPCC",7/12/2025 11:00,28.647622,77.315809,PM10,160,405,241
India,Delhi,Delhi,"Ashok Vihar, Delhi - DPCC",7/12/2025 11:00,28.695381,77.181665,PM2.5,170,369,321
India,Delhi,Delhi,"Ashok Vihar, Delhi - DPCC",7/12/2025 11:00,28.695381,77.181665,PM10,177,315,237
India,Delhi,Delhi,"Ashok Vihar, Delhi - DPCC",7/12/2025 11:00,28.695381,77.181665,NO2,39,110,69
India,Delhi,Delhi,"Ashok Vihar, Delhi - DPCC",7/12/2025 11:00,28.695381,77.181665,SO2,9,26,19
India,Delhi,Delhi,"Bawana, Delhi - DPCC",7/12/2025 11:00,28.7762,77.051074,PM2.5,167,449,349
India,Delhi,Delhi,"Bawana, Delhi - DPCC",7/12/2025 11:00,28.7762,77.051074,PM10,149,360,226
India,Bihar,Patna,"Rajbansi Nagar, Patna - BSPCB",7/12/2025 11:00,25.599486,85.113666,OZONE,20,29,26
India,Bihar,Patna,"Samanpura, Patna - BSPCB",7/12/2025 11:00,25.596727,85.085624,PM2.5,90,301,225
India,Bihar,Patna,"Samanpura, Patna - BSPCB",7/12/2025 11:00,25.596727,85.085624,PM10,102,182,149
India,Bihar,Patna,"Samanpura, Patna - BSPCB",7/12/2025 11:00,25.596727,85.085624,CO,10,105,20
India,Bihar,Patna,"Samanpura, Patna - BSPCB",7/12/2025 11:00,25.596727,85.085624,OZONE,17,74,25
India,Bihar,Purnia,"Mariam Nagar, Purnia - BSPCB",7/12/2025 11:00,25.366336,87.117468,SO2,15,17,16
India,Bihar,Purnia,"Mariam Nagar, Purnia - BSPCB",7/12/2025 11:00,25.366336,87.117468,CO,52,59,55
India,Bihar,Rajgir,"Dangi Tola, Rajgir - BSPCB",7/12/2025 11:00,25.0328,85.41948,CO,NA,NA,NA
India,Chandigarh,Chandigarh,"Sector-25, Chandigarh - CPCC",7/12/2025 11:00,30.751462,76.762879,NO2,20,49,28
India,Chandigarh,Chandigarh,"Sector-53, Chandigarh - CPCC",7/12/2025 11:00,30.719859,76.738637,OZONE,5,79,24
India,Chhattisgarh,Bhilai,"32Bungalows, Bhilai - CECB",7/12/2025 11:00,21.194815,81.31477,PM2.5,18,55,35
India,Chhattisgarh,Bhilai,"Civic Center, Bhilai - Bhilai Steel Plant",7/12/2025 11:00,21.185571,81.343175,CO,21,22,21
India,Chhattisgarh,Bhilai,"Civic Center, Bhilai - Bhilai Steel Plant",7/12/2025 11:00,21.185571,81.343175,OZONE,6,15,10
India,Bihar,Patna,"Govt. High School Shikarpur, Patna - BSPCB",7/12/2025 11:00,25.592539,85.227158,NH3,4,6,5
India,Bihar,Patna,"IGSC Planetarium Complex, Patna - BSPCB",7/12/2025 11:00,25.610369,85.132568,PM2.5,57,218,134
India,Bihar,Patna,"IGSC Planetarium Complex, Patna - BSPCB",7/12/2025 11:00,25.610369,85.132568,NO2,1,15,12
India,Bihar,Patna,"Muradpur, Patna - BSPCB",7/12/2025 11:00,25.619651,85.147382,PM10,83,191,133
India,Bihar,Patna,"Muradpur, Patna - BSPCB",7/12/2025 11:00,25.619651,85.147382,NO2,5,9,6
India,Chhattisgarh,Kunjemura,"OP Jindal School, Kunjemura - CECB",7/12/2025 11:00,22.12665,83.483212,NO2,29,58,39
India,Chhattisgarh,Milupara,"Govt. Higher Secondary School, Milupara - CECB",7/12/2025 11:00,22.1910172,83.5197009,NO2,20,75,41
India,Chhattisgarh,Milupara,"Govt. Higher Secondary School, Milupara - CECB",7/12/2025 11:00,22.1910172,83.5197009,NH3,1,3,2
India,Chhattisgarh,Raipur,"Bhatagaon New ISBT, Raipur - CECB",7/12/2025 11:00,21.219665,81.630094,NH3,2,2,2
India,Bihar,Muzaffarpur,"Buddha Colony, Muzaffarpur - BSPCB",7/12/2025 11:00,26.11442,85.39813,NO2,23,62,33
India,Bihar,Muzaffarpur,"Buddha Colony, Muzaffarpur - BSPCB",7/12/2025 11:00,26.11442,85.39813,OZONE,30,191,49
India,Bihar,Muzaffarpur,"MIT-Daudpur Kothi, Muzaffarpur - BSPCB",7/12/2025 11:00,26.1403345,85.3650192,SO2,11,19,13
India,Bihar,Patna,"DRM Office Danapur, Patna - BSPCB",7/12/2025 11:00,25.586562,85.043586,NH3,6,13,8
India,Chhattisgarh,Raipur,"Krishak Nagar, Raipur - CECB",7/12/2025 11:00,21.237755,81.705301,NH3,2,2,2
India,Chhattisgarh,Raipur,"Siltara Phase-II, Raipur - CECB",7/12/2025 11:00,21.371751,81.664929,CO,34,36,35
India,Chhattisgarh,Tumidih,"OP Jindal Industrial Park, Tumidih - CECB",7/12/2025 11:00,22.06631475,83.33820077,NH3,1,2,2
India,Chhattisgarh,Tumidih,"OP Jindal Industrial Park, Tumidih - CECB",7/12/2025 11:00,22.06631475,83.33820077,SO2,5,25,8
India,Chhattisgarh,Bilaspur,"Mangala, Bilaspur - NTPC",7/12/2025 11:00,22.08815,82.13737,SO2,14,24,16
India,Chhattisgarh,Korba,"Rampur, Korba - CECB",7/12/2025 11:00,22.368195,82.746431,PM2.5,48,87,51
India,Chhattisgarh,Korba,"Rampur, Korba - CECB",7/12/2025 11:00,22.368195,82.746431,OZONE,2,5,3
India,Delhi,Delhi,"Dr. Karni Singh Shooting Range, Delhi - DPCC",7/12/2025 11:00,28.498571,77.26484,CO,26,74,47
India,Delhi,Delhi,"Dwarka-Sector 8, Delhi - DPCC ",7/12/2025 11:00,28.5710274,77.0719006,NH3,16,21,18
India,Delhi,Delhi,"IGI Airport (T3), Delhi - IMD",7/12/2025 11:00,28.5627763,77.1180053,PM10,137,231,179
India,Delhi,Delhi,"IGI Airport (T3), Delhi - IMD",7/12/2025 11:00,28.5627763,77.1180053,CO,16,51,37
India,Delhi,Delhi,"IGI Airport (T3), Delhi - IMD",7/12/2025 11:00,28.5627763,77.1180053,OZONE,4,69,15
India,Delhi,Delhi,"IHBAS, Dilshad Garden, Delhi - CPCB",7/12/2025 11:00,28.6811736,77.3025234,PM2.5,98,353,276
India,Delhi,Delhi,"IIT Delhi, Delhi - IITM",7/12/2025 11:00,28.54246,77.191651,NO2,46,92,64
India,Delhi,Delhi,"ITO, Delhi - CPCB",7/12/2025 11:00,28.628624,77.24106,PM2.5,188,363,306
India,Delhi,Delhi,"ITO, Delhi - CPCB",7/12/2025 11:00,28.628624,77.24106,CO,42,101,60
India,Delhi,Delhi,"Jahangirpuri, Delhi - DPCC",7/12/2025 11:00,28.73282,77.170633,OZONE,14,159,34
India,Delhi,Delhi,"Jawaharlal Nehru Stadium, Delhi - DPCC",7/12/2025 11:00,28.58028,77.233829,NO2,41,143,91
India,Delhi,Delhi,"Jawaharlal Nehru Stadium, Delhi - DPCC",7/12/2025 11:00,28.58028,77.233829,OZONE,9,235,37
India,Delhi,Delhi,"Lodhi Road, Delhi - IITM",7/12/2025 11:00,28.588333,77.221667,PM2.5,158,328,277
India,Delhi,Delhi,"Lodhi Road, Delhi - IITM",7/12/2025 11:00,28.588333,77.221667,PM10,135,186,160
India,Delhi,Delhi,"Lodhi Road, Delhi - IMD",7/12/2025 11:00,28.5918245,77.2273074,PM2.5,164,345,270
India,Delhi,Delhi,"Rohini, Delhi - DPCC",7/12/2025 11:00,28.732528,77.11992,SO2,12,41,22
India,Delhi,Delhi,"Shadipur, Delhi - CPCB",7/12/2025 11:00,28.6514781,77.1473105,PM2.5,305,323,310
India,Delhi,Delhi,"Shadipur, Delhi - CPCB",7/12/2025 11:00,28.6514781,77.1473105,CO,24,103,44
India,Delhi,Delhi,"Shadipur, Delhi - CPCB",7/12/2025 11:00,28.6514781,77.1473105,OZONE,8,30,13
India,Delhi,Delhi,"Mandir Marg, Delhi - DPCC",7/12/2025 11:00,28.636429,77.201067,OZONE,5,98,33
India,Delhi,Delhi,"Mundka, Delhi - DPCC",7/12/2025 11:00,28.684678,77.076574,PM2.5,203,457,355
India,Delhi,Delhi,"Mundka, Delhi - DPCC",7/12/2025 11:00,28.684678,77.076574,NO2,62,136,88
India,Delhi,Delhi,"Mundka, Delhi - DPCC",7/12/2025 11:00,28.684678,77.076574,SO2,5,23,13
India,Delhi,Delhi,"Patparganj, Delhi - DPCC",7/12/2025 11:00,28.623763,77.287209,PM2.5,177,378,320
India,Delhi,Delhi,"Punjabi Bagh, Delhi - DPCC",7/12/2025 11:00,28.674045,77.131023,CO,44,107,49
India,Delhi,Delhi,"Pusa, Delhi - DPCC",7/12/2025 11:00,28.639652,77.146275,PM2.5,237,442,352
India,Delhi,Delhi,"Narela, Delhi - DPCC",7/12/2025 11:00,28.822836,77.101981,OZONE,18,122,38
India,Delhi,Delhi,"Nehru Nagar, Delhi - DPCC",7/12/2025 11:00,28.56789,77.250515,PM10,174,415,234
India,Delhi,Delhi,"Nehru Nagar, Delhi - DPCC",7/12/2025 11:00,28.56789,77.250515,SO2,1,26,9
India,Delhi,Delhi,"CRRI Mathura Road, Delhi - IMD",7/12/2025 11:00,28.5512005,77.2735737,NO2,38,77,47
India,Delhi,Delhi,"CRRI Mathura Road, Delhi - IMD",7/12/2025 11:00,28.5512005,77.2735737,CO,21,83,41
India,Delhi,Delhi,"DTU, Delhi - CPCB",7/12/2025 11:00,28.7500499,77.1112615,NH3,6,13,8
India,Delhi,Delhi,"Pusa, Delhi - IMD",7/12/2025 11:00,28.63611,77.173332,PM10,135,300,205
India,Delhi,Delhi,"Pusa, Delhi - IMD",7/12/2025 11:00,28.63611,77.173332,NO2,18,115,52
India,Delhi,Delhi,"R K Puram, Delhi - DPCC",7/12/2025 11:00,28.563262,77.186937,PM10,172,447,240
India,Delhi,Delhi,"Major Dhyan Chand National Stadium, Delhi - DPCC",7/12/2025 11:00,28.611281,77.237738,OZONE,1,154,14
India,Delhi,Delhi,"Mandir Marg, Delhi - DPCC",7/12/2025 11:00,28.636429,77.201067,SO2,68,98,84
India,Delhi,Delhi,"Sirifort, Delhi - CPCB",7/12/2025 11:00,28.5504249,77.2159377,CO,20,103,38
India,Delhi,Delhi,"Sonia Vihar, Delhi - DPCC",7/12/2025 11:00,28.710508,77.249485,SO2,12,26,18
India,Delhi,Delhi,"Sonia Vihar, Delhi - DPCC",7/12/2025 11:00,28.710508,77.249485,OZONE,17,160,42
India,Delhi,Delhi,"Sri Aurobindo Marg, Delhi - DPCC",7/12/2025 11:00,28.531346,77.190156,NO2,23,64,44
India,Delhi,Delhi,"Vivek Vihar, Delhi - DPCC",7/12/2025 11:00,28.672342,77.31526,PM10,170,313,238
India,Delhi,Delhi,"Vivek Vihar, Delhi - DPCC",7/12/2025 11:00,28.672342,77.31526,NO2,40,132,73
India,Delhi,Delhi,"Vivek Vihar, Delhi - DPCC",7/12/2025 11:00,28.672342,77.31526,NH3,12,14,12
India,Delhi,Delhi,"Wazirpur, Delhi - DPCC",7/12/2025 11:00,28.699793,77.165453,SO2,6,21,14
India,Haryana,Charkhi Dadri,"Mini Secretariat, Charkhi Dadri - HSPCB",7/12/2025 11:00,28.593883,76.270653,CO,10,25,15
India,Haryana,Charkhi Dadri,"Mini Secretariat, Charkhi Dadri - HSPCB",7/12/2025 11:00,28.593883,76.270653,OZONE,13,18,15
India,Haryana,Dharuhera,"Municipal Corporation Office, Dharuhera -  HSPCB",7/12/2025 11:00,28.2068,76.7997,NH3,6,26,14
India,Haryana,Faridabad,"New Industrial Town, Faridabad - HSPCB",7/12/2025 11:00,28.39072,77.30059,PM10,163,171,167
India,Haryana,Faridabad,"New Industrial Town, Faridabad - HSPCB",7/12/2025 11:00,28.39072,77.30059,SO2,8,8,8
India,Haryana,Faridabad,"Sector 11, Faridabad - HSPCB",7/12/2025 11:00,28.376058,77.315741,NO2,30,33,31
India,Haryana,Faridabad,"Sector 11, Faridabad - HSPCB",7/12/2025 11:00,28.376058,77.315741,NH3,9,10,10
India,Haryana,Faridabad,"Sector 30, Faridabad - HSPCB",7/12/2025 11:00,28.4417,77.3217,NH3,11,12,11
India,Haryana,Faridabad,"Sector 30, Faridabad - HSPCB",7/12/2025 11:00,28.4417,77.3217,SO2,6,6,6
India,Haryana,Fatehabad,"Huda Sector, Fatehabad - HSPCB",7/12/2025 11:00,29.503664,75.467934,PM10,143,199,169
India,Haryana,Fatehabad,"Huda Sector, Fatehabad - HSPCB",7/12/2025 11:00,29.503664,75.467934,NH3,13,15,14
India,Haryana,Gurugram,"NISE Gwal Pahari, Gurugram - IMD",7/12/2025 11:00,28.422681,77.148944,PM2.5,88,367,283
India,Haryana,Gurugram,"NISE Gwal Pahari, Gurugram - IMD",7/12/2025 11:00,28.422681,77.148944,NO2,23,53,38
India,Haryana,Gurugram,"Sector-51, Gurugram - HSPCB",7/12/2025 11:00,28.4227,77.0667,OZONE,10,46,19
India,Delhi,Delhi,"Wazirpur, Delhi - DPCC",7/12/2025 11:00,28.699793,77.165453,CO,33,74,37
India,Gujarat,Ahmedabad,"Chandkheda, Ahmedabad - IITM",7/12/2025 11:00,23.107969,72.574648,PM10,90,160,122
India,Gujarat,Ahmedabad,"Chandkheda, Ahmedabad - IITM",7/12/2025 11:00,23.107969,72.574648,NO2,17,94,41
India,Gujarat,Ahmedabad,"Chandkheda, Ahmedabad - IITM",7/12/2025 11:00,23.107969,72.574648,NH3,3,7,5
India,Gujarat,Ahmedabad,"Gyaspur, Ahmedabad - IITM",7/12/2025 11:00,22.977134,72.553024,PM2.5,94,136,100
India,Haryana,Gurugram,"Teri Gram, Gurugram - HSPCB",7/12/2025 11:00,28.4275,77.1465,SO2,1,21,11
India,Haryana,Gurugram,"Vikas Sadan, Gurugram - HSPCB",7/12/2025 11:00,28.4501238,77.0263051,CO,82,124,108
India,Haryana,Gurugram,"Vikas Sadan, Gurugram - HSPCB",7/12/2025 11:00,28.4501238,77.0263051,OZONE,6,43,21
India,Haryana,Hisar,"Urban Estate-II, Hisar - HSPCB",7/12/2025 11:00,29.14056,75.744941,NH3,7,8,8
India,Haryana,Hisar,"Urban Estate-II, Hisar - HSPCB",7/12/2025 11:00,29.14056,75.744941,SO2,7,14,10
India,Gujarat,Ahmedabad,"SVPI Airport Hansol, Ahmedabad - IITM",7/12/2025 11:00,23.076793,72.627874,OZONE,13,51,29
India,Gujarat,Ankleshwar,"GIDC, Ankleshwar - GPCB",7/12/2025 11:00,21.613267,73.010555,PM10,94,140,120
India,Gujarat,Ankleshwar,"GIDC, Ankleshwar - GPCB",7/12/2025 11:00,21.613267,73.010555,SO2,17,18,17
India,Gujarat,Gandhinagar,"IIPHG Lekawada, Gandhinagar - IITM",7/12/2025 11:00,23.243639,72.68994,OZONE,2,50,10
India,Gujarat,Ahmedabad,"Rakhial, Ahmedabad - IITM",7/12/2025 11:00,23.016834,72.625775,PM10,93,141,115
India,Gujarat,Ahmedabad,"Rakhial, Ahmedabad - IITM",7/12/2025 11:00,23.016834,72.625775,SO2,15,50,22
India,Gujarat,Ahmedabad,"SAC ISRO Satellite, Ahmedabad - IITM",7/12/2025 11:00,23.023389,72.515201,PM10,68,94,78
India,Gujarat,Ahmedabad,"SAC ISRO Satellite, Ahmedabad - IITM",7/12/2025 11:00,23.023389,72.515201,SO2,6,45,15
India,Gujarat,Ahmedabad,"SAC ISRO Satellite, Ahmedabad - IITM",7/12/2025 11:00,23.023389,72.515201,OZONE,5,51,19
India,Haryana,Bahadurgarh,"Arya Nagar, Bahadurgarh - HSPCB",7/12/2025 11:00,28.6701,76.9254,NH3,NA,NA,NA
India,Haryana,Ballabgarh,"Nathu Colony, Ballabgarh - HSPCB",7/12/2025 11:00,28.3419248,77.319699,OZONE,14,15,15
India,Haryana,Charkhi Dadri,"Mini Secretariat, Charkhi Dadri - HSPCB",7/12/2025 11:00,28.593883,76.270653,PM10,107,184,139
India,Gujarat,Surat,"Science Center, Surat - SMC",7/12/2025 11:00,21.170046,72.795405,CO,38,40,38
India,Gujarat,Vapi,"Phase-1 GIDC, Vapi - GPCB",7/12/2025 11:00,20.362421,72.918013,PM2.5,36,194,75
India,Gujarat,Vatva,"Phase-4 GIDC, Vatva - GPCB",7/12/2025 11:00,22.969611,72.6435,NO2,15,37,32
India,Haryana,Manesar,"Sector-2 IMT, Manesar - HSPCB",7/12/2025 11:00,28.360699,76.93609,PM10,107,168,141
India,Haryana,Manesar,"Sector-2 IMT, Manesar - HSPCB",7/12/2025 11:00,28.360699,76.93609,NO2,43,52,47
India,Haryana,Narnaul,"Shastri Nagar, Narnaul - HSPCB",7/12/2025 11:00,28.060249,76.113115,NH3,19,41,32
India,Haryana,Palwal,"Shyam Nagar, Palwal - HSPCB",7/12/2025 11:00,28.1485564,77.3320667,NO2,23,24,24
India,Haryana,Palwal,"Shyam Nagar, Palwal - HSPCB",7/12/2025 11:00,28.1485564,77.3320667,CO,24,57,32
India,Haryana,Palwal,"Shyam Nagar, Palwal - HSPCB",7/12/2025 11:00,28.1485564,77.3320667,OZONE,23,25,24
India,Haryana,Panchgaon,"Amity University, Panchgaon - IITM",7/12/2025 11:00,28.3153,76.9143,PM2.5,70,132,90
India,Haryana,Panchgaon,"Amity University, Panchgaon - IITM",7/12/2025 11:00,28.3153,76.9143,PM10,81,120,102
India,Haryana,Panchgaon,"Amity University, Panchgaon - IITM",7/12/2025 11:00,28.3153,76.9143,NO2,43,105,76
India,Jharkhand,Dhanbad,"Sardar Patel Nagar, Dhanbad - JSPCB",7/12/2025 11:00,23.80569,86.44268,NO2,82,89,84
India,Jharkhand,Dhanbad,"Sardar Patel Nagar, Dhanbad - JSPCB",7/12/2025 11:00,23.80569,86.44268,CO,2,28,2
India,Jharkhand,Dhanbad,"Sardar Patel Nagar, Dhanbad - JSPCB",7/12/2025 11:00,23.80569,86.44268,OZONE,1,47,7
India,Jharkhand,Jorapokhar,"Tata Stadium, Jorapokhar - JSPCB",7/12/2025 11:00,23.707909,86.41467,PM10,NA,NA,NA
India,Karnataka,Bagalkot,"Vidayagiri, Bagalkot - KSPCB",7/12/2025 11:00,16.172806,75.659694,OZONE,10,16,16
India,Karnataka,Bengaluru,"BTM Layout, Bengaluru - CPCB",7/12/2025 11:00,12.9135218,77.5950804,PM10,77,86,85
India,Karnataka,Bengaluru,"BWSSB Kadabesanahalli, Bengaluru - CPCB",7/12/2025 11:00,12.9352049,77.6814488,SO2,4,7,5
India,Haryana,Kaithal,"Rishi Nagar, Kaithal - HSPCB",7/12/2025 11:00,29.8006,76.4155,SO2,NA,NA,NA
India,Haryana,Karnal,"Sector-12, Karnal - HSPCB",7/12/2025 11:00,29.6953,77.0027,PM10,108,154,134
India,Haryana,Karnal,"Sector-12, Karnal - HSPCB",7/12/2025 11:00,29.6953,77.0027,OZONE,36,36,36
India,Haryana,Kurukshetra,"Sector-7, Kurukshetra - HSPCB",7/12/2025 11:00,29.966942,76.875879,PM2.5,123,245,193
India,Haryana,Kurukshetra,"Sector-7, Kurukshetra - HSPCB",7/12/2025 11:00,29.966942,76.875879,SO2,3,13,7
India,Haryana,Mandikhera,"General Hospital, Mandikhera(Nuh) - HSPCB",7/12/2025 11:00,27.9002,76.9938,PM10,82,124,100
India,Haryana,Mandikhera,"General Hospital, Mandikhera(Nuh) - HSPCB",7/12/2025 11:00,27.9002,76.9938,NH3,13,14,13
India,Haryana,Mandikhera,"General Hospital, Mandikhera(Nuh) - HSPCB",7/12/2025 11:00,27.9002,76.9938,OZONE,24,30,26
India,Haryana,Panchkula,"Sector-6, Panchkula - HSPCB ",7/12/2025 11:00,30.7057778,76.85318056,CO,20,23,20
India,Haryana,Panipat,"Sector-18, Panipat - HSPCB",7/12/2025 11:00,29.432304,76.972765,NO2,31,32,31
India,Haryana,Panipat,"Sector-18, Panipat - HSPCB",7/12/2025 11:00,29.432304,76.972765,CO,16,48,40
India,Haryana,Panipat,"Sector-18, Panipat - HSPCB",7/12/2025 11:00,29.432304,76.972765,OZONE,30,31,30
India,Haryana,Rohtak,"MD University, Rohtak - HSPCB",7/12/2025 11:00,28.52123,76.37138,PM2.5,90,328,174
India,Haryana,Rohtak,"MD University, Rohtak - HSPCB",7/12/2025 11:00,28.52123,76.37138,OZONE,25,26,25
India,Haryana,Sirsa,"F-Block, Sirsa - HSPCB",7/12/2025 11:00,29.5364,75.0158,PM10,80,123,107
India,Haryana,Sirsa,"F-Block, Sirsa - HSPCB",7/12/2025 11:00,29.5364,75.0158,OZONE,20,27,22
India,Haryana,Sonipat,"Murthal, Sonipat - HSPCB",7/12/2025 11:00,29.0272,77.0621,CO,26,38,35
India,Haryana,Sonipat,"Murthal, Sonipat - HSPCB",7/12/2025 11:00,29.0272,77.0621,OZONE,25,26,26
India,Himachal Pradesh,Baddi,"HIMUDA Complex Phase-1, Baddi - HPPCB",7/12/2025 11:00,30.943887,76.801991,PM2.5,53,392,241
India,Himachal Pradesh,Baddi,"HIMUDA Complex Phase-1, Baddi - HPPCB",7/12/2025 11:00,30.943887,76.801991,OZONE,7,140,29
India,Jammu_and_Kashmir,Srinagar,"Rajbagh, Srinagar - JKSPCB",7/12/2025 11:00,34.066206,74.81982,PM10,119,194,154
India,Karnataka,Chikkamagaluru,"Kalyana Nagara, Chikkamagaluru - KSPCB",7/12/2025 11:00,13.328028,75.797056,PM2.5,18,60,30
India,Karnataka,Chikkamagaluru,"Kalyana Nagara, Chikkamagaluru - KSPCB",7/12/2025 11:00,13.328028,75.797056,SO2,1,4,2
India,Karnataka,Chikkamagaluru,"Kalyana Nagara, Chikkamagaluru - KSPCB",7/12/2025 11:00,13.328028,75.797056,CO,11,14,11
India,Karnataka,Davanagere,"Devaraj Urs Badavane, Davanagere - KSPCB",7/12/2025 11:00,14.4758,75.9052,PM2.5,90,182,135
India,Karnataka,Dharwad,"Kalabhavan, Dharwad - KSPCB",7/12/2025 11:00,15.459706,75.008381,CO,60,88,67
India,Karnataka,Hubballi,"Lingaraj Nagar, Hubballi - KSPCB",7/12/2025 11:00,15.3714823,75.1160168,NH3,1,2,2
India,Karnataka,Koppal,"Diwator Nagar, Koppal - KSPCB",7/12/2025 11:00,15.34763,76.181767,OZONE,4,6,5
India,Karnataka,Madikeri,"Stuart Hill, Madikeri - KSPCB",7/12/2025 11:00,12.415911,75.73505,PM2.5,38,58,49
India,Karnataka,Madikeri,"Stuart Hill, Madikeri - KSPCB",7/12/2025 11:00,12.415911,75.73505,SO2,7,7,7
India,Karnataka,Mangalore,"Kadri, Mangalore - KSPCB",7/12/2025 11:00,12.88925,74.853,PM10,35,80,57
India,Karnataka,Mangalore,"Kadri, Mangalore - KSPCB",7/12/2025 11:00,12.88925,74.853,NH3,1,3,2
India,Karnataka,Bengaluru,"City Railway Station, Bengaluru - KSPCB",7/12/2025 11:00,12.9756843,77.5660749,NO2,36,42,39
India,Karnataka,Bengaluru,"Hebbal, Bengaluru - KSPCB",7/12/2025 11:00,13.029152,77.585901,PM2.5,76,150,104
India,Karnataka,Bengaluru,"Hebbal, Bengaluru - KSPCB",7/12/2025 11:00,13.029152,77.585901,CO,4,42,18
India,Karnataka,Bengaluru,"Jayanagar 5th Block, Bengaluru - KSPCB",7/12/2025 11:00,12.920984,77.584908,SO2,2,23,10
India,Karnataka,Bengaluru,"Shivapura_Peenya, Bengaluru - KSPCB",7/12/2025 11:00,13.0246342,77.5080115,PM10,93,153,125
India,Karnataka,Bengaluru,"Shivapura_Peenya, Bengaluru - KSPCB",7/12/2025 11:00,13.0246342,77.5080115,CO,48,62,56
India,Karnataka,Bengaluru,"Silk Board, Bengaluru - KSPCB",7/12/2025 11:00,12.917348,77.622813,NH3,2,2,2
India,Karnataka,Chamarajanagar,"Urban, Chamarajanagar - KSPCB",7/12/2025 11:00,11.55358,76.55521,NH3,2,3,2
India,Madhya Pradesh,Singrauli,"Suryakiran Bhawan NCL, Singrauli - MPPCB",7/12/2025 11:00,24.10897,82.64558,NH3,18,20,19
India,Madhya Pradesh,Singrauli,"Suryakiran Bhawan NCL, Singrauli - MPPCB",7/12/2025 11:00,24.10897,82.64558,OZONE,1,38,6
India,Maharashtra,Ahmednagar,"Tarakpur, Ahmednagar - MPCB",7/12/2025 11:00,19.10122,74.73339,PM2.5,47,99,71
India,Maharashtra,Ahmednagar,"Tarakpur, Ahmednagar - MPCB",7/12/2025 11:00,19.10122,74.73339,SO2,1,12,5
India,Maharashtra,Akola,"Ramdaspeth, Akola - MPCB",7/12/2025 11:00,20.719516,77.000253,PM2.5,54,79,68
India,Maharashtra,Akola,"Ramdaspeth, Akola - MPCB",7/12/2025 11:00,20.719516,77.000253,PM10,72,105,91
India,Maharashtra,Amravati,"Shivneri Colony, Amravati - MPCB",7/12/2025 11:00,20.9402359,77.7895248,PM2.5,47,80,61
India,Maharashtra,Amravati,"Shivneri Colony, Amravati - MPCB",7/12/2025 11:00,20.9402359,77.7895248,CO,13,51,17
India,Maharashtra,Amravati,"Shri Shivaji Science College, Amravati - MPCB",7/12/2025 11:00,20.939198,77.765701,NO2,8,88,40
India,Kerala,Thrissur,"Corporation Ground, Thrissur - Kerala PCB",7/12/2025 11:00,10.5324,76.2159,CO,24,30,27
India,Madhya Pradesh,Bhopal,"Idgah Hills, Bhopal - MPPCB",7/12/2025 11:00,23.264759,77.381568,PM10,95,302,162
India,Madhya Pradesh,Bhopal,"Idgah Hills, Bhopal - MPPCB",7/12/2025 11:00,23.264759,77.381568,NH3,4,6,5
India,Madhya Pradesh,Bhopal,"Paryavaran Parisar, Bhopal - MPPCB",7/12/2025 11:00,23.210494,77.425409,NO2,31,119,72
India,Madhya Pradesh,Bhopal,"Paryavaran Parisar, Bhopal - MPPCB",7/12/2025 11:00,23.210494,77.425409,CO,16,98,32
India,Madhya Pradesh,Bhopal,"Paryavaran Parisar, Bhopal - MPPCB",7/12/2025 11:00,23.210494,77.425409,OZONE,4,47,14
India,Madhya Pradesh,Bhopal,"T T Nagar, Bhopal - MPPCB",7/12/2025 11:00,23.233584,77.400574,SO2,10,19,15
India,Madhya Pradesh,Damoh,"Shrivastav Colony, Damoh - MPPCB",7/12/2025 11:00,23.81748678,79.446246,SO2,4,20,8
India,Madhya Pradesh,Pithampur,"Sector-2 Industrial Area, Pithampur - MPPCB",7/12/2025 11:00,22.624758,75.675238,CO,22,71,42
India,Madhya Pradesh,Ratlam,"Shasthri Nagar, Ratlam - IPCA Lab",7/12/2025 11:00,23.331731,75.045981,NO2,10,48,21
India,Madhya Pradesh,Ratlam,"Shasthri Nagar, Ratlam - IPCA Lab",7/12/2025 11:00,23.331731,75.045981,SO2,32,40,33
India,Madhya Pradesh,Sagar,"Civil Lines, Sagar - MPPCB",7/12/2025 11:00,23.838586,78.759431,PM2.5,56,222,135
India,Madhya Pradesh,Sagar,"Civil Lines, Sagar - MPPCB",7/12/2025 11:00,23.838586,78.759431,NO2,9,57,25
India,Madhya Pradesh,Sagar,"Deen Dayal Nagar, Sagar - MPPCB",7/12/2025 11:00,23.8640158,78.80289321,PM2.5,39,169,89
India,Madhya Pradesh,Satna,"Bandhavgar Colony, Satna - Birla Cement",7/12/2025 11:00,24.58434363,80.8549414,SO2,19,20,19
India,Madhya Pradesh,Indore,"Chhoti Gwaltoli, Indore - MPPCB",7/12/2025 11:00,22.431,75.5213,PM2.5,62,139,88
India,Madhya Pradesh,Indore,"Chhoti Gwaltoli, Indore - MPPCB",7/12/2025 11:00,22.431,75.5213,CO,13,106,31
India,Madhya Pradesh,Indore,"Maguda Nagar, Indore - IMC",7/12/2025 11:00,22.7524,75.8872,PM2.5,45,100,66
India,Madhya Pradesh,Indore,"Maguda Nagar, Indore - IMC",7/12/2025 11:00,22.7524,75.8872,PM10,32,75,51
India,Madhya Pradesh,Indore,"Regional Park, Indore - IMC",7/12/2025 11:00,22.678,75.8559,PM2.5,36,95,66
India,Madhya Pradesh,Indore,"Regional Park, Indore - IMC",7/12/2025 11:00,22.678,75.8559,NO2,10,14,12
India,Madhya Pradesh,Indore,"Regional Park, Indore - IMC",7/12/2025 11:00,22.678,75.8559,CO,26,36,31
India,Madhya Pradesh,Indore,"Regional Park, Indore - IMC",7/12/2025 11:00,22.678,75.8559,OZONE,10,20,15
India,Karnataka,Shivamogga,"Vinoba Nagara, Shivamogga - KSPCB",7/12/2025 11:00,13.94,75.555917,PM10,34,49,36
India,Karnataka,Shivamogga,"Vinoba Nagara, Shivamogga - KSPCB",7/12/2025 11:00,13.94,75.555917,SO2,1,5,2
India,Karnataka,Shivamogga,"Vinoba Nagara, Shivamogga - KSPCB",7/12/2025 11:00,13.94,75.555917,CO,6,24,13
India,Kerala,Eloor,"Udyogamandal, Eloor - Kerala PCB",7/12/2025 11:00,10.073232,76.302765,PM2.5,68,206,102
India,Kerala,Eloor,"Udyogamandal, Eloor - Kerala PCB",7/12/2025 11:00,10.073232,76.302765,SO2,1,1,1
India,Kerala,Kannur,"Thavakkara, Kannur - Kerala PCB",7/12/2025 11:00,11.875,75.3732,PM2.5,48,56,51
India,Kerala,Thiruvananthapuram,"Kariavattom, Thiruvananthapuram - Kerala PCB",7/12/2025 11:00,8.5637,76.8865,NH3,1,3,1
India,Kerala,Thiruvananthapuram,"Kariavattom, Thiruvananthapuram - Kerala PCB",7/12/2025 11:00,8.5637,76.8865,OZONE,36,37,36
India,Kerala,Thiruvananthapuram,"Plammoodu, Thiruvananthapuram - Kerala PCB",7/12/2025 11:00,8.5149093,76.9435879,PM10,43,75,55
India,Kerala,Thiruvananthapuram,"Plammoodu, Thiruvananthapuram - Kerala PCB",7/12/2025 11:00,8.5149093,76.9435879,NO2,7,46,28
India,Kerala,Thrissur,"Corporation Ground, Thrissur - Kerala PCB",7/12/2025 11:00,10.5324,76.2159,PM10,49,57,53
India,Madhya Pradesh,Jabalpur,"Govindh Bhavan Colony, Jabalpur - JMC",7/12/2025 11:00,23.163174,79.973061,NO2,17,20,19
India,Madhya Pradesh,Jabalpur,"Govindh Bhavan Colony, Jabalpur - JMC",7/12/2025 11:00,23.163174,79.973061,OZONE,17,39,24
India,Madhya Pradesh,Jabalpur,"Gupteshwar, Jabalpur - JMC",7/12/2025 11:00,23.142888,79.916147,PM2.5,50,254,108
India,Madhya Pradesh,Jabalpur,"Gupteshwar, Jabalpur - JMC",7/12/2025 11:00,23.142888,79.916147,PM10,68,183,112
India,Madhya Pradesh,Jabalpur,"Gupteshwar, Jabalpur - JMC",7/12/2025 11:00,23.142888,79.916147,NO2,21,112,47
India,Madhya Pradesh,Jabalpur,"Gupteshwar, Jabalpur - JMC",7/12/2025 11:00,23.142888,79.916147,OZONE,1,87,23
India,Madhya Pradesh,Katni,"Gole Bazar, Katni - MPPCB",7/12/2025 11:00,23.50016,80.23284,NO2,16,79,48
India,Madhya Pradesh,Maihar,"Sahilara, Maihar - KJS Cements",7/12/2025 11:00,24.2613009,80.7231783,PM2.5,6,51,22
India,Madhya Pradesh,Mandideep,"Sector-D Industrial Area, Mandideep - MPPCB",7/12/2025 11:00,23.10844,77.511428,PM2.5,38,445,199
India,Madhya Pradesh,Mandideep,"Sector-D Industrial Area, Mandideep - MPPCB",7/12/2025 11:00,23.10844,77.511428,NH3,5,10,8
India,Madhya Pradesh,Gwalior,"City Center, Gwalior - MPPCB",7/12/2025 11:00,26.203442,78.193251,PM2.5,68,322,142
India,Madhya Pradesh,Gwalior,"City Center, Gwalior - MPPCB",7/12/2025 11:00,26.203442,78.193251,OZONE,57,73,62
India,Madhya Pradesh,Gwalior,"Maharaj Bada, Gwalior - MPPCB",7/12/2025 11:00,26.200388,78.147714,PM10,76,249,133
India,Madhya Pradesh,Gwalior,"Maharaj Bada, Gwalior - MPPCB",7/12/2025 11:00,26.200388,78.147714,NO2,20,138,54
India,Maharashtra,Amravati,"Shri Shivaji Science College, Amravati - MPCB",7/12/2025 11:00,20.939198,77.765701,CO,38,120,60
India,Maharashtra,Aurangabad,"MIDC Chilkalthana, Aurangabad - MPCB",7/12/2025 11:00,19.87562,75.38731,PM2.5,11,62,32
India,Maharashtra,Aurangabad,"MIDC Chilkalthana, Aurangabad - MPCB",7/12/2025 11:00,19.87562,75.38731,CO,10,136,104
India,Maharashtra,Aurangabad,"MIDC Chilkalthana, Aurangabad - MPCB",7/12/2025 11:00,19.87562,75.38731,OZONE,42,316,276
India,Maharashtra,Aurangabad,"More Chowk Waluj, Aurangabad - MPCB",7/12/2025 11:00,19.8389439,75.244448,PM10,47,120,86
India,Maharashtra,Aurangabad,"More Chowk Waluj, Aurangabad - MPCB",7/12/2025 11:00,19.8389439,75.244448,SO2,14,26,18
India,Maharashtra,Aurangabad,"Rachnakar Colony, Aurangabad - MPCB",7/12/2025 11:00,19.863756,75.321188,CO,23,90,26
India,Maharashtra,Aurangabad,"Rachnakar Colony, Aurangabad - MPCB",7/12/2025 11:00,19.863756,75.321188,OZONE,10,120,30
India,Maharashtra,Mumbai,"Kurla, Mumbai - MPCB",7/12/2025 11:00,19.0863,72.8888,OZONE,28,29,28
India,Maharashtra,Mumbai,"Malad West, Mumbai - IITM",7/12/2025 11:00,19.19709,72.82204,PM10,76,139,119
India,Maharashtra,Mumbai,"Malad West, Mumbai - IITM",7/12/2025 11:00,19.19709,72.82204,NO2,26,72,45
India,Maharashtra,Mumbai,"Malad West, Mumbai - IITM",7/12/2025 11:00,19.19709,72.82204,OZONE,17,85,64
India,Maharashtra,Mumbai,"Mazgaon, Mumbai - IITM",7/12/2025 11:00,18.96702,72.84214,PM2.5,72,165,99
India,Maharashtra,Mumbai,"Mazgaon, Mumbai - IITM",7/12/2025 11:00,18.96702,72.84214,PM10,64,107,84
India,Maharashtra,Mumbai,"Mazgaon, Mumbai - IITM",7/12/2025 11:00,18.96702,72.84214,OZONE,14,80,33
India,Maharashtra,Mumbai,"Mindspace-Malad West, Mumbai - MPCB",7/12/2025 11:00,19.1878657,72.8304069,PM10,66,128,89
India,Maharashtra,Badlapur,"Katrap, Badlapur - MPCB",7/12/2025 11:00,19.16485,73.23409,NO2,10,21,16
India,Maharashtra,Badlapur,"Katrap, Badlapur - MPCB",7/12/2025 11:00,19.16485,73.23409,SO2,3,65,8
India,Maharashtra,Belapur,"CBD Belapur, Belapur - MPCB",7/12/2025 11:00,19.0243902,73.0406721,NO2,20,25,22
India,Maharashtra,Belapur,"CBD Belapur, Belapur - MPCB",7/12/2025 11:00,19.0243902,73.0406721,NH3,1,1,1
India,Maharashtra,Bhiwandi,"Gokul Nagar, Bhiwandi - MPCB",7/12/2025 11:00,19.309073,73.057223,PM10,83,162,128
India,Maharashtra,Bhiwandi,"Gokul Nagar, Bhiwandi - MPCB",7/12/2025 11:00,19.309073,73.057223,SO2,10,16,12
India,Maharashtra,Boisar,"Khaira, Boisar - MPCB",7/12/2025 11:00,19.786089,72.757971,PM10,58,107,82
India,Maharashtra,Mumbai,"Deonar, Mumbai - IITM",7/12/2025 11:00,19.04946,72.923,CO,20,88,30
India,Maharashtra,Mumbai,"Ghatkopar, Mumbai - BMC",7/12/2025 11:00,19.083694,72.920967,OZONE,3,165,25
India,Maharashtra,Mumbai,"Kandivali West, Mumbai - BMC",7/12/2025 11:00,19.215859,72.831718,PM10,48,73,59
India,Maharashtra,Mumbai,"Kandivali West, Mumbai - BMC",7/12/2025 11:00,19.215859,72.831718,NO2,13,29,18
India,Maharashtra,Mumbai,"Kandivali West, Mumbai - BMC",7/12/2025 11:00,19.215859,72.831718,SO2,6,17,12
India,Maharashtra,Mumbai,"Kherwadi_Bandra East, Mumbai - MPCB",7/12/2025 11:00,19.0632143,72.8456324,NO2,5,57,25
India,Maharashtra,Mumbai,"Kherwadi_Bandra East, Mumbai - MPCB",7/12/2025 11:00,19.0632143,72.8456324,SO2,3,5,4
India,Maharashtra,Kalyan,"Khadakpada, Kalyan - MPCB",7/12/2025 11:00,19.25292,73.142019,PM10,70,173,112
India,Maharashtra,Kalyan,"Khadakpada, Kalyan - MPCB",7/12/2025 11:00,19.25292,73.142019,NO2,36,36,36
India,Maharashtra,Kalyan,"Khadakpada, Kalyan - MPCB",7/12/2025 11:00,19.25292,73.142019,OZONE,9,9,9
India,Maharashtra,Kalyan,"Pimpleshwar Mandir, Kalyan - MPCB",7/12/2025 11:00,19.192056,72.9585188,PM10,124,191,151
India,Maharashtra,Kalyan,"Pimpleshwar Mandir, Kalyan - MPCB",7/12/2025 11:00,19.192056,72.9585188,CO,43,46,45
India,Maharashtra,Kolhapur,"Shivaji University, Kolhapur - MPCB",7/12/2025 11:00,16.6870449,74.2505872,NH3,2,6,3
India,Maharashtra,Chandrapur,"Chauhan Colony, Chandrapur - MPCB",7/12/2025 11:00,19.9629,79.298714,NH3,2,2,2
India,Maharashtra,Chandrapur,"Chauhan Colony, Chandrapur - MPCB",7/12/2025 11:00,19.9629,79.298714,CO,24,54,50
India,Maharashtra,Chandrapur,"MIDC Khutala, Chandrapur - MPCB",7/12/2025 11:00,19.9775302,79.2337086,PM10,114,200,134
India,Maharashtra,Jalgaon,"Prabhat Colony, Jalgaon - MPCB",7/12/2025 11:00,21.001264,75.565602,NH3,2,3,3
India,Maharashtra,Jalgaon,"Prabhat Colony, Jalgaon - MPCB",7/12/2025 11:00,21.001264,75.565602,SO2,1,37,9
India,Maharashtra,Mumbai,"Byculla, Mumbai - BMC",7/12/2025 11:00,18.9767,72.838,SO2,19,26,22
India,Maharashtra,Mumbai,"Chakala-Andheri East, Mumbai - IITM",7/12/2025 11:00,19.11074,72.86084,PM2.5,77,166,108
India,Maharashtra,Mumbai,"Chakala-Andheri East, Mumbai - IITM",7/12/2025 11:00,19.11074,72.86084,NO2,39,84,61
India,Maharashtra,Mumbai,"Chakala-Andheri East, Mumbai - IITM",7/12/2025 11:00,19.11074,72.86084,CO,2,84,18
India,Maharashtra,Mumbai,"Chembur, Mumbai - MPCB",7/12/2025 11:00,19.0364585,72.8954371,NO2,31,119,67
India,Maharashtra,Mumbai,"Bandra Kurla Complex, Mumbai - IITM",7/12/2025 11:00,19.053536,72.84643,PM2.5,NA,NA,NA
India,Maharashtra,Mumbai,"Bandra Kurla Complex, Mumbai - IITM",7/12/2025 11:00,19.053536,72.84643,PM10,NA,NA,NA
India,Maharashtra,Mumbai,"Bandra Kurla Complex, Mumbai - MPCB",7/12/2025 11:00,19.065931,72.862131,SO2,2,104,14
India,Maharashtra,Mumbai,"Bandra Kurla Complex, Mumbai - MPCB",7/12/2025 11:00,19.065931,72.862131,OZONE,1,100,16
India,Maharashtra,Mumbai,"Borivali East, Mumbai - IITM",7/12/2025 11:00,19.23241,72.86895,OZONE,10,61,56
India,Maharashtra,Kolhapur,"Sinchan Bhavan, Kolhapur - MPCB",7/12/2025 11:00,16.7143745,74.2426398,SO2,2,8,4
India,Maharashtra,Navi Mumbai,"Mahape, Navi Mumbai - MPCB",7/12/2025 11:00,19.1135051,73.008978,NO2,34,36,35
India,Maharashtra,Navi Mumbai,"Mahape, Navi Mumbai - MPCB",7/12/2025 11:00,19.1135051,73.008978,NH3,3,3,3
India,Maharashtra,Navi Mumbai,"Nerul, Navi Mumbai - MPCB",7/12/2025 11:00,19.008751,73.01662,PM2.5,63,196,108
India,Maharashtra,Navi Mumbai,"Sanpada, Navi Mumbai - MPCB",7/12/2025 11:00,19.0575752,73.0151367,PM10,76,142,113
India,Maharashtra,Navi Mumbai,"Sanpada, Navi Mumbai - MPCB",7/12/2025 11:00,19.0575752,73.0151367,NO2,19,29,23
India,Maharashtra,Navi Mumbai,"Sector-2E Kalamboli, Navi Mumbai - MPCB",7/12/2025 11:00,19.02579,73.10297,PM2.5,59,193,105
India,Maharashtra,Navi Mumbai,"Sector-2E Kalamboli, Navi Mumbai - MPCB",7/12/2025 11:00,19.02579,73.10297,PM10,42,200,106
India,Maharashtra,Nashik,"MIDC Ambad, Nashik - MPCB",7/12/2025 11:00,19.95022,73.73148,NO2,16,76,33
India,Maharashtra,Nashik,"Pandav Nagari, Nashik - MPCB",7/12/2025 11:00,19.9591346,73.7788008,NH3,2,6,3
India,Maharashtra,Nashik,"Pandav Nagari, Nashik - MPCB",7/12/2025 11:00,19.9591346,73.7788008,OZONE,18,73,42
India,Maharashtra,Navi Mumbai,"Kopripada-Vashi, Navi Mumbai - MPCB",7/12/2025 11:00,19.090337,73.014232,PM2.5,20,162,80
India,Maharashtra,Navi Mumbai,"Kopripada-Vashi, Navi Mumbai - MPCB",7/12/2025 11:00,19.090337,73.014232,OZONE,1,57,19
India,Maharashtra,Navi Mumbai,"Mahape, Navi Mumbai - MPCB",7/12/2025 11:00,19.1135051,73.008978,PM2.5,13,25,18
India,Maharashtra,Nagpur,"Ram Nagar, Nagpur - MPCB",7/12/2025 11:00,21.143383,79.048912,PM2.5,80,199,102
India,Maharashtra,Nagpur,"Ram Nagar, Nagpur - MPCB",7/12/2025 11:00,21.143383,79.048912,SO2,1,127,14
India,Maharashtra,Nagpur,"Ram Nagar, Nagpur - MPCB",7/12/2025 11:00,21.143383,79.048912,CO,15,84,28
India,Maharashtra,Nagpur,"Ram Nagar, Nagpur - MPCB",7/12/2025 11:00,21.143383,79.048912,OZONE,4,76,19
India,Maharashtra,Nanded,"Sneh Nagar, Nanded - MPCB",7/12/2025 11:00,19.173852,77.296291,NH3,3,5,4
India,Maharashtra,Nashik,"Gangapur Road, Nashik - MPCB",7/12/2025 11:00,20.0073285,73.7762427,PM2.5,26,291,118
India,Maharashtra,Mumbai,"Worli, Mumbai - MPCB",7/12/2025 11:00,18.9936162,72.8128113,NO2,3,20,9
India,Maharashtra,Mumbai,"Worli, Mumbai - MPCB",7/12/2025 11:00,18.9936162,72.8128113,NH3,1,3,2
India,Maharashtra,Nagpur,"Ambazari, Nagpur - MPCB",7/12/2025 11:00,21.121801,79.04952,NH3,3,13,6
India,Maharashtra,Nagpur,"Mahal, Nagpur - MPCB",7/12/2025 11:00,21.14472,79.107595,PM2.5,74,288,136
India,Maharashtra,Nagpur,"Mahal, Nagpur - MPCB",7/12/2025 11:00,21.14472,79.107595,NO2,21,108,51
India,Maharashtra,Nagpur,"Mahal, Nagpur - MPCB",7/12/2025 11:00,21.14472,79.107595,CO,34,137,39
India,Maharashtra,Mumbai,"Mulund West, Mumbai - MPCB",7/12/2025 11:00,19.175,72.9419,NO2,16,18,16
India,Maharashtra,Mumbai,"Navy Nagar-Colaba, Mumbai - IITM",7/12/2025 11:00,18.897756,72.81332,SO2,7,45,23
India,Maharashtra,Mumbai,"Powai, Mumbai - MPCB",7/12/2025 11:00,19.1375,72.915056,PM2.5,42,71,56
India,Maharashtra,Mumbai,"Powai, Mumbai - MPCB",7/12/2025 11:00,19.1375,72.915056,PM10,55,94,74
India,Maharashtra,Mumbai,"Sewri, Mumbai - BMC",7/12/2025 11:00,19.000084,72.85673,PM2.5,1,98,8
India,Maharashtra,Navi Mumbai,"Tondare-Taloja, Navi Mumbai - MPCB",7/12/2025 11:00,19.063,73.1209,OZONE,18,28,21
India,Maharashtra,Pimpri-Chinchwad,"Gavalinagar, Pimpri Chinchwad - MPCB",7/12/2025 11:00,18.63673,73.82487,NO2,43,125,70
India,Maharashtra,Pimpri-Chinchwad,"Gavalinagar, Pimpri Chinchwad - MPCB",7/12/2025 11:00,18.63673,73.82487,NH3,10,36,14
India,Maharashtra,Pimpri-Chinchwad,"Park Street Wakad, Pimpri Chinchwad - MPCB",7/12/2025 11:00,18.59051,73.77946,NO2,49,111,71
India,Maharashtra,Pimpri-Chinchwad,"Savta Mali Nagar, Pimpri-Chinchwad - IITM",7/12/2025 11:00,18.614767,73.799516,PM2.5,96,310,195
India,Maharashtra,Pimpri-Chinchwad,"Savta Mali Nagar, Pimpri-Chinchwad - IITM",7/12/2025 11:00,18.614767,73.799516,OZONE,2,55,16
India,Maharashtra,Pune,"Dhankawadi, Pune - IITM",7/12/2025 11:00,18.459883,73.852193,PM2.5,3,217,90
India,Maharashtra,Pune,"Hadapsar, Pune - IITM",7/12/2025 11:00,18.501793,73.927532,PM10,147,390,205
India,Maharashtra,Mumbai,"Shivaji Nagar, Mumbai - BMC",7/12/2025 11:00,19.060498,72.923356,NH3,NA,NA,NA
India,Maharashtra,Mumbai,"Shivaji Nagar, Mumbai - BMC",7/12/2025 11:00,19.060498,72.923356,CO,NA,NA,NA
India,Maharashtra,Mumbai,"Sion, Mumbai - MPCB",7/12/2025 11:00,19.047,72.8746,SO2,17,17,17
India,Maharashtra,Mumbai,"Vile Parle West, Mumbai - MPCB",7/12/2025 11:00,19.10861,72.83622,PM2.5,62,111,78
India,Maharashtra,Pune,"Katraj Dairy, Pune - MPCB",7/12/2025 11:00,18.45445,73.854155,SO2,2,5,4
India,Maharashtra,Pune,"Revenue Colony-Shivajinagar, Pune - IITM",7/12/2025 11:00,18.530085,73.849598,PM10,140,353,234
India,Maharashtra,Pune,"Revenue Colony-Shivajinagar, Pune - IITM",7/12/2025 11:00,18.530085,73.849598,SO2,3,33,15
India,Odisha,Talcher,"Talcher Coalfields,Talcher - OSPCB",7/12/2025 11:00,20.9360711,85.1707021,NH3,5,7,6
India,Odisha,Talcher,"Talcher Coalfields,Talcher - OSPCB",7/12/2025 11:00,20.9360711,85.1707021,SO2,48,105,71
India,Odisha,Tensa,"Barsua Iron Ore Mines, Tensa - OSPCB",7/12/2025 11:00,21.869985,85.167016,SO2,17,33,22
India,Puducherry,Puducherry,"Jawahar Nagar, Puducherry - PPCC",7/12/2025 11:00,11.9309,79.8027,CO,24,40,28
India,Punjab,Amritsar,"Golden Temple, Amritsar - PPCB",7/12/2025 11:00,31.62,74.876512,PM2.5,36,244,108
India,Punjab,Amritsar,"Golden Temple, Amritsar - PPCB",7/12/2025 11:00,31.62,74.876512,NH3,5,6,6
India,Punjab,Amritsar,"Golden Temple, Amritsar - PPCB",7/12/2025 11:00,31.62,74.876512,SO2,16,38,20
India,Odisha,Rairangpur,"Divisional Forest Office, Rairangpur - OSPCB",7/12/2025 11:00,22.265816,86.174829,PM2.5,17,44,26
India,Odisha,Rairangpur,"Divisional Forest Office, Rairangpur - OSPCB",7/12/2025 11:00,22.265816,86.174829,SO2,1,39,11
India,Odisha,Rourkela,"Fertilizer Township, Rourkela - OSPCB",7/12/2025 11:00,22.18972222,84.86277778,NO2,11,11,11
India,Odisha,Rourkela,"Raghunathpali, Rourkela - OSPCB",7/12/2025 11:00,22.220833,84.809444,PM10,69,193,114
India,Odisha,Rourkela,"Sector-2, Rourkela - OSPCB",7/12/2025 11:00,22.245,84.88111111,PM10,62,121,78
India,Odisha,Suakati,"OMC Colony, Suakati - OSPCB",7/12/2025 11:00,21.606865,85.510538,PM10,33,93,62
India,Odisha,Bhubaneswar,"Lingraj Mandir, Bhubaneswar - OSPCB",7/12/2025 11:00,20.24079,85.836784,PM2.5,87,352,226
India,Odisha,Bhubaneswar,"Lingraj Mandir, Bhubaneswar - OSPCB",7/12/2025 11:00,20.24079,85.836784,NO2,20,153,76
India,Odisha,Bhubaneswar,"Lingraj Mandir, Bhubaneswar - OSPCB",7/12/2025 11:00,20.24079,85.836784,OZONE,3,303,154
India,Odisha,Bhubaneswar,"Patia, Bhubaneswar - OSPCB",7/12/2025 11:00,20.34652,85.8163,NO2,17,115,50
India,Odisha,Bhubaneswar,"Patia, Bhubaneswar - OSPCB",7/12/2025 11:00,20.34652,85.8163,OZONE,3,157,38
India,Odisha,Brajrajnagar,"GM Office, Brajrajnagar - OSPCB",7/12/2025 11:00,21.8004996,83.8396977,PM2.5,34,255,83
India,Odisha,Brajrajnagar,"GM Office, Brajrajnagar - OSPCB",7/12/2025 11:00,21.8004996,83.8396977,SO2,17,20,18
India,Punjab,Bathinda,"Hardev Nagar, Bathinda - PPCB",7/12/2025 11:00,30.233011,74.907758,NO2,9,22,12
India,Punjab,Khanna,"Kalal Majra, Khanna - PPCB",7/12/2025 11:00,30.736056,76.209694,NH3,7,8,7
India,Punjab,Khanna,"Kalal Majra, Khanna - PPCB",7/12/2025 11:00,30.736056,76.209694,CO,24,64,50
India,Punjab,Ludhiana,"Punjab Agricultural University, Ludhiana - PPCB",7/12/2025 11:00,30.9028,75.8086,PM10,108,141,124
India,Punjab,Mandi Gobindgarh,"RIMT University, Mandi Gobindgarh - PPCB",7/12/2025 11:00,30.649961,76.331442,PM2.5,231,356,302
India,Maharashtra,Thane,"Kasarvadavali, Thane - MPCB",7/12/2025 11:00,19.26777,72.97182,CO,11,47,25
India,Maharashtra,Ulhasnagar,"Sidhi Vinayak Nagar, Ulhasnagar - MPCB",7/12/2025 11:00,19.235581,73.159121,PM10,104,197,140
India,Maharashtra,Ulhasnagar,"Sidhi Vinayak Nagar, Ulhasnagar - MPCB",7/12/2025 11:00,19.235581,73.159121,NO2,12,21,14
India,Maharashtra,Ulhasnagar,"Sidhi Vinayak Nagar, Ulhasnagar - MPCB",7/12/2025 11:00,19.235581,73.159121,CO,16,78,20
India,Maharashtra,Ulhasnagar,"Sidhi Vinayak Nagar, Ulhasnagar - MPCB",7/12/2025 11:00,19.235581,73.159121,OZONE,16,77,22
India,Maharashtra,Sangli,"Vijay Nagar, Sangli - MPCB",7/12/2025 11:00,16.5038,74.3623,NH3,1,5,3
India,Maharashtra,Sangli,"Vijay Nagar, Sangli - MPCB",7/12/2025 11:00,16.5038,74.3623,SO2,5,22,13
India,Maharashtra,Sangli,"Vijay Nagar, Sangli - MPCB",7/12/2025 11:00,16.5038,74.3623,CO,33,56,41
India,Maharashtra,Solapur,"Ratandeep Housing Society, Solapur - MPCB",7/12/2025 11:00,17.65439,75.90649,SO2,7,35,17
India,Maharashtra,Solapur,"Ratandeep Housing Society, Solapur - MPCB",7/12/2025 11:00,17.65439,75.90649,CO,26,113,34
India,Odisha,Byasanagar,"Ferro Chrome Colony, Byasanagar - OSPCB",7/12/2025 11:00,20.94185,86.1151,PM2.5,73,326,151
India,Odisha,Cuttack,"CDA Area, Cuttack - OSPCB",7/12/2025 11:00,20.48891,85.84768,CO,8,128,63
India,Odisha,Cuttack,"CDA Area, Cuttack - OSPCB",7/12/2025 11:00,20.48891,85.84768,OZONE,NA,NA,NA
India,Nagaland,Kohima,"PWD Junction, Kohima - NPCB",7/12/2025 11:00,25.6635413,94.0989878,NH3,1,1,1
India,Odisha,Angul,"Hakimapada, Angul - OSPCB",7/12/2025 11:00,20.832874,85.104082,PM2.5,83,308,148
India,Meghalaya,Shillong,"JN Stadium, Shillong - Meghalaya PCB",7/12/2025 11:00,25.5803419,91.8942571,NH3,9,15,12
India,Mizoram,Aizawl,"Sikulpuikawn, Aizawl - Mizoram PCB",7/12/2025 11:00,23.7176342,92.7192841,OZONE,1,2,1
India,Rajasthan,Chittorgarh,"Shastri Nagar, Chittorgarh - RSPCB",7/12/2025 11:00,24.892047,74.623527,OZONE,1,103,10
India,Rajasthan,Dausa,"Khatikan Mohalla, Dausa - RSPCB",7/12/2025 11:00,26.895552,76.334753,PM2.5,50,240,103
India,Rajasthan,Dausa,"Khatikan Mohalla, Dausa - RSPCB",7/12/2025 11:00,26.895552,76.334753,PM10,58,145,91
India,Rajasthan,Dausa,"Khatikan Mohalla, Dausa - RSPCB",7/12/2025 11:00,26.895552,76.334753,NO2,31,131,64
India,Rajasthan,Dausa,"Khatikan Mohalla, Dausa - RSPCB",7/12/2025 11:00,26.895552,76.334753,SO2,5,16,10
India,Rajasthan,Dungarpur,"Bhoiwada, Dungarpur - RSPCB",7/12/2025 11:00,23.837789,73.714926,PM10,85,206,121
India,Rajasthan,Bikaner,"MM Ground, Bikaner - RSPCB",7/12/2025 11:00,28.018792,73.292658,CO,32,142,80
India,Rajasthan,Bundi,"New Colony, Bundi - RSPCB",7/12/2025 11:00,25.435774,75.644272,PM2.5,62,117,91
India,Rajasthan,Bundi,"New Colony, Bundi - RSPCB",7/12/2025 11:00,25.435774,75.644272,PM10,83,272,120
India,Rajasthan,Bundi,"New Colony, Bundi - RSPCB",7/12/2025 11:00,25.435774,75.644272,SO2,3,8,5
India,Rajasthan,Chittorgarh,"Shastri Nagar, Chittorgarh - RSPCB",7/12/2025 11:00,24.892047,74.623527,PM10,65,329,136
India,Rajasthan,Ajmer,"Civil Lines,  Ajmer - RSPCB",7/12/2025 11:00,26.470859,74.646594,OZONE,2,7,4
India,Rajasthan,Alwar,"Moti Doongri, Alwar - RSPCB",7/12/2025 11:00,27.554793,76.611536,NH3,11,19,15
India,Rajasthan,Alwar,"Moti Doongri, Alwar - RSPCB",7/12/2025 11:00,27.554793,76.611536,CO,3,90,58
India,Rajasthan,Alwar,"Moti Doongri, Alwar - RSPCB",7/12/2025 11:00,27.554793,76.611536,OZONE,2,163,20
India,Rajasthan,Banswara,"Rati Talai, Banswara - RSPCB",7/12/2025 11:00,23.55519,74.44001,PM2.5,50,106,72
India,Rajasthan,Bhiwadi,"RIICO Ind. Area III, Bhiwadi - RSPCB",7/12/2025 11:00,28.194909,76.862296,PM10,121,202,151
India,Rajasthan,Bhiwadi,"RIICO Ind. Area III, Bhiwadi - RSPCB",7/12/2025 11:00,28.194909,76.862296,CO,28,68,50
India,Rajasthan,Bhiwadi,"Vasundhara Nagar_UIT, Bhiwadi - RSPCB",7/12/2025 11:00,28.207266,76.829265,OZONE,4,148,48
India,Punjab,Mandi Gobindgarh,"RIMT University, Mandi Gobindgarh - PPCB",7/12/2025 11:00,30.649961,76.331442,CO,46,108,80
India,Punjab,Mandi Gobindgarh,"RIMT University, Mandi Gobindgarh - PPCB",7/12/2025 11:00,30.649961,76.331442,OZONE,33,36,35
India,Punjab,Patiala,"Model Town, Patiala - PPCB",7/12/2025 11:00,30.349388,76.366642,PM2.5,66,101,79
India,Rajasthan,Jaipur,"Police Commissionerate, Jaipur - RSPCB",7/12/2025 11:00,26.9164092,75.7994901,NO2,66,168,115
India,Rajasthan,Jaipur,"Police Commissionerate, Jaipur - RSPCB",7/12/2025 11:00,26.9164092,75.7994901,NH3,5,115,37
India,Rajasthan,Jaipur,"Shastri Nagar, Jaipur - RSPCB",7/12/2025 11:00,26.9502929,75.730943,CO,6,75,9
India,Rajasthan,Banswara,"Rati Talai, Banswara - RSPCB",7/12/2025 11:00,23.55519,74.44001,PM10,73,133,101
India,Rajasthan,Baran,"Bamboliya, Baran - RSPCB",7/12/2025 11:00,25.106006,76.469948,NO2,18,81,47
India,Rajasthan,Baran,"Bamboliya, Baran - RSPCB",7/12/2025 11:00,25.106006,76.469948,SO2,4,10,6
India,Rajasthan,Hanumangarh,"Housing Board, Hanumangarh - RSPCB",7/12/2025 11:00,29.61075,74.283608,OZONE,8,94,24
India,Rajasthan,Jaipur,"Mansarovar Sector-12, Jaipur - RSPCB",7/12/2025 11:00,26.843698,75.766894,PM10,128,403,212
India,Rajasthan,Bhilwara,"Pratap Nagar, Bhilwara - RSPCB",7/12/2025 11:00,25.339605,74.618883,PM10,56,169,121
India,Rajasthan,Bhilwara,"Pratap Nagar, Bhilwara - RSPCB",7/12/2025 11:00,25.339605,74.618883,NO2,18,90,49
India,Rajasthan,Pratapgarh,"Pragati Nagar, Pratapgarh - RSPCB",7/12/2025 11:00,24.041198,74.780702,NH3,4,13,6
India,Rajasthan,Rajsamand,"Dhoinda, Rajsamand - RSPCB",7/12/2025 11:00,25.03636,73.883502,SO2,3,34,12
India,Rajasthan,Sawai Madhopur,"Sahu Nagar, Sawai Madhopur - RSPCB",7/12/2025 11:00,26.031443,76.359327,NO2,11,57,28
India,Rajasthan,Sikar,"Radhakishan Pura, Sikar - RSPCB",7/12/2025 11:00,27.608912,75.153302,CO,28,138,67
India,Rajasthan,Sirohi,"Vedhaynath Colony, Sirohi - RSPCB",7/12/2025 11:00,24.885261,72.857549,PM2.5,27,143,68
India,Rajasthan,Sirohi,"Vedhaynath Colony, Sirohi - RSPCB",7/12/2025 11:00,24.885261,72.857549,PM10,56,177,94
India,Rajasthan,Sirohi,"Vedhaynath Colony, Sirohi - RSPCB",7/12/2025 11:00,24.885261,72.857549,NH3,1,4,3
India,TamilNadu,Chennai,"Velachery Res. Area, Chennai - CPCB",7/12/2025 11:00,13.0052189,80.2398125,PM2.5,37,61,47
India,TamilNadu,Chennai,"Velachery Res. Area, Chennai - CPCB",7/12/2025 11:00,13.0052189,80.2398125,NO2,13,16,14
India,TamilNadu,Chennai,"Velachery Res. Area, Chennai - CPCB",7/12/2025 11:00,13.0052189,80.2398125,OZONE,5,9,6
India,TamilNadu,Coimbatore,"PSG College of Arts and Science, Coimbatore - TNPCB",7/12/2025 11:00,11.0328,77.0349,NH3,1,1,1
India,TamilNadu,Coimbatore,"PSG College of Arts and Science, Coimbatore - TNPCB",7/12/2025 11:00,11.0328,77.0349,OZONE,3,6,4
India,TamilNadu,Coimbatore,"SIDCO Kurichi, Coimbatore - TNPCB",7/12/2025 11:00,10.942451,76.978996,PM2.5,80,258,174
India,TamilNadu,Cuddalore,"Kudikadu, Cuddalore - TNPCB",7/12/2025 11:00,11.6829898,79.7532099,NH3,5,5,5
India,Rajasthan,Kota,"Nayapura, Kota - RSPCB",7/12/2025 11:00,25.196024,75.855668,SO2,1,15,4
India,Rajasthan,Kota,"Nayapura, Kota - RSPCB",7/12/2025 11:00,25.196024,75.855668,CO,4,115,37
India,Rajasthan,Kota,"Nayapura, Kota - RSPCB",7/12/2025 11:00,25.196024,75.855668,OZONE,6,176,33
India,Rajasthan,Kota,"Shrinath Puram, Kota - RSPCB",7/12/2025 11:00,25.14389,75.821256,CO,16,123,55
India,Rajasthan,Kota,"Shrinath Puram, Kota - RSPCB",7/12/2025 11:00,25.14389,75.821256,OZONE,7,20,11
India,Rajasthan,Nagaur,"Karni Colony, Nagaur - RSPCB",7/12/2025 11:00,27.213494,73.734444,OZONE,14,88,44
India,Rajasthan,Pali,"Indira Colony Vistar, Pali - RSPCB",7/12/2025 11:00,25.771061,73.340227,NH3,5,15,9
India,Rajasthan,Pali,"Indira Colony Vistar, Pali - RSPCB",7/12/2025 11:00,25.771061,73.340227,CO,4,59,34
India,TamilNadu,Cuddalore,"Semmandalam, Cuddalore - TNPCB",7/12/2025 11:00,11.7637683,79.7499835,PM2.5,92,213,153
India,TamilNadu,Dindigul,"Mendonsa Colony, Dindigul - TNPCB",7/12/2025 11:00,10.358535,77.984321,PM10,59,83,69
India,TamilNadu,Gummidipoondi,"Anthoni Pillai Nagar, Gummidipoondi - TNPCB",7/12/2025 11:00,13.4127,80.1081,NH3,3,3,3
India,TamilNadu,Karur,"Kamadenu Nagar, Karur - TNPCB",7/12/2025 11:00,10.96782,78.080882,NO2,5,6,6
India,TamilNadu,Nagapattinam,"Velippalayam, Nagapattinam - TNPCB",7/12/2025 11:00,10.798548,79.838212,PM2.5,44,98,70
India,TamilNadu,Nagapattinam,"Velippalayam, Nagapattinam - TNPCB",7/12/2025 11:00,10.798548,79.838212,NO2,6,7,6
India,Rajasthan,Jodhpur,"Collectorate, Jodhpur - RSPCB",7/12/2025 11:00,26.268249,73.0193853,NH3,4,14,8
India,Rajasthan,Jodhpur,"Collectorate, Jodhpur - RSPCB",7/12/2025 11:00,26.268249,73.0193853,CO,5,65,36
India,Rajasthan,Jodhpur,"Digari Kalan, Jodhpur - RSPCB",7/12/2025 11:00,26.29581,73.082283,PM2.5,20,88,57
India,Rajasthan,Jodhpur,"Digari Kalan, Jodhpur - RSPCB",7/12/2025 11:00,26.29581,73.082283,NO2,9,99,36
India,Rajasthan,Jodhpur,"Digari Kalan, Jodhpur - RSPCB",7/12/2025 11:00,26.29581,73.082283,NH3,4,9,6
India,Rajasthan,Jodhpur,"Digari Kalan, Jodhpur - RSPCB",7/12/2025 11:00,26.29581,73.082283,SO2,5,15,8
India,Rajasthan,Jodhpur,"Jhalamand, Jodhpur - RSPCB",7/12/2025 11:00,26.215415,73.070156,PM2.5,25,173,100
India,Rajasthan,Jodhpur,"Mandor, Jodhpur - RSPCB",7/12/2025 11:00,26.358805,73.047444,NO2,9,72,26
India,Rajasthan,Tonk,"Shastri Nagar, Tonk - RSPCB",7/12/2025 11:00,26.159933,75.780517,PM2.5,78,491,213
India,Rajasthan,Tonk,"Shastri Nagar, Tonk - RSPCB",7/12/2025 11:00,26.159933,75.780517,CO,16,139,28
India,Rajasthan,Udaipur,"Ashok Nagar, Udaipur - RSPCB",7/12/2025 11:00,24.5886166,73.6321397,NH3,3,23,10
India,Sikkim,Gangtok,"Zero Point GICI, Gangtok - SSPCB",7/12/2025 11:00,27.33853,88.614099,NO2,6,7,6
India,Sikkim,Gangtok,"Zero Point GICI, Gangtok - SSPCB",7/12/2025 11:00,27.33853,88.614099,CO,2,17,5
India,Rajasthan,Jodhpur,"Samrat Ashok Udhyan, Jodhpur - RSPCB",7/12/2025 11:00,26.253384,72.976571,OZONE,2,184,102
India,Rajasthan,Karauli,"Satyawati Vihar, Karauli - RSPCB",7/12/2025 11:00,26.506177,77.025989,PM2.5,54,216,102
India,Rajasthan,Karauli,"Satyawati Vihar, Karauli - RSPCB",7/12/2025 11:00,26.506177,77.025989,PM10,59,142,92
India,Rajasthan,Karauli,"Satyawati Vihar, Karauli - RSPCB",7/12/2025 11:00,26.506177,77.025989,CO,21,70,55
India,TamilNadu,Chennai,"Arumbakkam, Chennai - TNPCB",7/12/2025 11:00,13.0664,80.2112,PM2.5,NA,NA,NA
India,TamilNadu,Chennai,"Arumbakkam, Chennai - TNPCB",7/12/2025 11:00,13.0664,80.2112,NH3,NA,NA,NA
India,TamilNadu,Chennai,"Manali, Chennai - CPCB",7/12/2025 11:00,13.164544,80.26285,PM2.5,18,50,32
India,Rajasthan,Jhunjhunu,"Indra Nagar, Jhunjhunu - RSPCB",7/12/2025 11:00,28.108988,75.386577,PM10,83,270,142
India,Rajasthan,Jhunjhunu,"Indra Nagar, Jhunjhunu - RSPCB",7/12/2025 11:00,28.108988,75.386577,CO,20,61,49
India,TamilNadu,Nagapattinam,"Velippalayam, Nagapattinam - TNPCB",7/12/2025 11:00,10.798548,79.838212,OZONE,NA,NA,NA
India,TamilNadu,Perundurai,"SIPCOT Industrial Park, Perundurai - TNPCB",7/12/2025 11:00,11.258242,77.552761,SO2,12,13,13
India,TamilNadu,Perundurai,"SIPCOT Industrial Park, Perundurai - TNPCB",7/12/2025 11:00,11.258242,77.552761,OZONE,16,16,16
India,TamilNadu,Pudukottai,"SIPCOT Nathampannai, Pudukottai - TNPCB",7/12/2025 11:00,10.423417,78.784889,NO2,2,6,3
India,TamilNadu,Ramanathapuram,"Chalai Bazaar, Ramanathapuram - TNPCB",7/12/2025 11:00,9.36399,78.831977,NO2,2,5,4
India,TamilNadu,Ramanathapuram,"Chalai Bazaar, Ramanathapuram - TNPCB",7/12/2025 11:00,9.36399,78.831977,CO,14,20,18
India,TamilNadu,Thanjavur,"Parisutham Nagar, Thanjavur - TNPCB",7/12/2025 11:00,10.7654824,79.1389968,PM2.5,50,78,64
India,Uttar_Pradesh,Agra,"Rohta, Agra - UPPCB",7/12/2025 11:00,27.106972,78.000111,NH3,6,7,6
India,Uttar_Pradesh,Agra,"Rohta, Agra - UPPCB",7/12/2025 11:00,27.106972,78.000111,SO2,8,16,12
India,Uttar_Pradesh,Agra,"Rohta, Agra - UPPCB",7/12/2025 11:00,27.106972,78.000111,CO,14,29,23
India,Uttar_Pradesh,Agra,"Sanjay Palace, Agra - UPPCB",7/12/2025 11:00,27.19865833,78.00598056,PM2.5,44,329,128
India,Uttar_Pradesh,Agra,"Sanjay Palace, Agra - UPPCB",7/12/2025 11:00,27.19865833,78.00598056,PM10,58,200,98
India,Uttar_Pradesh,Agra,"Sanjay Palace, Agra - UPPCB",7/12/2025 11:00,27.19865833,78.00598056,NO2,5,18,10
India,Uttar_Pradesh,Agra,"Sanjay Palace, Agra - UPPCB",7/12/2025 11:00,27.19865833,78.00598056,CO,32,37,34
India,Uttar_Pradesh,Agra,"Sector-3B Avas Vikas Colony, Agra - UPPCB",7/12/2025 11:00,27.19412,77.96237,NO2,39,40,39
India,Uttar_Pradesh,Agra,"Shastripuram, Agra - UPPCB",7/12/2025 11:00,27.19862,77.92066,PM10,111,162,137
India,Telangana,Hyderabad,"Nacharam_TSIIC IALA, Hyderabad - TSPCB",7/12/2025 11:00,17.429398,78.569354,CO,26,44,37
India,Telangana,Hyderabad,"New Malakpet, Hyderabad - TSPCB",7/12/2025 11:00,17.37206,78.50864,PM10,NA,NA,NA
India,Telangana,Hyderabad,"New Malakpet, Hyderabad - TSPCB",7/12/2025 11:00,17.37206,78.50864,CO,24,42,26
India,Telangana,Hyderabad,"New Malakpet, Hyderabad - TSPCB",7/12/2025 11:00,17.37206,78.50864,OZONE,11,56,21
India,Telangana,Hyderabad,"Ramachandrapuram, Hyderabad - TSPCB",7/12/2025 11:00,17.528544,78.286195,PM10,64,76,68
India,Telangana,Hyderabad,"Sanathnagar, Hyderabad - TSPCB",7/12/2025 11:00,17.4559458,78.4332152,SO2,10,16,13
India,Telangana,Hyderabad,"Somajiguda, Hyderabad - TSPCB",7/12/2025 11:00,17.417094,78.457437,CO,21,41,30
India,Uttar_Pradesh,Firozabad,"Nagla Bhau, Firozabad - UPPCB",7/12/2025 11:00,27.168897,78.37696,PM2.5,37,94,64
India,Uttar_Pradesh,Firozabad,"Vibhab Nagar, Firozabad - UPPCB",7/12/2025 11:00,27.1594,78.3953,PM2.5,75,235,139
India,Uttar_Pradesh,Firozabad,"Vibhab Nagar, Firozabad - UPPCB",7/12/2025 11:00,27.1594,78.3953,PM10,59,120,90
India,Uttar_Pradesh,Firozabad,"Vibhab Nagar, Firozabad - UPPCB",7/12/2025 11:00,27.1594,78.3953,SO2,31,49,38
India,Uttar_Pradesh,Firozabad,"Vibhab Nagar, Firozabad - UPPCB",7/12/2025 11:00,27.1594,78.3953,CO,10,21,16
India,Uttar_Pradesh,Ghaziabad,"Indirapuram, Ghaziabad - UPPCB",7/12/2025 11:00,28.646233,77.358075,NO2,28,99,52
India,Uttar_Pradesh,Ghaziabad,"Loni, Ghaziabad - UPPCB",7/12/2025 11:00,28.757294,77.278792,CO,48,108,68
India,Telangana,Hyderabad,"Zoo Park, Hyderabad - TSPCB",7/12/2025 11:00,17.349694,78.451437,PM2.5,77,180,115
India,Telangana,Hyderabad,"Zoo Park, Hyderabad - TSPCB",7/12/2025 11:00,17.349694,78.451437,NH3,3,5,3
India,Uttar_Pradesh,Agra,"Manoharpur, Agra - UPPCB",7/12/2025 11:00,27.23711,78.01936,PM2.5,58,140,87
India,Uttar_Pradesh,Agra,"Manoharpur, Agra - UPPCB",7/12/2025 11:00,27.23711,78.01936,NO2,29,30,30
India,Uttar_Pradesh,Agra,"Manoharpur, Agra - UPPCB",7/12/2025 11:00,27.23711,78.01936,NH3,2,2,2
India,Uttar_Pradesh,Agra,"Manoharpur, Agra - UPPCB",7/12/2025 11:00,27.23711,78.01936,CO,20,24,22
India,Uttar_Pradesh,Agra,"Manoharpur, Agra - UPPCB",7/12/2025 11:00,27.23711,78.01936,OZONE,7,7,7
India,TamilNadu,Thanjavur,"Parisutham Nagar, Thanjavur - TNPCB",7/12/2025 11:00,10.7654824,79.1389968,SO2,16,17,17
India,TamilNadu,Tirunelveli,"Municipal Corporation Office, Tirunelveli - TNPCB",7/12/2025 11:00,8.728442,77.6962,CO,20,20,20
India,TamilNadu,Tirunelveli,"Municipal Corporation Office, Tirunelveli - TNPCB",7/12/2025 11:00,8.728442,77.6962,OZONE,6,7,6
India,TamilNadu,Virudhunagar,"Collectorate Office, Virudhunagar - TNPCB",7/12/2025 11:00,9.559382,77.948828,NH3,23,39,29
India,Telangana,Hyderabad,"Bollaram Industrial Area, Hyderabad - TSPCB",7/12/2025 11:00,17.540891,78.358528,CO,8,43,35
India,Telangana,Hyderabad,"Central University, Hyderabad - TSPCB",7/12/2025 11:00,17.460103,78.334361,PM10,102,148,124
India,Telangana,Hyderabad,"ECIL Kapra, Hyderabad - TSPCB",7/12/2025 11:00,17.470431,78.566959,NO2,9,10,9
India,Telangana,Hyderabad,"ICRISAT Patancheru, Hyderabad - TSPCB",7/12/2025 11:00,17.5184,78.278777,PM2.5,93,189,147
India,Telangana,Hyderabad,"ICRISAT Patancheru, Hyderabad - TSPCB",7/12/2025 11:00,17.5184,78.278777,NH3,2,4,3
India,Telangana,Hyderabad,"ICRISAT Patancheru, Hyderabad - TSPCB",7/12/2025 11:00,17.5184,78.278777,OZONE,11,74,38
India,Telangana,Hyderabad,"Kokapet, Hyderabad - TSPCB",7/12/2025 11:00,17.393559,78.339194,PM2.5,45,71,53
India,Uttar_Pradesh,Baghpat,"Sardar Patel Inter College, Baghpat - UPPCB",7/12/2025 11:00,28.964949,77.278761,OZONE,22,93,33
India,Uttar_Pradesh,Bareilly,"Rajendra Nagar, Bareilly - UPPCB",7/12/2025 11:00,28.38910936,79.42963708,NO2,9,10,9
India,Uttar_Pradesh,Greater Noida,"Knowledge Park - V, Greater Noida - UPPCB",7/12/2025 11:00,28.557054,77.453663,NO2,109,194,148
India,Uttar_Pradesh,Greater Noida,"Knowledge Park - V, Greater Noida - UPPCB",7/12/2025 11:00,28.557054,77.453663,NH3,17,28,24
India,Uttar_Pradesh,Greater Noida,"Knowledge Park - V, Greater Noida - UPPCB",7/12/2025 11:00,28.557054,77.453663,OZONE,11,163,35
India,Uttar_Pradesh,Hapur,"Anand Vihar, Hapur - UPPCB",7/12/2025 11:00,28.725645,77.749675,NO2,14,82,35
India,Uttar_Pradesh,Hapur,"Anand Vihar, Hapur - UPPCB",7/12/2025 11:00,28.725645,77.749675,NH3,6,43,11
India,Uttar_Pradesh,Hapur,"Anand Vihar, Hapur - UPPCB",7/12/2025 11:00,28.725645,77.749675,OZONE,13,41,18
India,Uttar_Pradesh,Jhansi,"Shivaji Nagar, Jhansi - UPPCB",7/12/2025 11:00,25.4547,78.6039,PM10,31,79,47
India,Uttar_Pradesh,Jhansi,"Shivaji Nagar, Jhansi - UPPCB",7/12/2025 11:00,25.4547,78.6039,NH3,4,4,4
India,Uttar_Pradesh,Jhansi,"Shivaji Nagar, Jhansi - UPPCB",7/12/2025 11:00,25.4547,78.6039,OZONE,1,13,1
India,Uttar_Pradesh,Kanpur,"FTI Kidwai Nagar, Kanpur - UPPCB",7/12/2025 11:00,26.428282,80.327067,SO2,14,19,16
India,Uttar_Pradesh,Lucknow,"Lalbagh, Lucknow - CPCB",7/12/2025 11:00,26.8458805,80.9365541,OZONE,32,68,60
India,Uttar_Pradesh,Lucknow,"Talkatora District Industries Center, Lucknow - CPCB",7/12/2025 11:00,26.83399722,80.8917361,PM2.5,151,407,269
India,Uttar_Pradesh,Lucknow,"Talkatora District Industries Center, Lucknow - CPCB",7/12/2025 11:00,26.83399722,80.8917361,PM10,133,308,179
India,Uttar_Pradesh,Meerut,"Ganga Nagar, Meerut - UPPCB",7/12/2025 11:00,28.999264,77.7590354,SO2,25,40,30
India,Uttar_Pradesh,Meerut,"Jai Bhim Nagar, Meerut - UPPCB",7/12/2025 11:00,28.9535882,77.7622941,NH3,23,34,28
India,Uttar_Pradesh,Meerut,"Pallavpuram Phase 2, Meerut - UPPCB",7/12/2025 11:00,29.06351,77.709723,PM2.5,137,386,310
India,Uttar_Pradesh,Meerut,"Pallavpuram Phase 2, Meerut - UPPCB",7/12/2025 11:00,29.06351,77.709723,NO2,15,40,25
India,Uttar_Pradesh,Meerut,"Pallavpuram Phase 2, Meerut - UPPCB",7/12/2025 11:00,29.06351,77.709723,SO2,10,27,16
India,Uttar_Pradesh,Noida,"Sector - 125, Noida - UPPCB",7/12/2025 11:00,28.5447608,77.3231257,NH3,3,4,3
India,Uttar_Pradesh,Noida,"Sector - 125, Noida - UPPCB",7/12/2025 11:00,28.5447608,77.3231257,SO2,9,21,15
India,Uttar_Pradesh,Noida,"Sector - 125, Noida - UPPCB",7/12/2025 11:00,28.5447608,77.3231257,OZONE,9,123,19
India,Uttar_Pradesh,Noida,"Sector - 62, Noida - IMD",7/12/2025 11:00,28.6245479,77.3577104,NO2,33,52,39
India,Uttar_Pradesh,Noida,"Sector-116, Noida - UPPCB",7/12/2025 11:00,28.56923,77.393848,PM2.5,237,363,326
India,Uttar_Pradesh,Noida,"Sector-116, Noida - UPPCB",7/12/2025 11:00,28.56923,77.393848,PM10,186,302,234
India,Uttar_Pradesh,Prayagraj,"Jhunsi, Prayagraj - UPPCB",7/12/2025 11:00,25.425602,81.917152,PM10,76,237,145
India,Uttar_Pradesh,Prayagraj,"Jhunsi, Prayagraj - UPPCB",7/12/2025 11:00,25.425602,81.917152,NO2,6,6,6
India,Uttar_Pradesh,Moradabad,"Buddhi Vihar, Moradabad - UPPCB",7/12/2025 11:00,28.83526,78.7446,NH3,5,5,5
India,Uttar_Pradesh,Moradabad,"Buddhi Vihar, Moradabad - UPPCB",7/12/2025 11:00,28.83526,78.7446,CO,47,96,50
India,Uttar_Pradesh,Moradabad,"Eco Herbal Park, Moradabad - UPPCB",7/12/2025 11:00,28.840739,78.697531,OZONE,9,89,21
India,Uttar_Pradesh,Moradabad,"Employment Office, Moradabad - UPPCB",7/12/2025 11:00,28.88528,78.7388,PM10,106,194,135
India,Uttar_Pradesh,Moradabad,"Employment Office, Moradabad - UPPCB",7/12/2025 11:00,28.88528,78.7388,CO,1,57,41
India,Uttar_Pradesh,Moradabad,"Jigar Colony, Moradabad - UPPCB",7/12/2025 11:00,28.856664,78.772638,PM2.5,102,315,180
India,Uttar_Pradesh,Lucknow,"Gomti Nagar, Lucknow - UPPCB",7/12/2025 11:00,26.86812,81.005119,SO2,8,13,10
India,Uttar_Pradesh,Lucknow,"Kendriya Vidyalaya, Lucknow - CPCB",7/12/2025 11:00,26.906111,80.948222,PM10,101,447,156
India,Uttar_Pradesh,Lucknow,"Kendriya Vidyalaya, Lucknow - CPCB",7/12/2025 11:00,26.906111,80.948222,CO,22,113,47
India,Uttar_Pradesh,Lucknow,"Kukrail Picnic Spot-1, Lucknow - UPPCB",7/12/2025 11:00,26.90723,80.98579,NO2,31,32,32
India,Uttar_Pradesh,Lucknow,"Kukrail Picnic Spot-1, Lucknow - UPPCB",7/12/2025 11:00,26.90723,80.98579,SO2,50,60,52
India,Uttar_Pradesh,Lucknow,"Lalbagh, Lucknow - CPCB",7/12/2025 11:00,26.8458805,80.9365541,PM10,86,181,137
India,Uttar_Pradesh,Moradabad,"Transport Nagar, Moradabad - UPPCB",7/12/2025 11:00,28.802625,78.753728,CO,3,30,6
India,Uttar_Pradesh,Muzaffarnagar,"New Mandi, Muzaffarnagar - UPPCB",7/12/2025 11:00,29.4723508,77.7194031,NO2,57,134,76
India,Uttar_Pradesh,Muzaffarnagar,"New Mandi, Muzaffarnagar - UPPCB",7/12/2025 11:00,29.4723508,77.7194031,NH3,15,22,18
India,Uttar_Pradesh,Muzaffarnagar,"New Mandi, Muzaffarnagar - UPPCB",7/12/2025 11:00,29.4723508,77.7194031,OZONE,21,140,38
India,Uttar_Pradesh,Noida,"Sector - 125, Noida - UPPCB",7/12/2025 11:00,28.5447608,77.3231257,PM2.5,210,374,327
India,Uttar_Pradesh,Gorakhpur,"Madan Mohan Malaviya University of Technology, Gorakhpur - UPPCB",7/12/2025 11:00,26.730136,83.433859,SO2,32,35,34
India,Uttar_Pradesh,Greater Noida,"Knowledge Park - III, Greater Noida - UPPCB",7/12/2025 11:00,28.47272,77.482,PM2.5,100,318,244
India,Uttar_Pradesh,Greater Noida,"Knowledge Park - III, Greater Noida - UPPCB",7/12/2025 11:00,28.47272,77.482,NO2,28,107,66
India,Uttar_Pradesh,Greater Noida,"Knowledge Park - III, Greater Noida - UPPCB",7/12/2025 11:00,28.47272,77.482,CO,24,116,82
India,Uttar_Pradesh,Prayagraj,"Nagar Nigam, Prayagraj - UPPCB",7/12/2025 11:00,25.44919916,81.82735986,NO2,5,5,5
India,Uttar_Pradesh,Prayagraj,"Nagar Nigam, Prayagraj - UPPCB",7/12/2025 11:00,25.44919916,81.82735986,SO2,18,53,35
India,Uttar_Pradesh,Varanasi,"Ardhali Bazar, Varanasi - UPPCB",7/12/2025 11:00,25.3505986,82.9083074,PM2.5,43,141,82
India,Uttar_Pradesh,Kanpur,"NSI Kalyanpur, Kanpur - UPPCB",7/12/2025 11:00,26.509954,80.249612,SO2,17,70,25
India,Uttar_Pradesh,Kanpur,"NSI Kalyanpur, Kanpur - UPPCB",7/12/2025 11:00,26.509954,80.249612,CO,38,56,42
India,Uttar_Pradesh,Kanpur,"Nehru Nagar, Kanpur - UPPCB",7/12/2025 11:00,26.4703136,80.3229863,PM2.5,57,500,131
India,Uttar_Pradesh,Varanasi,"IESD Banaras Hindu University, Varanasi - UPPCB",7/12/2025 11:00,25.262326,82.995408,NH3,1,14,4
India,Uttar_Pradesh,Varanasi,"IESD Banaras Hindu University, Varanasi - UPPCB",7/12/2025 11:00,25.262326,82.995408,OZONE,13,45,23
India,Uttar_Pradesh,Vrindavan,"Omex Eternity, Vrindavan - UPPCB",7/12/2025 11:00,27.571409,77.655757,PM10,31,138,75
India,Uttar_Pradesh,Vrindavan,"Omex Eternity, Vrindavan - UPPCB",7/12/2025 11:00,27.571409,77.655757,NH3,1,4,3
India,Uttarakhand,Kashipur,"Govt. Girls Inter College, Kashipur - UKPCB",7/12/2025 11:00,29.2124114,78.9611753,PM10,112,207,141
India,West_Bengal,Asansol,"Asansol Court Area, Asansol - WBPCB",7/12/2025 11:00,23.685297,86.945968,PM2.5,87,280,190
India,West_Bengal,Asansol,"Asansol Court Area, Asansol - WBPCB",7/12/2025 11:00,23.685297,86.945968,CO,28,101,67
India,West_Bengal,Barrackpore,"SVSPA Campus, Barrackpore - WBPCB",7/12/2025 11:00,22.7605581,88.3617589,PM2.5,87,275,169
India,West_Bengal,Barrackpore,"SVSPA Campus, Barrackpore - WBPCB",7/12/2025 11:00,22.7605581,88.3617589,SO2,8,12,10
India,West_Bengal,Durgapur,"PCBL Residential Complex, Durgapur - WBPCB",7/12/2025 11:00,23.508764,87.35444,PM2.5,48,184,101
India,West_Bengal,Durgapur,"PCBL Residential Complex, Durgapur - WBPCB",7/12/2025 11:00,23.508764,87.35444,OZONE,14,33,21
India,West_Bengal,Durgapur,"Womens College_City Center, Durgapur - WBPCB (Formerly known as Sidhu Kanhu Indoor Stadium)",7/12/2025 11:00,23.549395,87.300496,PM2.5,70,245,126
India,West_Bengal,Haldia,"Priyambada Housing Estate, Haldia - WBPCB",7/12/2025 11:00,22.06047,88.109737,PM2.5,139,306,241
India,West_Bengal,Haldia,"Priyambada Housing Estate, Haldia - WBPCB",7/12/2025 11:00,22.06047,88.109737,SO2,14,24,17
India,West_Bengal,Haldia,"Priyambada Housing Estate, Haldia - WBPCB",7/12/2025 11:00,22.06047,88.109737,OZONE,19,26,21
India,West_Bengal,Howrah,"Belur Math, Howrah - WBPCB",7/12/2025 11:00,22.629801,88.352017,NO2,21,50,32
India,West_Bengal,Howrah,"Botanical Garden, Howrah - WBPCB",7/12/2025 11:00,22.554954,88.292568,OZONE,5,28,7
India,West_Bengal,Howrah,"Dasnagar, Howrah - WBPCB",7/12/2025 11:00,22.6025571,88.3105664,PM2.5,54,191,110
India,West_Bengal,Howrah,"Dasnagar, Howrah - WBPCB",7/12/2025 11:00,22.6025571,88.3105664,PM10,76,137,108
India,West_Bengal,Howrah,"Ghusuri, Howrah - WBPCB",7/12/2025 11:00,22.611968,88.347422,PM2.5,81,335,176
India,West_Bengal,Howrah,"Ghusuri, Howrah - WBPCB",7/12/2025 11:00,22.611968,88.347422,NO2,21,38,26
India,West_Bengal,Howrah,"Ghusuri, Howrah - WBPCB",7/12/2025 11:00,22.611968,88.347422,NH3,7,15,11
India,West_Bengal,Howrah,"Padmapukur, Howrah - WBPCB",7/12/2025 11:00,22.5687319,88.2797276,PM10,118,282,180
India,West_Bengal,Howrah,"Padmapukur, Howrah - WBPCB",7/12/2025 11:00,22.5687319,88.2797276,NH3,2,2,2
India,West_Bengal,Howrah,"Padmapukur, Howrah - WBPCB",7/12/2025 11:00,22.5687319,88.2797276,SO2,1,15,7
India,West_Bengal,Howrah,"Padmapukur, Howrah - WBPCB",7/12/2025 11:00,22.5687319,88.2797276,CO,4,56,25
India,West_Bengal,Kolkata,"Fort William, Kolkata - WBPCB",7/12/2025 11:00,22.55664,88.342674,NO2,16,21,18
India,West_Bengal,Kolkata,"Fort William, Kolkata - WBPCB",7/12/2025 11:00,22.55664,88.342674,NH3,9,10,10
India,West_Bengal,Kolkata,"Jadavpur, Kolkata - WBPCB",7/12/2025 11:00,22.49929,88.36917,PM2.5,139,361,263
India,West_Bengal,Kolkata,"Jadavpur, Kolkata - WBPCB",7/12/2025 11:00,22.49929,88.36917,OZONE,9,19,11
India,West_Bengal,Kolkata,"Rabindra Bharati University, Kolkata - WBPCB",7/12/2025 11:00,22.627847,88.380669,NH3,12,13,12
India,West_Bengal,Kolkata,"Rabindra Bharati University, Kolkata - WBPCB",7/12/2025 11:00,22.627847,88.380669,SO2,8,11,10
India,West_Bengal,Kolkata,"Rabindra Bharati University, Kolkata - WBPCB",7/12/2025 11:00,22.627847,88.380669,CO,40,109,53
India,West_Bengal,Kolkata,"Rabindra Sarobar, Kolkata - WBPCB",7/12/2025 11:00,22.51106,88.35142,PM10,107,166,130
India,West_Bengal,Kolkata,"Rabindra Sarobar, Kolkata - WBPCB",7/12/2025 11:00,22.51106,88.35142,CO,18,121,36
India,West_Bengal,Kolkata,"Rabindra Sarobar, Kolkata - WBPCB",7/12/2025 11:00,22.51106,88.35142,OZONE,2,100,28
India,West_Bengal,Kolkata,"Victoria, Kolkata - WBPCB",7/12/2025 11:00,22.5448082,88.3403691,NO2,12,25,18
India,West_Bengal,Kolkata,"Victoria, Kolkata - WBPCB",7/12/2025 11:00,22.5448082,88.3403691,SO2,3,30,14
